2024-10-06 16:47:27,524 [INFO] Activator:176 - 


2024-10-06 16:47:27,525 [INFO] Activator:177 - !SESSION log4j initialized
2024-10-06 16:47:29,760 [INFO] LogOutputStream:77 - [STDOUT_REDIRECT] 
2024-10-06 16:47:31,986 [INFO] ApplicationProperties:184 - Using Application install path: /home/cdelong/st/stm32cubeide_1.16.1/plugins/com.st.stm32cube.common.mx_6.12.1.202409122256
2024-10-06 16:47:32,001 [INFO] DbMcusXml:78 - Set database path to: /home/cdelong/st/stm32cubeide_1.16.1/plugins/com.st.stm32cube.common.mx_6.12.1.202409122256//db//mcu/
2024-10-06 16:47:32,001 [INFO] ApiDb:274 - Set plugin database path to: /home/cdelong/st/stm32cubeide_1.16.1/plugins/com.st.stm32cube.common.mx_6.12.1.202409122256//db//plugins/boardmanager/
2024-10-06 16:47:32,001 [WARN] ApiDb:259 - Overriding images path with different value:  => /home/cdelong/st/stm32cubeide_1.16.1/plugins/com.st.stm32cube.common.mx_6.12.1.202409122256//db//plugins/mcufinder/images/
2024-10-06 16:47:32,005 [INFO] ApiDb:250 - Set database path to: /home/cdelong/.stmcufinder/plugins/mcufinder//mcu/
2024-10-06 16:47:32,006 [INFO] DbMcusAds:125 - Set database path to: /home/cdelong/.stmcufinder/plugins/mcufinder//mcu/
2024-10-06 16:47:32,008 [INFO] CrossReferenceDbSqlite:203 - Set database path to: /home/cdelong/.stmcufinder/plugins/mcufinder//mcu/cs/
2024-10-06 16:47:32,116 [INFO] RulesReader:64 - Compatibility file has been processed (297 Rules)
2024-10-06 16:47:32,169 [INFO] DbMcusXml:78 - Set database path to: /home/cdelong/st/stm32cubeide_1.16.1/plugins/com.st.stm32cube.common.mx_6.12.1.202409122256//db//mcu/
2024-10-06 16:47:32,169 [INFO] ApiDb:274 - Set plugin database path to: /home/cdelong/st/stm32cubeide_1.16.1/plugins/com.st.stm32cube.common.mx_6.12.1.202409122256//db//plugins/boardmanager/
2024-10-06 16:47:32,170 [INFO] ApiDb:261 - Set plugin images path to: /home/cdelong/st/stm32cubeide_1.16.1/plugins/com.st.stm32cube.common.mx_6.12.1.202409122256//db//plugins/mcufinder/images/
2024-10-06 16:47:32,170 [WARN] DbFile:41 - Overriding database path with different value: /home/cdelong/.stmcufinder/plugins/mcufinder/ => /home/cdelong/.stmcufinder/plugins/mcufinder
2024-10-06 16:47:32,170 [INFO] ApiDb:250 - Set database path to: /home/cdelong/.stmcufinder/plugins/mcufinder//mcu/
2024-10-06 16:47:32,170 [WARN] DbFile:41 - Overriding database path with different value: /home/cdelong/.stmcufinder/plugins/mcufinder/ => /home/cdelong/.stmcufinder/plugins/mcufinder
2024-10-06 16:47:32,170 [INFO] DbMcusAds:125 - Set database path to: /home/cdelong/.stmcufinder/plugins/mcufinder//mcu/
2024-10-06 16:47:32,170 [WARN] DbFile:41 - Overriding database path with different value: /home/cdelong/.stmcufinder/plugins/mcufinder/ => /home/cdelong/.stmcufinder/plugins/mcufinder
2024-10-06 16:47:32,170 [WARN] DbFile:41 - Overriding database path with different value: /home/cdelong/.stmcufinder/plugins/mcufinder/ => /home/cdelong/.stmcufinder/plugins/mcufinder
2024-10-06 16:47:32,171 [INFO] CrossReferenceDbSqlite:203 - Set database path to: /home/cdelong/.stmcufinder/plugins/mcufinder//mcu/cs/
2024-10-06 16:47:32,227 [INFO] MainPanel:268 - HeapMemory: 268435456
2024-10-06 16:47:32,293 [INFO] DbMcusXml:78 - Set database path to: /home/cdelong/st/stm32cubeide_1.16.1/plugins/com.st.stm32cube.common.mx_6.12.1.202409122256//db//mcu/
2024-10-06 16:47:32,294 [INFO] ApiDb:274 - Set plugin database path to: /home/cdelong/st/stm32cubeide_1.16.1/plugins/com.st.stm32cube.common.mx_6.12.1.202409122256//db//plugins/boardmanager/
2024-10-06 16:47:32,294 [INFO] ApiDb:261 - Set plugin images path to: /home/cdelong/st/stm32cubeide_1.16.1/plugins/com.st.stm32cube.common.mx_6.12.1.202409122256//db//plugins/mcufinder/images/
2024-10-06 16:47:32,294 [WARN] DbFile:41 - Overriding database path with different value: /home/cdelong/.stmcufinder/plugins/mcufinder/ => /home/cdelong/.stmcufinder/plugins/mcufinder
2024-10-06 16:47:32,294 [INFO] ApiDb:250 - Set database path to: /home/cdelong/.stmcufinder/plugins/mcufinder//mcu/
2024-10-06 16:47:32,294 [WARN] DbFile:41 - Overriding database path with different value: /home/cdelong/.stmcufinder/plugins/mcufinder/ => /home/cdelong/.stmcufinder/plugins/mcufinder
2024-10-06 16:47:32,294 [INFO] DbMcusAds:125 - Set database path to: /home/cdelong/.stmcufinder/plugins/mcufinder//mcu/
2024-10-06 16:47:32,294 [WARN] DbFile:41 - Overriding database path with different value: /home/cdelong/.stmcufinder/plugins/mcufinder/ => /home/cdelong/.stmcufinder/plugins/mcufinder
2024-10-06 16:47:32,294 [WARN] DbFile:41 - Overriding database path with different value: /home/cdelong/.stmcufinder/plugins/mcufinder/ => /home/cdelong/.stmcufinder/plugins/mcufinder
2024-10-06 16:47:32,294 [INFO] CrossReferenceDbSqlite:203 - Set database path to: /home/cdelong/.stmcufinder/plugins/mcufinder//mcu/cs/
2024-10-06 16:47:32,304 [INFO] ApplicationProperties:184 - Using Application install path: /home/cdelong/st/stm32cubeide_1.16.1/plugins/com.st.stm32cube.common.mx_6.12.1.202409122256
2024-10-06 16:47:32,305 [INFO] PluginManage:196 - Search for loadable plugins [exclusion list=, ]
2024-10-06 16:47:32,305 [INFO] PluginManage:310 - Check plugin analytics
2024-10-06 16:47:32,413 [INFO] AnalyticsPlugin:253 - Accepted Software Licenses: 
2024-10-06 16:47:32,414 [INFO] AnalyticsPlugin:255 - Accepted CMSIS Pack Licenses: 
2024-10-06 16:47:32,414 [INFO] AnalyticsPlugin:257 - Accepted Firmware Licenses: FW.F4.1.28.0
2024-10-06 16:47:32,415 [INFO] PluginManage:359 - Loaded plugin analytics (category:tool,tabindex:-1)
2024-10-06 16:47:32,415 [INFO] PluginManage:310 - Check plugin cadmodel
2024-10-06 16:47:32,417 [INFO] CADModel:105 - Init CAD model plugin
2024-10-06 16:47:32,418 [INFO] PluginManage:359 - Loaded plugin cadmodel (category:power,tabindex:5)
2024-10-06 16:47:32,418 [INFO] PluginManage:310 - Check plugin clock
2024-10-06 16:47:32,422 [INFO] PluginManage:359 - Loaded plugin clock (category:base,tabindex:2)
2024-10-06 16:47:32,422 [INFO] PluginManage:310 - Check plugin ddr
2024-10-06 16:47:32,423 [INFO] PluginManage:359 - Loaded plugin ddr (category:tool,tabindex:6)
2024-10-06 16:47:32,423 [INFO] PluginManage:310 - Check plugin filemanager
2024-10-06 16:47:32,507 [INFO] PluginManage:359 - Loaded plugin filemanager (category:base,tabindex:10)
2024-10-06 16:47:32,507 [INFO] PluginManage:310 - Check plugin ipmanager
2024-10-06 16:47:32,510 [INFO] PluginManage:359 - Loaded plugin ipmanager (category:base,tabindex:5)
2024-10-06 16:47:32,510 [INFO] PluginManage:310 - Check plugin lpbam
2024-10-06 16:47:32,515 [INFO] PluginManage:359 - Loaded plugin lpbam (category:base,tabindex:0)
2024-10-06 16:47:32,515 [INFO] PluginManage:310 - Check plugin memorymap
2024-10-06 16:47:32,521 [INFO] PluginManage:359 - Loaded plugin memorymap (category:base,tabindex:4)
2024-10-06 16:47:32,522 [INFO] PluginManage:310 - Check plugin pinoutandconfiguration
2024-10-06 16:47:32,526 [INFO] PluginManage:359 - Loaded plugin pinoutandconfiguration (category:base,tabindex:1)
2024-10-06 16:47:32,526 [INFO] PluginManage:310 - Check plugin pinoutconfig
2024-10-06 16:47:32,574 [WARN] SupportedApi:132 - Cannot load RTOS API schema: s4s-elt-must-match.1: The content of 'definitions' must match (annotation?, (simpleType | complexType)?, (unique | key | keyref)*)). A problem was found starting at: attribute.
2024-10-06 16:47:32,650 [INFO] PluginManage:359 - Loaded plugin pinoutconfig (category:base,tabindex:0)
2024-10-06 16:47:32,650 [INFO] PluginManage:310 - Check plugin power
2024-10-06 16:47:32,655 [INFO] PluginManage:359 - Loaded plugin power (category:power,tabindex:4)
2024-10-06 16:47:32,655 [INFO] PluginManage:310 - Check plugin projectmanager
2024-10-06 16:47:32,664 [INFO] PluginManage:359 - Loaded plugin projectmanager (category:projectmanager,tabindex:4)
2024-10-06 16:47:32,665 [INFO] PluginManage:310 - Check plugin rif
2024-10-06 16:47:32,667 [INFO] PluginManage:359 - Loaded plugin rif (category:base,tabindex:3)
2024-10-06 16:47:32,667 [INFO] PluginManage:310 - Check plugin thirdparty
2024-10-06 16:47:32,734 [INFO] PluginManage:359 - Loaded plugin thirdparty (category:base,tabindex:-1)
2024-10-06 16:47:32,734 [WARN] IntegrityCheckThread:84 - waiting for thirdparty lock release [integrity check]
2024-10-06 16:47:32,734 [INFO] PluginManage:310 - Check plugin tools
2024-10-06 16:47:32,734 [INFO] IntegrityCheckThread:86 - entering critical section [integrity check]
2024-10-06 16:47:32,734 [INFO] ThirdPartyUpdaterWithRetryManager:70 - Updater plugin not ready yet. [1/15]
2024-10-06 16:47:32,735 [INFO] PluginManage:359 - Loaded plugin tools (category:base,tabindex:7)
2024-10-06 16:47:32,735 [INFO] PluginManage:310 - Check plugin tutovideos
2024-10-06 16:47:32,832 [INFO] PluginManage:359 - Loaded plugin tutovideos (category:base,tabindex:-1)
2024-10-06 16:47:32,832 [INFO] PluginManage:310 - Check plugin updater
2024-10-06 16:47:32,842 [INFO] PluginManage:359 - Loaded plugin updater (category:base,tabindex:12)
2024-10-06 16:47:32,842 [INFO] PluginManage:310 - Check plugin userauth
2024-10-06 16:47:32,845 [INFO] UserAuth:113 - Init User Auth plugin
2024-10-06 16:47:32,846 [INFO] PluginManage:359 - Loaded plugin userauth (category:base,tabindex:14)
2024-10-06 16:47:32,846 [INFO] PluginManage:283 - PluginManage : Loaded plugins [18]
2024-10-06 16:47:32,955 [INFO] PinOutPanel:1561 - setPackage(No Configuration,No Configuration)
2024-10-06 16:47:32,996 [INFO] CADModel:165 - CPN selected for project level
2024-10-06 16:47:32,996 [INFO] CADModel:114 - Register for checkConnection events
2024-10-06 16:47:33,005 [INFO] IPUIPlugin:80 - create IPUIPlugin
2024-10-06 16:47:33,005 [INFO] PluginManager:220 - loadIPPluginJar : add stm32_wpan
2024-10-06 16:47:33,006 [INFO] IPUIPlugin:80 - create IPUIPlugin
2024-10-06 16:47:33,006 [INFO] PluginManager:220 - loadIPPluginJar : add tracer_emb
2024-10-06 16:47:33,009 [INFO] IPUIPlugin:80 - create IPUIPlugin
2024-10-06 16:47:33,011 [INFO] PluginManager:220 - loadIPPluginJar : add plateformsettings
2024-10-06 16:47:33,012 [INFO] IPUIPlugin:80 - create IPUIPlugin
2024-10-06 16:47:33,013 [INFO] PluginManager:220 - loadIPPluginJar : add touchsensing
2024-10-06 16:47:33,014 [INFO] IPUIPlugin:80 - create IPUIPlugin
2024-10-06 16:47:33,014 [INFO] PluginManager:220 - loadIPPluginJar : add pdm2pcm
2024-10-06 16:47:33,015 [INFO] IPUIPlugin:80 - create IPUIPlugin
2024-10-06 16:47:33,015 [INFO] PluginManager:220 - loadIPPluginJar : add usbx
2024-10-06 16:47:33,017 [INFO] IPUIPlugin:80 - create IPUIPlugin
2024-10-06 16:47:33,017 [INFO] PluginManager:220 - loadIPPluginJar : add openamp
2024-10-06 16:47:33,018 [INFO] IPUIPlugin:80 - create IPUIPlugin
2024-10-06 16:47:33,019 [INFO] PluginManager:220 - loadIPPluginJar : add resmgrutility
2024-10-06 16:47:33,020 [INFO] IPUIPlugin:80 - create IPUIPlugin
2024-10-06 16:47:33,020 [INFO] PluginManager:220 - loadIPPluginJar : add opamp
2024-10-06 16:47:33,020 [INFO] IPUIPlugin:80 - create IPUIPlugin
2024-10-06 16:47:33,020 [INFO] PluginManager:220 - loadIPPluginJar : add genericplugin
2024-10-06 16:47:33,023 [INFO] IPUIPlugin:80 - create IPUIPlugin
2024-10-06 16:47:33,024 [INFO] PluginManager:220 - loadIPPluginJar : add mdma
2024-10-06 16:47:33,025 [INFO] IPUIPlugin:80 - create IPUIPlugin
2024-10-06 16:47:33,025 [INFO] PluginManager:220 - loadIPPluginJar : add aes
2024-10-06 16:47:33,025 [INFO] IPUIPlugin:80 - create IPUIPlugin
2024-10-06 16:47:33,026 [INFO] PluginManager:220 - loadIPPluginJar : add fatfs
2024-10-06 16:47:33,026 [INFO] IPUIPlugin:80 - create IPUIPlugin
2024-10-06 16:47:33,027 [INFO] PluginManager:220 - loadIPPluginJar : add radio
2024-10-06 16:47:33,027 [INFO] IPUIPlugin:80 - create IPUIPlugin
2024-10-06 16:47:33,028 [INFO] PluginManager:220 - loadIPPluginJar : add spi
2024-10-06 16:47:33,029 [INFO] IPUIPlugin:80 - create IPUIPlugin
2024-10-06 16:47:33,029 [INFO] PluginManager:220 - loadIPPluginJar : add sai
2024-10-06 16:47:33,030 [INFO] IPUIPlugin:80 - create IPUIPlugin
2024-10-06 16:47:33,030 [INFO] PluginManager:220 - loadIPPluginJar : add tsc
2024-10-06 16:47:33,030 [INFO] IPUIPlugin:80 - create IPUIPlugin
2024-10-06 16:47:33,030 [INFO] PluginManager:220 - loadIPPluginJar : add comp
2024-10-06 16:47:33,031 [INFO] IPUIPlugin:80 - create IPUIPlugin
2024-10-06 16:47:33,031 [INFO] PluginManager:220 - loadIPPluginJar : add lorawan
2024-10-06 16:47:33,033 [INFO] IPUIPlugin:80 - create IPUIPlugin
2024-10-06 16:47:33,033 [INFO] PluginManager:220 - loadIPPluginJar : add gpio
2024-10-06 16:47:33,034 [INFO] IPUIPlugin:80 - create IPUIPlugin
2024-10-06 16:47:33,034 [INFO] PluginManager:220 - loadIPPluginJar : add dfsdm
2024-10-06 16:47:33,038 [INFO] IPUIPlugin:80 - create IPUIPlugin
2024-10-06 16:47:33,038 [INFO] PluginManager:220 - loadIPPluginJar : add linkedlist
2024-10-06 16:47:33,040 [INFO] IPUIPlugin:80 - create IPUIPlugin
2024-10-06 16:47:33,040 [INFO] PluginManager:220 - loadIPPluginJar : add extmemmanager
2024-10-06 16:47:33,041 [INFO] IPUIPlugin:80 - create IPUIPlugin
2024-10-06 16:47:33,041 [INFO] PluginManager:220 - loadIPPluginJar : add gfxmmu
2024-10-06 16:47:33,042 [INFO] IPUIPlugin:80 - create IPUIPlugin
2024-10-06 16:47:33,042 [INFO] PluginManager:220 - loadIPPluginJar : add nvic
2024-10-06 16:47:33,043 [INFO] IPUIPlugin:80 - create IPUIPlugin
2024-10-06 16:47:33,043 [INFO] PluginManager:220 - loadIPPluginJar : add gtzc
2024-10-06 16:47:33,044 [INFO] IPUIPlugin:80 - create IPUIPlugin
2024-10-06 16:47:33,044 [INFO] PluginManager:220 - loadIPPluginJar : add i2s
2024-10-06 16:47:33,045 [INFO] IPUIPlugin:80 - create IPUIPlugin
2024-10-06 16:47:33,046 [INFO] PluginManager:220 - loadIPPluginJar : add dma3
2024-10-06 16:47:33,046 [INFO] IPUIPlugin:80 - create IPUIPlugin
2024-10-06 16:47:33,046 [INFO] PluginManager:220 - loadIPPluginJar : add quadspi
2024-10-06 16:47:33,048 [INFO] IPUIPlugin:80 - create IPUIPlugin
2024-10-06 16:47:33,048 [INFO] PluginManager:220 - loadIPPluginJar : add ipddr
2024-10-06 16:47:33,049 [INFO] IPUIPlugin:80 - create IPUIPlugin
2024-10-06 16:47:33,049 [INFO] PluginManager:220 - loadIPPluginJar : add tim
2024-10-06 16:47:33,052 [INFO] IPUIPlugin:80 - create IPUIPlugin
2024-10-06 16:47:33,052 [INFO] PluginManager:220 - loadIPPluginJar : add adc
2024-10-06 16:47:33,053 [INFO] IPUIPlugin:80 - create IPUIPlugin
2024-10-06 16:47:33,053 [INFO] PluginManager:220 - loadIPPluginJar : add i3c
2024-10-06 16:47:33,054 [INFO] IPUIPlugin:80 - create IPUIPlugin
2024-10-06 16:47:33,054 [INFO] PluginManager:220 - loadIPPluginJar : add usart
2024-10-06 16:47:33,055 [INFO] IPUIPlugin:80 - create IPUIPlugin
2024-10-06 16:47:33,055 [INFO] PluginManager:220 - loadIPPluginJar : add cryp
2024-10-06 16:47:33,058 [INFO] IPUIPlugin:80 - create IPUIPlugin
2024-10-06 16:47:33,058 [INFO] PluginManager:220 - loadIPPluginJar : add freertos
2024-10-06 16:47:33,059 [INFO] IPUIPlugin:80 - create IPUIPlugin
2024-10-06 16:47:33,059 [INFO] PluginManager:220 - loadIPPluginJar : add ddr_ctrl_phy
2024-10-06 16:47:33,060 [INFO] IPUIPlugin:80 - create IPUIPlugin
2024-10-06 16:47:33,060 [INFO] PluginManager:220 - loadIPPluginJar : add ucpd
2024-10-06 16:47:33,061 [INFO] IPUIPlugin:80 - create IPUIPlugin
2024-10-06 16:47:33,061 [INFO] PluginManager:220 - loadIPPluginJar : add can
2024-10-06 16:47:33,062 [INFO] IPUIPlugin:80 - create IPUIPlugin
2024-10-06 16:47:33,062 [INFO] PluginManager:220 - loadIPPluginJar : add i2c
2024-10-06 16:47:33,063 [INFO] IPUIPlugin:80 - create IPUIPlugin
2024-10-06 16:47:33,063 [INFO] PluginManager:220 - loadIPPluginJar : add hash
2024-10-06 16:47:33,064 [INFO] IPUIPlugin:80 - create IPUIPlugin
2024-10-06 16:47:33,064 [INFO] PluginManager:220 - loadIPPluginJar : add ltdc
2024-10-06 16:47:33,067 [INFO] IPUIPlugin:80 - create IPUIPlugin
2024-10-06 16:47:33,067 [INFO] PluginManager:220 - loadIPPluginJar : add dma
2024-10-06 16:47:33,068 [INFO] IPUIPlugin:80 - create IPUIPlugin
2024-10-06 16:47:33,068 [INFO] PluginManager:220 - loadIPPluginJar : add ts
2024-10-06 16:47:33,070 [INFO] IPUIPlugin:80 - create IPUIPlugin
2024-10-06 16:47:33,070 [INFO] PluginManager:220 - loadIPPluginJar : add fmc
2024-10-06 16:47:33,073 [INFO] IPUIPlugin:80 - create IPUIPlugin
2024-10-06 16:47:33,073 [INFO] PluginManager:220 - loadIPPluginJar : add gic
2024-10-06 16:47:33,161 [INFO] CADModel:165 - CPN selected for project level
2024-10-06 16:47:33,161 [INFO] CADModel:114 - Register for checkConnection events
2024-10-06 16:47:33,161 [FATAL] Updater:334 - Updater called before beeing initialized
2024-10-06 16:47:33,161 [ERROR] CADModel:125 - Updater not yet initialized, retry later 
2024-10-06 16:47:33,237 [INFO] CADModel:165 - CPN selected for project level
2024-10-06 16:47:33,238 [INFO] CADModel:114 - Register for checkConnection events
2024-10-06 16:47:33,238 [FATAL] Updater:334 - Updater called before beeing initialized
2024-10-06 16:47:33,238 [ERROR] CADModel:125 - Updater not yet initialized, retry later 
2024-10-06 16:47:33,241 [FATAL] Updater:334 - Updater called before beeing initialized
2024-10-06 16:47:33,347 [FATAL] Updater:334 - Updater called before beeing initialized
2024-10-06 16:47:33,352 [INFO] DbMcusAds:53 - JSON generation date=Fri Sep 20 08:04:23 CDT 2024 (1726837463113)
2024-10-06 16:47:33,353 [FATAL] Updater:334 - Updater called before beeing initialized
2024-10-06 16:47:33,408 [WARN] DetailPanel:346 - Failed to get advertising image, set to default
2024-10-06 16:47:33,497 [FATAL] Updater:334 - Updater called before beeing initialized
2024-10-06 16:47:33,498 [FATAL] Updater:334 - Updater called before beeing initialized
2024-10-06 16:47:33,498 [FATAL] Updater:334 - Updater called before beeing initialized
2024-10-06 16:47:33,498 [WARN] DetailPanel:346 - Failed to get advertising image, set to default
2024-10-06 16:47:33,499 [FATAL] Updater:334 - Updater called before beeing initialized
2024-10-06 16:47:33,518 [ERROR] Updater:1164 - MainUpdater not yet initialized. External WinMGr cannot be set.
2024-10-06 16:47:33,519 [INFO] Updater:1100 - Updater Version found : 6.12.1
2024-10-06 16:47:33,530 [INFO] ApplicationProperties:184 - Using Application install path: /home/cdelong/st/stm32cubeide_1.16.1/plugins/com.st.stm32cube.common.mx_6.12.1.202409122256
2024-10-06 16:47:34,010 [INFO] MainUpdater:2873 - connection check result : 10
2024-10-06 16:47:34,012 [INFO] MainUpdater:290 - Updater Check For Update Now.
2024-10-06 16:47:34,013 [INFO] MicroXplorer:498 - Change Database Version : DB.6.0.121
2024-10-06 16:47:34,025 [INFO] McuFinderGlobals:63 - Set McuFinder mode to 2 (CubeIDE integrated)
2024-10-06 16:47:34,026 [INFO] UserAuth:417 - Internet connection configuration mode: 1
2024-10-06 16:47:34,052 [INFO] JxBrowserEngine:152 - Initiate JxBrowser Engine with user profile folder
2024-10-06 16:47:34,338 [INFO] CheckServerUpdateThread:120 - End of CheckServer Thread
2024-10-06 16:47:34,849 [INFO] WebApp:167 - Instantiating new browser for Auth
2024-10-06 16:47:36,010 [WARN] PackLoader:240 - Cannot read IP mode file for STMicroelectronics.FP-SNS-MOTENVWB1.1.4.0
2024-10-06 16:47:36,016 [WARN] PackLoader:240 - Cannot read IP mode file for STMicroelectronics.X-CUBE-SMBUS.2.1.0
2024-10-06 16:47:36,022 [WARN] PackLoader:240 - Cannot read IP mode file for STMicroelectronics.X-CUBE-WB05N.1.1.0
2024-10-06 16:47:36,047 [WARN] PackLoader:240 - Cannot read IP mode file for STMicroelectronics.X-CUBE-AZRTOS-F7.1.1.0
2024-10-06 16:47:36,095 [INFO] WebApp:448 - Apply proxy settings
2024-10-06 16:47:36,096 [INFO] WebApp:533 - Chromium requires no authentication
2024-10-06 16:47:36,101 [INFO] WebApp:476 - Direct internet connection detected
2024-10-06 16:47:36,117 [INFO] WebApp:869 - Register for checkConnection events
2024-10-06 16:47:36,118 [INFO] WebApp:448 - Apply proxy settings
2024-10-06 16:47:36,118 [INFO] WebApp:533 - Chromium requires no authentication
2024-10-06 16:47:36,119 [INFO] WebApp:476 - Direct internet connection detected
2024-10-06 16:47:36,119 [WARN] PackLoader:240 - Cannot read IP mode file for STMicroelectronics.X-CUBE-MEMS1.11.0.0
2024-10-06 16:47:36,216 [INFO] WebApp:220 - Starting web application
2024-10-06 16:47:36,216 [INFO] WebApp:578 - Web application path used /home/cdelong/st/stm32cubeide_1.16.1/plugins/com.st.stm32cube.common.mx_6.12.1.202409122256/db/plugins/mcufinder/reactClient1/index.html
2024-10-06 16:47:36,236 [WARN] PackLoader:240 - Cannot read IP mode file for STMicroelectronics.FP-SNS-FLIGHT1.5.0.2
2024-10-06 16:47:36,241 [WARN] PackLoader:240 - Cannot read IP mode file for STMicroelectronics.X-CUBE-DISPLAY.3.0.0
2024-10-06 16:47:36,246 [WARN] PackLoader:240 - Cannot read IP mode file for STMicroelectronics.X-CUBE-BLE1.7.0.0
2024-10-06 16:47:36,254 [WARN] PackLoader:240 - Cannot read IP mode file for STMicroelectronics.X-CUBE-NFC10.1.0.0
2024-10-06 16:47:36,258 [WARN] PackLoader:240 - Cannot read IP mode file for emotas.I-CUBE-CANOPEN.1.3.0
2024-10-06 16:47:36,263 [WARN] PackLoader:240 - Cannot read IP mode file for STMicroelectronics.X-CUBE-BLEMGR.3.1.0
2024-10-06 16:47:36,277 [WARN] PackLoader:240 - Cannot read IP mode file for STMicroelectronics.FP-SNS-SMARTAG2.1.2.0
2024-10-06 16:47:36,284 [INFO] LogOutputStream:77 - [STDOUT_REDIRECT] 1 : Invalid condition id : UX_CORESTACK_Condition cause : null
2024-10-06 16:47:36,284 [INFO] LogOutputStream:77 - [STDOUT_REDIRECT] 1 : Invalid condition id : UX_CORESTACK_Condition cause : null
2024-10-06 16:47:36,284 [INFO] LogOutputStream:77 - [STDOUT_REDIRECT] 1 : Invalid condition id : UX_CORESTACK_Condition cause : null
2024-10-06 16:47:36,285 [INFO] LogOutputStream:77 - [STDOUT_REDIRECT] 1 : Invalid condition id : UX_CORESTACK_Condition cause : null
2024-10-06 16:47:36,285 [INFO] LogOutputStream:77 - [STDOUT_REDIRECT] 1 : Invalid condition id : UX_CORESTACK_Condition cause : null
2024-10-06 16:47:36,290 [WARN] PackLoader:240 - Cannot read IP mode file for STMicroelectronics.X-CUBE-AZRTOS-WL.2.0.0
2024-10-06 16:47:36,296 [WARN] PackLoader:240 - Cannot read IP mode file for STMicroelectronics.FP-SNS-MOTENV1.5.0.0
2024-10-06 16:47:36,302 [WARN] PackLoader:240 - Cannot read IP mode file for wolfSSL.I-CUBE-wolfMQTT.1.19.0
2024-10-06 16:47:36,309 [WARN] PackLoader:240 - Cannot read IP mode file for WES.I-CUBE-Cesium.1.3.0
2024-10-06 16:47:36,315 [WARN] PackLoader:240 - Cannot read IP mode file for STMicroelectronics.X-CUBE-BLE2.3.3.0
2024-10-06 16:47:36,321 [WARN] PackLoader:240 - Cannot read IP mode file for STMicroelectronics.X-CUBE-NFC9.1.0.0
2024-10-06 16:47:36,325 [WARN] PackLoader:240 - Cannot read IP mode file for STMicroelectronics.X-CUBE-TCPP.4.1.0
2024-10-06 16:47:36,325 [INFO] UserAuth:417 - Internet connection configuration mode: 1
2024-10-06 16:47:36,337 [WARN] PackLoader:240 - Cannot read IP mode file for STMicroelectronics.X-CUBE-AZRTOS-G0.1.1.0
2024-10-06 16:47:36,345 [WARN] PackLoader:240 - Cannot read IP mode file for STMicroelectronics.X-CUBE-SAFEA1.1.2.2
2024-10-06 16:47:36,349 [WARN] PackLoader:240 - Cannot read IP mode file for STMicroelectronics.X-CUBE-NFC4.3.0.0
2024-10-06 16:47:36,359 [WARN] PackLoader:240 - Cannot read IP mode file for EmbeddedOffice.I-CUBE-FS-RTOS.1.0.1
2024-10-06 16:47:36,360 [ERROR] ConditionMgr:805 - Attr not supported : Dmpu
2024-10-06 16:47:36,360 [ERROR] ConditionMgr:805 - Attr not supported : Dmpu
2024-10-06 16:47:36,360 [ERROR] ConditionMgr:805 - Attr not supported : Dmpu
2024-10-06 16:47:36,360 [ERROR] ConditionMgr:805 - Attr not supported : Dmpu
2024-10-06 16:47:36,360 [ERROR] ConditionMgr:805 - Attr not supported : Dmpu
2024-10-06 16:47:36,360 [ERROR] ConditionMgr:805 - Attr not supported : Dmpu
2024-10-06 16:47:36,360 [ERROR] ConditionMgr:805 - Attr not supported : Dmpu
2024-10-06 16:47:36,362 [ERROR] ConditionMgr:805 - Attr not supported : Dmpu
2024-10-06 16:47:36,362 [ERROR] ConditionMgr:805 - Attr not supported : Dmpu
2024-10-06 16:47:36,362 [ERROR] ConditionMgr:805 - Attr not supported : Dmpu
2024-10-06 16:47:36,362 [ERROR] ConditionMgr:805 - Attr not supported : Dmpu
2024-10-06 16:47:36,362 [ERROR] ConditionMgr:805 - Attr not supported : Dmpu
2024-10-06 16:47:36,362 [ERROR] ConditionMgr:805 - Attr not supported : Dmpu
2024-10-06 16:47:36,362 [ERROR] ConditionMgr:805 - Attr not supported : Dmpu
2024-10-06 16:47:36,362 [ERROR] ConditionMgr:805 - Attr not supported : Dmpu
2024-10-06 16:47:36,362 [ERROR] ConditionMgr:805 - Attr not supported : Dmpu
2024-10-06 16:47:36,362 [ERROR] ConditionMgr:805 - Attr not supported : Dmpu
2024-10-06 16:47:36,363 [ERROR] ConditionMgr:805 - Attr not supported : Dmpu
2024-10-06 16:47:36,363 [ERROR] ConditionMgr:805 - Attr not supported : Dmpu
2024-10-06 16:47:36,363 [ERROR] ConditionMgr:805 - Attr not supported : Dmpu
2024-10-06 16:47:36,363 [ERROR] ConditionMgr:805 - Attr not supported : Dmpu
2024-10-06 16:47:36,364 [ERROR] ConditionMgr:805 - Attr not supported : Dmpu
2024-10-06 16:47:36,364 [ERROR] ConditionMgr:805 - Attr not supported : Dmpu
2024-10-06 16:47:36,364 [ERROR] ConditionMgr:805 - Attr not supported : Dmpu
2024-10-06 16:47:36,364 [ERROR] ConditionMgr:805 - Attr not supported : Dmpu
2024-10-06 16:47:36,364 [ERROR] ConditionMgr:805 - Attr not supported : Dmpu
2024-10-06 16:47:36,364 [ERROR] ConditionMgr:805 - Attr not supported : Dmpu
2024-10-06 16:47:36,364 [ERROR] ConditionMgr:805 - Attr not supported : Dmpu
2024-10-06 16:47:36,364 [ERROR] ConditionMgr:805 - Attr not supported : Dmpu
2024-10-06 16:47:36,364 [ERROR] ConditionMgr:805 - Attr not supported : Dmpu
2024-10-06 16:47:36,364 [ERROR] ConditionMgr:805 - Attr not supported : Dmpu
2024-10-06 16:47:36,364 [ERROR] ConditionMgr:805 - Attr not supported : Dmpu
2024-10-06 16:47:36,364 [ERROR] ConditionMgr:805 - Attr not supported : Dmpu
2024-10-06 16:47:36,364 [ERROR] ConditionMgr:805 - Attr not supported : Dmpu
2024-10-06 16:47:36,364 [ERROR] ConditionMgr:805 - Attr not supported : Dmpu
2024-10-06 16:47:36,365 [ERROR] ConditionMgr:805 - Attr not supported : Dmpu
2024-10-06 16:47:36,365 [ERROR] ConditionMgr:805 - Attr not supported : Dmpu
2024-10-06 16:47:36,365 [ERROR] ConditionMgr:805 - Attr not supported : Dmpu
2024-10-06 16:47:36,365 [ERROR] ConditionMgr:805 - Attr not supported : Dmpu
2024-10-06 16:47:36,365 [ERROR] ConditionMgr:805 - Attr not supported : Dmpu
2024-10-06 16:47:36,365 [ERROR] ConditionMgr:805 - Attr not supported : Dmpu
2024-10-06 16:47:36,365 [ERROR] ConditionMgr:805 - Attr not supported : Dmpu
2024-10-06 16:47:36,365 [ERROR] ConditionMgr:805 - Attr not supported : Dmpu
2024-10-06 16:47:36,365 [ERROR] ConditionMgr:805 - Attr not supported : Dmpu
2024-10-06 16:47:36,365 [ERROR] ConditionMgr:805 - Attr not supported : Dmpu
2024-10-06 16:47:36,366 [ERROR] ConditionMgr:805 - Attr not supported : Dmpu
2024-10-06 16:47:36,366 [ERROR] ConditionMgr:805 - Attr not supported : Dmpu
2024-10-06 16:47:36,366 [ERROR] ConditionMgr:805 - Attr not supported : Dmpu
2024-10-06 16:47:36,366 [ERROR] ConditionMgr:805 - Attr not supported : Dmpu
2024-10-06 16:47:36,366 [ERROR] ConditionMgr:805 - Attr not supported : Dmpu
2024-10-06 16:47:36,366 [ERROR] ConditionMgr:805 - Attr not supported : Dmpu
2024-10-06 16:47:36,366 [ERROR] ConditionMgr:805 - Attr not supported : Dmpu
2024-10-06 16:47:36,366 [ERROR] ConditionMgr:805 - Attr not supported : Dmpu
2024-10-06 16:47:36,366 [ERROR] ConditionMgr:805 - Attr not supported : Dmpu
2024-10-06 16:47:36,366 [ERROR] ConditionMgr:805 - Attr not supported : Dmpu
2024-10-06 16:47:36,366 [ERROR] ConditionMgr:805 - Attr not supported : Dmpu
2024-10-06 16:47:36,366 [ERROR] ConditionMgr:805 - Attr not supported : Dmpu
2024-10-06 16:47:36,367 [ERROR] ConditionMgr:805 - Attr not supported : Dmpu
2024-10-06 16:47:36,367 [ERROR] ConditionMgr:805 - Attr not supported : Dmpu
2024-10-06 16:47:36,367 [ERROR] ConditionMgr:805 - Attr not supported : Dmpu
2024-10-06 16:47:36,367 [ERROR] ConditionMgr:805 - Attr not supported : Dmpu
2024-10-06 16:47:36,367 [ERROR] ConditionMgr:805 - Attr not supported : Dmpu
2024-10-06 16:47:36,367 [ERROR] ConditionMgr:805 - Attr not supported : Dmpu
2024-10-06 16:47:36,367 [ERROR] ConditionMgr:805 - Attr not supported : Dmpu
2024-10-06 16:47:36,371 [WARN] PackLoader:240 - Cannot read IP mode file for RealThread.X-CUBE-RT-Thread_Nano.4.1.1
2024-10-06 16:47:36,374 [WARN] PackLoader:240 - Cannot read IP mode file for STMicroelectronics.FP-ATR-SIGFOX1.3.2.0
2024-10-06 16:47:36,376 [WARN] PackLoader:240 - Cannot read IP mode file for wolfSSL.I-CUBE-wolfSSL.5.7.2
2024-10-06 16:47:36,380 [WARN] PackLoader:240 - Cannot read IP mode file for STMicroelectronics.X-CUBE-EEPRMA1.5.1.0
2024-10-06 16:47:36,384 [WARN] PackLoader:240 - Cannot read IP mode file for ITTIA_DB.I-CUBE-ITTIADB.8.9.0
2024-10-06 16:47:36,409 [WARN] PackLoader:240 - Cannot read IP mode file for SEGGER.I-CUBE-embOS.1.3.1
2024-10-06 16:47:36,437 [WARN] PackLoader:240 - Cannot read IP mode file for STMicroelectronics.X-CUBE-ALGOBUILD.1.4.0
2024-10-06 16:47:36,439 [WARN] PackLoader:240 - Cannot read IP mode file for STMicroelectronics.X-CUBE-AI.9.1.0
2024-10-06 16:47:36,449 [WARN] PackLoader:240 - Cannot read IP mode file for STMicroelectronics.X-CUBE-AZRTOS-F4.1.1.0
2024-10-06 16:47:36,453 [WARN] PackLoader:240 - Cannot read IP mode file for STMicroelectronics.X-CUBE-ISPU.2.1.0
2024-10-06 16:47:36,456 [WARN] PackLoader:240 - Cannot read IP mode file for STMicroelectronics.X-CUBE-FREERTOS.1.2.0
2024-10-06 16:47:36,467 [WARN] PackLoader:240 - Cannot read IP mode file for STMicroelectronics.X-CUBE-AZRTOS-L5.2.0.0
2024-10-06 16:47:36,472 [WARN] PackLoader:240 - Cannot read IP mode file for STMicroelectronics.X-CUBE-NFC6.3.1.0
2024-10-06 16:47:36,476 [WARN] PackLoader:240 - Cannot read IP mode file for STMicroelectronics.X-CUBE-DPower.1.2.0
2024-10-06 16:47:36,478 [WARN] PackLoader:240 - Cannot read IP mode file for STMicroelectronics.X-CUBE-AI.9.0.0
2024-10-06 16:47:36,485 [WARN] PackLoader:240 - Cannot read IP mode file for STMicroelectronics.X-CUBE-NFC7.1.0.1
2024-10-06 16:47:36,497 [WARN] ConditionMgr:438 - getConditionDescription Invalid condition id : LAN8742 Phy interface Condition cause : null
2024-10-06 16:47:36,498 [WARN] PackLoader:240 - Cannot read IP mode file for STMicroelectronics.X-CUBE-AZRTOS-L4.2.0.0
2024-10-06 16:47:36,499 [WARN] ConditionMgr:1039 - genDependencies : Invalid condition id : LAN8742 Phy interface Condition cause : null
2024-10-06 16:47:36,499 [WARN] ConditionMgr:1039 - genDependencies : Invalid condition id : LAN8742 Phy interface Condition cause : null
2024-10-06 16:47:36,499 [WARN] ConditionMgr:1039 - genDependencies : Invalid condition id : LAN8742 Phy interface Condition cause : null
2024-10-06 16:47:36,503 [WARN] PackLoader:240 - Cannot read IP mode file for STMicroelectronics.X-CUBE-SFXS2LP1.4.0.0
2024-10-06 16:47:36,516 [WARN] PackLoader:240 - Cannot read IP mode file for STMicroelectronics.X-CUBE-AZRTOS-H7.3.3.0
2024-10-06 16:47:36,524 [WARN] PackLoader:240 - Cannot read IP mode file for STMicroelectronics.X-CUBE-IPS.3.0.0
2024-10-06 16:47:36,534 [WARN] ConditionMgr:438 - getConditionDescription Invalid condition id : UX DEVICE CLASS RTOS Condition cause : null
2024-10-06 16:47:36,534 [WARN] ConditionMgr:438 - getConditionDescription Invalid condition id : UX DEVICE CLASS RTOS Condition cause : null
2024-10-06 16:47:36,535 [WARN] PackLoader:240 - Cannot read IP mode file for STMicroelectronics.X-CUBE-AZRTOS-WB.2.0.0
2024-10-06 16:47:36,536 [WARN] ConditionMgr:1039 - genDependencies : Invalid condition id : UX DEVICE CLASS RTOS Condition cause : null
2024-10-06 16:47:36,536 [WARN] ConditionMgr:1039 - genDependencies : Invalid condition id : UX DEVICE CLASS RTOS Condition cause : null
2024-10-06 16:47:36,536 [WARN] ConditionMgr:1039 - genDependencies : Invalid condition id : UX DEVICE CLASS RTOS Condition cause : null
2024-10-06 16:47:36,536 [WARN] ConditionMgr:1039 - genDependencies : Invalid condition id : UX DEVICE CLASS RTOS Condition cause : null
2024-10-06 16:47:36,536 [WARN] ConditionMgr:1039 - genDependencies : Invalid condition id : UX DEVICE CLASS RTOS Condition cause : null
2024-10-06 16:47:36,539 [WARN] PackLoader:240 - Cannot read IP mode file for STMicroelectronics.X-CUBE-GNSS1.7.0.0
2024-10-06 16:47:36,542 [WARN] PackLoader:240 - Cannot read IP mode file for STMicroelectronics.FP-SNS-STBOX1.2.0.0
2024-10-06 16:47:36,549 [WARN] PackLoader:240 - Cannot read IP mode file for STMicroelectronics.X-CUBE-SUBG2.5.0.0
2024-10-06 16:47:36,553 [WARN] PackLoader:240 - Cannot read IP mode file for Cesanta.I-CUBE-Mongoose.7.13.0
2024-10-06 16:47:36,561 [WARN] PackLoader:240 - Cannot read IP mode file for STMicroelectronics.X-CUBE-AZRTOS-G4.2.0.0
2024-10-06 16:47:36,564 [WARN] PackLoader:240 - Cannot read IP mode file for STMicroelectronics.X-CUBE-ALS.1.0.2
2024-10-06 16:47:36,566 [WARN] PackLoader:240 - Cannot read IP mode file for STMicroelectronics.X-CUBE-TOUCHGFX.4.24.1
2024-10-06 16:47:36,567 [WARN] PackLoader:240 - Cannot read IP mode file for wolfSSL.I-CUBE-wolfTPM.3.4.0
2024-10-06 16:47:36,569 [WARN] PackLoader:240 - Cannot read IP mode file for portGmbH.I-Cube-SoM-uGOAL.1.1.0
2024-10-06 16:47:36,579 [WARN] PackLoader:240 - Cannot read IP mode file for STMicroelectronics.X-CUBE-AZRTOS-H7RS.1.0.0
2024-10-06 16:47:36,582 [WARN] PackLoader:240 - Cannot read IP mode file for STMicroelectronics.FP-ATR-ASTRA1.2.0.0
2024-10-06 16:47:36,587 [WARN] PackLoader:240 - Cannot read IP mode file for STMicroelectronics.X-CUBE-TOF1.3.4.2
2024-10-06 16:47:36,605 [WARN] PackLoader:240 - Cannot read IP mode file for Infineon.AIROC-Wi-Fi-Bluetooth-STM32.1.6.1
2024-10-06 16:47:36,609 [WARN] PackLoader:240 - Cannot read IP mode file for wolfSSL.I-CUBE-wolfSSH.1.4.17
2024-10-06 16:47:36,609 [INFO] ThirdParty:978 - Integrity check success = true
2024-10-06 16:47:36,610 [INFO] IntegrityCheckThread:100 - exiting critical section [integrity check]
2024-10-06 16:47:36,610 [INFO] IntegrityCheckThread:103 - End integrity checks thread
2024-10-06 16:47:36,690 [INFO] WebApp:186 - Connection restablished
2024-10-06 16:49:30,373 [ERROR] LogOutputStream:75 - [STDERR_REDIRECT] 
2024-10-06 16:49:35,241 [INFO] Activator:176 - 


2024-10-06 16:49:35,242 [INFO] Activator:177 - !SESSION log4j initialized
2024-10-06 16:49:38,232 [INFO] LogOutputStream:77 - [STDOUT_REDIRECT] 
2024-10-06 16:49:40,545 [INFO] ApplicationProperties:184 - Using Application install path: /home/cdelong/st/stm32cubeide_1.16.1/plugins/com.st.stm32cube.common.mx_6.12.1.202409122256
2024-10-06 16:49:40,558 [INFO] DbMcusXml:78 - Set database path to: /home/cdelong/st/stm32cubeide_1.16.1/plugins/com.st.stm32cube.common.mx_6.12.1.202409122256//db//mcu/
2024-10-06 16:49:40,558 [INFO] ApiDb:274 - Set plugin database path to: /home/cdelong/st/stm32cubeide_1.16.1/plugins/com.st.stm32cube.common.mx_6.12.1.202409122256//db//plugins/boardmanager/
2024-10-06 16:49:40,559 [WARN] ApiDb:259 - Overriding images path with different value:  => /home/cdelong/st/stm32cubeide_1.16.1/plugins/com.st.stm32cube.common.mx_6.12.1.202409122256//db//plugins/mcufinder/images/
2024-10-06 16:49:40,562 [INFO] ApiDb:250 - Set database path to: /home/cdelong/.stmcufinder/plugins/mcufinder//mcu/
2024-10-06 16:49:40,563 [INFO] DbMcusAds:125 - Set database path to: /home/cdelong/.stmcufinder/plugins/mcufinder//mcu/
2024-10-06 16:49:40,564 [INFO] CrossReferenceDbSqlite:203 - Set database path to: /home/cdelong/.stmcufinder/plugins/mcufinder//mcu/cs/
2024-10-06 16:49:40,662 [INFO] RulesReader:64 - Compatibility file has been processed (297 Rules)
2024-10-06 16:49:40,709 [INFO] DbMcusXml:78 - Set database path to: /home/cdelong/st/stm32cubeide_1.16.1/plugins/com.st.stm32cube.common.mx_6.12.1.202409122256//db//mcu/
2024-10-06 16:49:40,710 [INFO] ApiDb:274 - Set plugin database path to: /home/cdelong/st/stm32cubeide_1.16.1/plugins/com.st.stm32cube.common.mx_6.12.1.202409122256//db//plugins/boardmanager/
2024-10-06 16:49:40,710 [INFO] ApiDb:261 - Set plugin images path to: /home/cdelong/st/stm32cubeide_1.16.1/plugins/com.st.stm32cube.common.mx_6.12.1.202409122256//db//plugins/mcufinder/images/
2024-10-06 16:49:40,710 [WARN] DbFile:41 - Overriding database path with different value: /home/cdelong/.stmcufinder/plugins/mcufinder/ => /home/cdelong/.stmcufinder/plugins/mcufinder
2024-10-06 16:49:40,710 [INFO] ApiDb:250 - Set database path to: /home/cdelong/.stmcufinder/plugins/mcufinder//mcu/
2024-10-06 16:49:40,710 [WARN] DbFile:41 - Overriding database path with different value: /home/cdelong/.stmcufinder/plugins/mcufinder/ => /home/cdelong/.stmcufinder/plugins/mcufinder
2024-10-06 16:49:40,710 [INFO] DbMcusAds:125 - Set database path to: /home/cdelong/.stmcufinder/plugins/mcufinder//mcu/
2024-10-06 16:49:40,710 [WARN] DbFile:41 - Overriding database path with different value: /home/cdelong/.stmcufinder/plugins/mcufinder/ => /home/cdelong/.stmcufinder/plugins/mcufinder
2024-10-06 16:49:40,710 [WARN] DbFile:41 - Overriding database path with different value: /home/cdelong/.stmcufinder/plugins/mcufinder/ => /home/cdelong/.stmcufinder/plugins/mcufinder
2024-10-06 16:49:40,710 [INFO] CrossReferenceDbSqlite:203 - Set database path to: /home/cdelong/.stmcufinder/plugins/mcufinder//mcu/cs/
2024-10-06 16:49:40,757 [INFO] MainPanel:268 - HeapMemory: 268435456
2024-10-06 16:49:40,820 [INFO] DbMcusXml:78 - Set database path to: /home/cdelong/st/stm32cubeide_1.16.1/plugins/com.st.stm32cube.common.mx_6.12.1.202409122256//db//mcu/
2024-10-06 16:49:40,820 [INFO] ApiDb:274 - Set plugin database path to: /home/cdelong/st/stm32cubeide_1.16.1/plugins/com.st.stm32cube.common.mx_6.12.1.202409122256//db//plugins/boardmanager/
2024-10-06 16:49:40,820 [INFO] ApiDb:261 - Set plugin images path to: /home/cdelong/st/stm32cubeide_1.16.1/plugins/com.st.stm32cube.common.mx_6.12.1.202409122256//db//plugins/mcufinder/images/
2024-10-06 16:49:40,820 [WARN] DbFile:41 - Overriding database path with different value: /home/cdelong/.stmcufinder/plugins/mcufinder/ => /home/cdelong/.stmcufinder/plugins/mcufinder
2024-10-06 16:49:40,820 [INFO] ApiDb:250 - Set database path to: /home/cdelong/.stmcufinder/plugins/mcufinder//mcu/
2024-10-06 16:49:40,820 [WARN] DbFile:41 - Overriding database path with different value: /home/cdelong/.stmcufinder/plugins/mcufinder/ => /home/cdelong/.stmcufinder/plugins/mcufinder
2024-10-06 16:49:40,820 [INFO] DbMcusAds:125 - Set database path to: /home/cdelong/.stmcufinder/plugins/mcufinder//mcu/
2024-10-06 16:49:40,820 [WARN] DbFile:41 - Overriding database path with different value: /home/cdelong/.stmcufinder/plugins/mcufinder/ => /home/cdelong/.stmcufinder/plugins/mcufinder
2024-10-06 16:49:40,820 [WARN] DbFile:41 - Overriding database path with different value: /home/cdelong/.stmcufinder/plugins/mcufinder/ => /home/cdelong/.stmcufinder/plugins/mcufinder
2024-10-06 16:49:40,821 [INFO] CrossReferenceDbSqlite:203 - Set database path to: /home/cdelong/.stmcufinder/plugins/mcufinder//mcu/cs/
2024-10-06 16:49:40,829 [INFO] ApplicationProperties:184 - Using Application install path: /home/cdelong/st/stm32cubeide_1.16.1/plugins/com.st.stm32cube.common.mx_6.12.1.202409122256
2024-10-06 16:49:40,830 [INFO] PluginManage:196 - Search for loadable plugins [exclusion list=, ]
2024-10-06 16:49:40,830 [INFO] PluginManage:310 - Check plugin analytics
2024-10-06 16:49:40,942 [INFO] AnalyticsPlugin:253 - Accepted Software Licenses: 
2024-10-06 16:49:40,942 [INFO] AnalyticsPlugin:255 - Accepted CMSIS Pack Licenses: 
2024-10-06 16:49:40,942 [INFO] AnalyticsPlugin:257 - Accepted Firmware Licenses: FW.F4.1.28.0
2024-10-06 16:49:40,944 [INFO] PluginManage:359 - Loaded plugin analytics (category:tool,tabindex:-1)
2024-10-06 16:49:40,944 [INFO] PluginManage:310 - Check plugin cadmodel
2024-10-06 16:49:40,946 [INFO] CADModel:105 - Init CAD model plugin
2024-10-06 16:49:40,946 [INFO] PluginManage:359 - Loaded plugin cadmodel (category:power,tabindex:5)
2024-10-06 16:49:40,946 [INFO] PluginManage:310 - Check plugin clock
2024-10-06 16:49:40,950 [INFO] PluginManage:359 - Loaded plugin clock (category:base,tabindex:2)
2024-10-06 16:49:40,951 [INFO] PluginManage:310 - Check plugin ddr
2024-10-06 16:49:40,952 [INFO] PluginManage:359 - Loaded plugin ddr (category:tool,tabindex:6)
2024-10-06 16:49:40,952 [INFO] PluginManage:310 - Check plugin filemanager
2024-10-06 16:49:41,035 [INFO] PluginManage:359 - Loaded plugin filemanager (category:base,tabindex:10)
2024-10-06 16:49:41,036 [INFO] PluginManage:310 - Check plugin ipmanager
2024-10-06 16:49:41,039 [INFO] PluginManage:359 - Loaded plugin ipmanager (category:base,tabindex:5)
2024-10-06 16:49:41,039 [INFO] PluginManage:310 - Check plugin lpbam
2024-10-06 16:49:41,044 [INFO] PluginManage:359 - Loaded plugin lpbam (category:base,tabindex:0)
2024-10-06 16:49:41,044 [INFO] PluginManage:310 - Check plugin memorymap
2024-10-06 16:49:41,050 [INFO] PluginManage:359 - Loaded plugin memorymap (category:base,tabindex:4)
2024-10-06 16:49:41,050 [INFO] PluginManage:310 - Check plugin pinoutandconfiguration
2024-10-06 16:49:41,054 [INFO] PluginManage:359 - Loaded plugin pinoutandconfiguration (category:base,tabindex:1)
2024-10-06 16:49:41,054 [INFO] PluginManage:310 - Check plugin pinoutconfig
2024-10-06 16:49:41,105 [WARN] SupportedApi:132 - Cannot load RTOS API schema: s4s-elt-must-match.1: The content of 'definitions' must match (annotation?, (simpleType | complexType)?, (unique | key | keyref)*)). A problem was found starting at: attribute.
2024-10-06 16:49:41,183 [INFO] PluginManage:359 - Loaded plugin pinoutconfig (category:base,tabindex:0)
2024-10-06 16:49:41,184 [INFO] PluginManage:310 - Check plugin power
2024-10-06 16:49:41,188 [INFO] PluginManage:359 - Loaded plugin power (category:power,tabindex:4)
2024-10-06 16:49:41,188 [INFO] PluginManage:310 - Check plugin projectmanager
2024-10-06 16:49:41,197 [INFO] PluginManage:359 - Loaded plugin projectmanager (category:projectmanager,tabindex:4)
2024-10-06 16:49:41,198 [INFO] PluginManage:310 - Check plugin rif
2024-10-06 16:49:41,200 [INFO] PluginManage:359 - Loaded plugin rif (category:base,tabindex:3)
2024-10-06 16:49:41,201 [INFO] PluginManage:310 - Check plugin thirdparty
2024-10-06 16:49:41,267 [INFO] PluginManage:359 - Loaded plugin thirdparty (category:base,tabindex:-1)
2024-10-06 16:49:41,267 [WARN] IntegrityCheckThread:84 - waiting for thirdparty lock release [integrity check]
2024-10-06 16:49:41,267 [INFO] PluginManage:310 - Check plugin tools
2024-10-06 16:49:41,267 [INFO] IntegrityCheckThread:86 - entering critical section [integrity check]
2024-10-06 16:49:41,267 [INFO] ThirdPartyUpdaterWithRetryManager:70 - Updater plugin not ready yet. [1/15]
2024-10-06 16:49:41,268 [INFO] PluginManage:359 - Loaded plugin tools (category:base,tabindex:7)
2024-10-06 16:49:41,268 [INFO] PluginManage:310 - Check plugin tutovideos
2024-10-06 16:49:41,362 [INFO] PluginManage:359 - Loaded plugin tutovideos (category:base,tabindex:-1)
2024-10-06 16:49:41,362 [INFO] PluginManage:310 - Check plugin updater
2024-10-06 16:49:41,372 [INFO] PluginManage:359 - Loaded plugin updater (category:base,tabindex:12)
2024-10-06 16:49:41,372 [INFO] PluginManage:310 - Check plugin userauth
2024-10-06 16:49:41,375 [INFO] UserAuth:113 - Init User Auth plugin
2024-10-06 16:49:41,375 [INFO] PluginManage:359 - Loaded plugin userauth (category:base,tabindex:14)
2024-10-06 16:49:41,376 [INFO] PluginManage:283 - PluginManage : Loaded plugins [18]
2024-10-06 16:49:41,478 [INFO] PinOutPanel:1561 - setPackage(No Configuration,No Configuration)
2024-10-06 16:49:41,522 [INFO] CADModel:165 - CPN selected for project level
2024-10-06 16:49:41,522 [INFO] CADModel:114 - Register for checkConnection events
2024-10-06 16:49:41,531 [INFO] IPUIPlugin:80 - create IPUIPlugin
2024-10-06 16:49:41,531 [INFO] PluginManager:220 - loadIPPluginJar : add stm32_wpan
2024-10-06 16:49:41,532 [INFO] IPUIPlugin:80 - create IPUIPlugin
2024-10-06 16:49:41,532 [INFO] PluginManager:220 - loadIPPluginJar : add tracer_emb
2024-10-06 16:49:41,535 [INFO] IPUIPlugin:80 - create IPUIPlugin
2024-10-06 16:49:41,537 [INFO] PluginManager:220 - loadIPPluginJar : add plateformsettings
2024-10-06 16:49:41,539 [INFO] IPUIPlugin:80 - create IPUIPlugin
2024-10-06 16:49:41,539 [INFO] PluginManager:220 - loadIPPluginJar : add touchsensing
2024-10-06 16:49:41,540 [INFO] IPUIPlugin:80 - create IPUIPlugin
2024-10-06 16:49:41,540 [INFO] PluginManager:220 - loadIPPluginJar : add pdm2pcm
2024-10-06 16:49:41,542 [INFO] IPUIPlugin:80 - create IPUIPlugin
2024-10-06 16:49:41,542 [INFO] PluginManager:220 - loadIPPluginJar : add usbx
2024-10-06 16:49:41,543 [INFO] IPUIPlugin:80 - create IPUIPlugin
2024-10-06 16:49:41,543 [INFO] PluginManager:220 - loadIPPluginJar : add openamp
2024-10-06 16:49:41,545 [INFO] IPUIPlugin:80 - create IPUIPlugin
2024-10-06 16:49:41,545 [INFO] PluginManager:220 - loadIPPluginJar : add resmgrutility
2024-10-06 16:49:41,546 [INFO] IPUIPlugin:80 - create IPUIPlugin
2024-10-06 16:49:41,546 [INFO] PluginManager:220 - loadIPPluginJar : add opamp
2024-10-06 16:49:41,547 [INFO] IPUIPlugin:80 - create IPUIPlugin
2024-10-06 16:49:41,547 [INFO] PluginManager:220 - loadIPPluginJar : add genericplugin
2024-10-06 16:49:41,551 [INFO] IPUIPlugin:80 - create IPUIPlugin
2024-10-06 16:49:41,551 [INFO] PluginManager:220 - loadIPPluginJar : add mdma
2024-10-06 16:49:41,552 [INFO] IPUIPlugin:80 - create IPUIPlugin
2024-10-06 16:49:41,553 [INFO] PluginManager:220 - loadIPPluginJar : add aes
2024-10-06 16:49:41,553 [INFO] IPUIPlugin:80 - create IPUIPlugin
2024-10-06 16:49:41,553 [INFO] PluginManager:220 - loadIPPluginJar : add fatfs
2024-10-06 16:49:41,554 [INFO] IPUIPlugin:80 - create IPUIPlugin
2024-10-06 16:49:41,555 [INFO] PluginManager:220 - loadIPPluginJar : add radio
2024-10-06 16:49:41,556 [INFO] IPUIPlugin:80 - create IPUIPlugin
2024-10-06 16:49:41,556 [INFO] PluginManager:220 - loadIPPluginJar : add spi
2024-10-06 16:49:41,557 [INFO] IPUIPlugin:80 - create IPUIPlugin
2024-10-06 16:49:41,557 [INFO] PluginManager:220 - loadIPPluginJar : add sai
2024-10-06 16:49:41,558 [INFO] IPUIPlugin:80 - create IPUIPlugin
2024-10-06 16:49:41,558 [INFO] PluginManager:220 - loadIPPluginJar : add tsc
2024-10-06 16:49:41,559 [INFO] IPUIPlugin:80 - create IPUIPlugin
2024-10-06 16:49:41,559 [INFO] PluginManager:220 - loadIPPluginJar : add comp
2024-10-06 16:49:41,560 [INFO] IPUIPlugin:80 - create IPUIPlugin
2024-10-06 16:49:41,560 [INFO] PluginManager:220 - loadIPPluginJar : add lorawan
2024-10-06 16:49:41,562 [INFO] IPUIPlugin:80 - create IPUIPlugin
2024-10-06 16:49:41,562 [INFO] PluginManager:220 - loadIPPluginJar : add gpio
2024-10-06 16:49:41,563 [INFO] IPUIPlugin:80 - create IPUIPlugin
2024-10-06 16:49:41,563 [INFO] PluginManager:220 - loadIPPluginJar : add dfsdm
2024-10-06 16:49:41,567 [INFO] IPUIPlugin:80 - create IPUIPlugin
2024-10-06 16:49:41,568 [INFO] PluginManager:220 - loadIPPluginJar : add linkedlist
2024-10-06 16:49:41,569 [INFO] IPUIPlugin:80 - create IPUIPlugin
2024-10-06 16:49:41,569 [INFO] PluginManager:220 - loadIPPluginJar : add extmemmanager
2024-10-06 16:49:41,570 [INFO] IPUIPlugin:80 - create IPUIPlugin
2024-10-06 16:49:41,570 [INFO] PluginManager:220 - loadIPPluginJar : add gfxmmu
2024-10-06 16:49:41,572 [INFO] IPUIPlugin:80 - create IPUIPlugin
2024-10-06 16:49:41,572 [INFO] PluginManager:220 - loadIPPluginJar : add nvic
2024-10-06 16:49:41,574 [INFO] IPUIPlugin:80 - create IPUIPlugin
2024-10-06 16:49:41,574 [INFO] PluginManager:220 - loadIPPluginJar : add gtzc
2024-10-06 16:49:41,575 [INFO] IPUIPlugin:80 - create IPUIPlugin
2024-10-06 16:49:41,575 [INFO] PluginManager:220 - loadIPPluginJar : add i2s
2024-10-06 16:49:41,576 [INFO] IPUIPlugin:80 - create IPUIPlugin
2024-10-06 16:49:41,576 [INFO] PluginManager:220 - loadIPPluginJar : add dma3
2024-10-06 16:49:41,577 [INFO] IPUIPlugin:80 - create IPUIPlugin
2024-10-06 16:49:41,577 [INFO] PluginManager:220 - loadIPPluginJar : add quadspi
2024-10-06 16:49:41,578 [INFO] IPUIPlugin:80 - create IPUIPlugin
2024-10-06 16:49:41,579 [INFO] PluginManager:220 - loadIPPluginJar : add ipddr
2024-10-06 16:49:41,579 [INFO] IPUIPlugin:80 - create IPUIPlugin
2024-10-06 16:49:41,579 [INFO] PluginManager:220 - loadIPPluginJar : add tim
2024-10-06 16:49:41,583 [INFO] IPUIPlugin:80 - create IPUIPlugin
2024-10-06 16:49:41,583 [INFO] PluginManager:220 - loadIPPluginJar : add adc
2024-10-06 16:49:41,584 [INFO] IPUIPlugin:80 - create IPUIPlugin
2024-10-06 16:49:41,584 [INFO] PluginManager:220 - loadIPPluginJar : add i3c
2024-10-06 16:49:41,586 [INFO] IPUIPlugin:80 - create IPUIPlugin
2024-10-06 16:49:41,586 [INFO] PluginManager:220 - loadIPPluginJar : add usart
2024-10-06 16:49:41,587 [INFO] IPUIPlugin:80 - create IPUIPlugin
2024-10-06 16:49:41,587 [INFO] PluginManager:220 - loadIPPluginJar : add cryp
2024-10-06 16:49:41,590 [INFO] IPUIPlugin:80 - create IPUIPlugin
2024-10-06 16:49:41,590 [INFO] PluginManager:220 - loadIPPluginJar : add freertos
2024-10-06 16:49:41,591 [INFO] IPUIPlugin:80 - create IPUIPlugin
2024-10-06 16:49:41,591 [INFO] PluginManager:220 - loadIPPluginJar : add ddr_ctrl_phy
2024-10-06 16:49:41,592 [INFO] IPUIPlugin:80 - create IPUIPlugin
2024-10-06 16:49:41,592 [INFO] PluginManager:220 - loadIPPluginJar : add ucpd
2024-10-06 16:49:41,593 [INFO] IPUIPlugin:80 - create IPUIPlugin
2024-10-06 16:49:41,593 [INFO] PluginManager:220 - loadIPPluginJar : add can
2024-10-06 16:49:41,594 [INFO] IPUIPlugin:80 - create IPUIPlugin
2024-10-06 16:49:41,595 [INFO] PluginManager:220 - loadIPPluginJar : add i2c
2024-10-06 16:49:41,596 [INFO] IPUIPlugin:80 - create IPUIPlugin
2024-10-06 16:49:41,596 [INFO] PluginManager:220 - loadIPPluginJar : add hash
2024-10-06 16:49:41,596 [INFO] IPUIPlugin:80 - create IPUIPlugin
2024-10-06 16:49:41,596 [INFO] PluginManager:220 - loadIPPluginJar : add ltdc
2024-10-06 16:49:41,600 [INFO] IPUIPlugin:80 - create IPUIPlugin
2024-10-06 16:49:41,600 [INFO] PluginManager:220 - loadIPPluginJar : add dma
2024-10-06 16:49:41,601 [INFO] IPUIPlugin:80 - create IPUIPlugin
2024-10-06 16:49:41,601 [INFO] PluginManager:220 - loadIPPluginJar : add ts
2024-10-06 16:49:41,604 [INFO] IPUIPlugin:80 - create IPUIPlugin
2024-10-06 16:49:41,604 [INFO] PluginManager:220 - loadIPPluginJar : add fmc
2024-10-06 16:49:41,606 [INFO] IPUIPlugin:80 - create IPUIPlugin
2024-10-06 16:49:41,607 [INFO] PluginManager:220 - loadIPPluginJar : add gic
2024-10-06 16:49:41,698 [INFO] CADModel:165 - CPN selected for project level
2024-10-06 16:49:41,698 [INFO] CADModel:114 - Register for checkConnection events
2024-10-06 16:49:41,698 [FATAL] Updater:334 - Updater called before beeing initialized
2024-10-06 16:49:41,698 [ERROR] CADModel:125 - Updater not yet initialized, retry later 
2024-10-06 16:49:41,843 [INFO] CADModel:165 - CPN selected for project level
2024-10-06 16:49:41,843 [INFO] CADModel:114 - Register for checkConnection events
2024-10-06 16:49:41,843 [FATAL] Updater:334 - Updater called before beeing initialized
2024-10-06 16:49:41,843 [ERROR] CADModel:125 - Updater not yet initialized, retry later 
2024-10-06 16:49:41,850 [FATAL] Updater:334 - Updater called before beeing initialized
2024-10-06 16:49:42,015 [FATAL] Updater:334 - Updater called before beeing initialized
2024-10-06 16:49:42,020 [INFO] DbMcusAds:53 - JSON generation date=Fri Sep 20 08:04:23 CDT 2024 (1726837463113)
2024-10-06 16:49:42,020 [FATAL] Updater:334 - Updater called before beeing initialized
2024-10-06 16:49:42,054 [WARN] DetailPanel:346 - Failed to get advertising image, set to default
2024-10-06 16:49:42,118 [FATAL] Updater:334 - Updater called before beeing initialized
2024-10-06 16:49:42,119 [FATAL] Updater:334 - Updater called before beeing initialized
2024-10-06 16:49:42,119 [FATAL] Updater:334 - Updater called before beeing initialized
2024-10-06 16:49:42,120 [WARN] DetailPanel:346 - Failed to get advertising image, set to default
2024-10-06 16:49:42,120 [FATAL] Updater:334 - Updater called before beeing initialized
2024-10-06 16:49:42,140 [ERROR] Updater:1164 - MainUpdater not yet initialized. External WinMGr cannot be set.
2024-10-06 16:49:42,141 [INFO] Updater:1100 - Updater Version found : 6.12.1
2024-10-06 16:49:42,152 [INFO] ApplicationProperties:184 - Using Application install path: /home/cdelong/st/stm32cubeide_1.16.1/plugins/com.st.stm32cube.common.mx_6.12.1.202409122256
2024-10-06 16:49:43,164 [INFO] MainUpdater:2873 - connection check result : 10
2024-10-06 16:49:43,166 [INFO] MainUpdater:290 - Updater Check For Update Now.
2024-10-06 16:49:43,166 [INFO] MicroXplorer:498 - Change Database Version : DB.6.0.121
2024-10-06 16:49:43,179 [INFO] McuFinderGlobals:63 - Set McuFinder mode to 2 (CubeIDE integrated)
2024-10-06 16:49:43,181 [INFO] UserAuth:417 - Internet connection configuration mode: 1
2024-10-06 16:49:43,208 [INFO] JxBrowserEngine:152 - Initiate JxBrowser Engine with user profile folder
2024-10-06 16:49:43,488 [INFO] CheckServerUpdateThread:120 - End of CheckServer Thread
2024-10-06 16:49:44,162 [INFO] WebApp:167 - Instantiating new browser for Auth
2024-10-06 16:49:44,550 [WARN] PackLoader:240 - Cannot read IP mode file for STMicroelectronics.FP-SNS-MOTENVWB1.1.4.0
2024-10-06 16:49:44,557 [WARN] PackLoader:240 - Cannot read IP mode file for STMicroelectronics.X-CUBE-SMBUS.2.1.0
2024-10-06 16:49:44,565 [WARN] PackLoader:240 - Cannot read IP mode file for STMicroelectronics.X-CUBE-WB05N.1.1.0
2024-10-06 16:49:44,589 [WARN] PackLoader:240 - Cannot read IP mode file for STMicroelectronics.X-CUBE-AZRTOS-F7.1.1.0
2024-10-06 16:49:44,650 [WARN] PackLoader:240 - Cannot read IP mode file for STMicroelectronics.X-CUBE-MEMS1.11.0.0
2024-10-06 16:49:44,794 [WARN] PackLoader:240 - Cannot read IP mode file for STMicroelectronics.FP-SNS-FLIGHT1.5.0.2
2024-10-06 16:49:44,799 [WARN] PackLoader:240 - Cannot read IP mode file for STMicroelectronics.X-CUBE-DISPLAY.3.0.0
2024-10-06 16:49:44,805 [WARN] PackLoader:240 - Cannot read IP mode file for STMicroelectronics.X-CUBE-BLE1.7.0.0
2024-10-06 16:49:44,812 [WARN] PackLoader:240 - Cannot read IP mode file for STMicroelectronics.X-CUBE-NFC10.1.0.0
2024-10-06 16:49:44,816 [WARN] PackLoader:240 - Cannot read IP mode file for emotas.I-CUBE-CANOPEN.1.3.0
2024-10-06 16:49:44,836 [WARN] PackLoader:240 - Cannot read IP mode file for STMicroelectronics.X-CUBE-BLEMGR.3.1.0
2024-10-06 16:49:44,843 [WARN] PackLoader:240 - Cannot read IP mode file for STMicroelectronics.FP-SNS-SMARTAG2.1.2.0
2024-10-06 16:49:44,853 [INFO] LogOutputStream:77 - [STDOUT_REDIRECT] 1 : Invalid condition id : UX_CORESTACK_Condition cause : null
2024-10-06 16:49:44,853 [INFO] LogOutputStream:77 - [STDOUT_REDIRECT] 1 : Invalid condition id : UX_CORESTACK_Condition cause : null
2024-10-06 16:49:44,853 [INFO] LogOutputStream:77 - [STDOUT_REDIRECT] 1 : Invalid condition id : UX_CORESTACK_Condition cause : null
2024-10-06 16:49:44,854 [INFO] LogOutputStream:77 - [STDOUT_REDIRECT] 1 : Invalid condition id : UX_CORESTACK_Condition cause : null
2024-10-06 16:49:44,854 [INFO] LogOutputStream:77 - [STDOUT_REDIRECT] 1 : Invalid condition id : UX_CORESTACK_Condition cause : null
2024-10-06 16:49:44,859 [WARN] PackLoader:240 - Cannot read IP mode file for STMicroelectronics.X-CUBE-AZRTOS-WL.2.0.0
2024-10-06 16:49:44,863 [WARN] PackLoader:240 - Cannot read IP mode file for STMicroelectronics.FP-SNS-MOTENV1.5.0.0
2024-10-06 16:49:44,865 [WARN] PackLoader:240 - Cannot read IP mode file for wolfSSL.I-CUBE-wolfMQTT.1.19.0
2024-10-06 16:49:44,869 [WARN] PackLoader:240 - Cannot read IP mode file for WES.I-CUBE-Cesium.1.3.0
2024-10-06 16:49:44,871 [WARN] PackLoader:240 - Cannot read IP mode file for STMicroelectronics.X-CUBE-BLE2.3.3.0
2024-10-06 16:49:44,875 [WARN] PackLoader:240 - Cannot read IP mode file for STMicroelectronics.X-CUBE-NFC9.1.0.0
2024-10-06 16:49:44,879 [WARN] PackLoader:240 - Cannot read IP mode file for STMicroelectronics.X-CUBE-TCPP.4.1.0
2024-10-06 16:49:44,890 [WARN] PackLoader:240 - Cannot read IP mode file for STMicroelectronics.X-CUBE-AZRTOS-G0.1.1.0
2024-10-06 16:49:44,895 [WARN] PackLoader:240 - Cannot read IP mode file for STMicroelectronics.X-CUBE-SAFEA1.1.2.2
2024-10-06 16:49:44,898 [WARN] PackLoader:240 - Cannot read IP mode file for STMicroelectronics.X-CUBE-NFC4.3.0.0
2024-10-06 16:49:44,905 [WARN] PackLoader:240 - Cannot read IP mode file for EmbeddedOffice.I-CUBE-FS-RTOS.1.0.1
2024-10-06 16:49:44,905 [ERROR] ConditionMgr:805 - Attr not supported : Dmpu
2024-10-06 16:49:44,906 [ERROR] ConditionMgr:805 - Attr not supported : Dmpu
2024-10-06 16:49:44,906 [ERROR] ConditionMgr:805 - Attr not supported : Dmpu
2024-10-06 16:49:44,906 [ERROR] ConditionMgr:805 - Attr not supported : Dmpu
2024-10-06 16:49:44,906 [ERROR] ConditionMgr:805 - Attr not supported : Dmpu
2024-10-06 16:49:44,906 [ERROR] ConditionMgr:805 - Attr not supported : Dmpu
2024-10-06 16:49:44,906 [ERROR] ConditionMgr:805 - Attr not supported : Dmpu
2024-10-06 16:49:44,906 [ERROR] ConditionMgr:805 - Attr not supported : Dmpu
2024-10-06 16:49:44,906 [ERROR] ConditionMgr:805 - Attr not supported : Dmpu
2024-10-06 16:49:44,906 [ERROR] ConditionMgr:805 - Attr not supported : Dmpu
2024-10-06 16:49:44,906 [ERROR] ConditionMgr:805 - Attr not supported : Dmpu
2024-10-06 16:49:44,906 [ERROR] ConditionMgr:805 - Attr not supported : Dmpu
2024-10-06 16:49:44,906 [ERROR] ConditionMgr:805 - Attr not supported : Dmpu
2024-10-06 16:49:44,906 [ERROR] ConditionMgr:805 - Attr not supported : Dmpu
2024-10-06 16:49:44,906 [ERROR] ConditionMgr:805 - Attr not supported : Dmpu
2024-10-06 16:49:44,907 [ERROR] ConditionMgr:805 - Attr not supported : Dmpu
2024-10-06 16:49:44,907 [ERROR] ConditionMgr:805 - Attr not supported : Dmpu
2024-10-06 16:49:44,907 [ERROR] ConditionMgr:805 - Attr not supported : Dmpu
2024-10-06 16:49:44,907 [ERROR] ConditionMgr:805 - Attr not supported : Dmpu
2024-10-06 16:49:44,907 [ERROR] ConditionMgr:805 - Attr not supported : Dmpu
2024-10-06 16:49:44,907 [ERROR] ConditionMgr:805 - Attr not supported : Dmpu
2024-10-06 16:49:44,907 [ERROR] ConditionMgr:805 - Attr not supported : Dmpu
2024-10-06 16:49:44,907 [ERROR] ConditionMgr:805 - Attr not supported : Dmpu
2024-10-06 16:49:44,907 [ERROR] ConditionMgr:805 - Attr not supported : Dmpu
2024-10-06 16:49:44,907 [ERROR] ConditionMgr:805 - Attr not supported : Dmpu
2024-10-06 16:49:44,908 [ERROR] ConditionMgr:805 - Attr not supported : Dmpu
2024-10-06 16:49:44,908 [ERROR] ConditionMgr:805 - Attr not supported : Dmpu
2024-10-06 16:49:44,908 [ERROR] ConditionMgr:805 - Attr not supported : Dmpu
2024-10-06 16:49:44,908 [ERROR] ConditionMgr:805 - Attr not supported : Dmpu
2024-10-06 16:49:44,908 [ERROR] ConditionMgr:805 - Attr not supported : Dmpu
2024-10-06 16:49:44,908 [ERROR] ConditionMgr:805 - Attr not supported : Dmpu
2024-10-06 16:49:44,908 [ERROR] ConditionMgr:805 - Attr not supported : Dmpu
2024-10-06 16:49:44,908 [ERROR] ConditionMgr:805 - Attr not supported : Dmpu
2024-10-06 16:49:44,908 [ERROR] ConditionMgr:805 - Attr not supported : Dmpu
2024-10-06 16:49:44,908 [ERROR] ConditionMgr:805 - Attr not supported : Dmpu
2024-10-06 16:49:44,908 [ERROR] ConditionMgr:805 - Attr not supported : Dmpu
2024-10-06 16:49:44,908 [ERROR] ConditionMgr:805 - Attr not supported : Dmpu
2024-10-06 16:49:44,908 [ERROR] ConditionMgr:805 - Attr not supported : Dmpu
2024-10-06 16:49:44,909 [ERROR] ConditionMgr:805 - Attr not supported : Dmpu
2024-10-06 16:49:44,909 [ERROR] ConditionMgr:805 - Attr not supported : Dmpu
2024-10-06 16:49:44,909 [ERROR] ConditionMgr:805 - Attr not supported : Dmpu
2024-10-06 16:49:44,909 [ERROR] ConditionMgr:805 - Attr not supported : Dmpu
2024-10-06 16:49:44,909 [ERROR] ConditionMgr:805 - Attr not supported : Dmpu
2024-10-06 16:49:44,909 [ERROR] ConditionMgr:805 - Attr not supported : Dmpu
2024-10-06 16:49:44,909 [ERROR] ConditionMgr:805 - Attr not supported : Dmpu
2024-10-06 16:49:44,909 [ERROR] ConditionMgr:805 - Attr not supported : Dmpu
2024-10-06 16:49:44,909 [ERROR] ConditionMgr:805 - Attr not supported : Dmpu
2024-10-06 16:49:44,909 [ERROR] ConditionMgr:805 - Attr not supported : Dmpu
2024-10-06 16:49:44,909 [ERROR] ConditionMgr:805 - Attr not supported : Dmpu
2024-10-06 16:49:44,909 [ERROR] ConditionMgr:805 - Attr not supported : Dmpu
2024-10-06 16:49:44,909 [ERROR] ConditionMgr:805 - Attr not supported : Dmpu
2024-10-06 16:49:44,910 [ERROR] ConditionMgr:805 - Attr not supported : Dmpu
2024-10-06 16:49:44,910 [ERROR] ConditionMgr:805 - Attr not supported : Dmpu
2024-10-06 16:49:44,910 [ERROR] ConditionMgr:805 - Attr not supported : Dmpu
2024-10-06 16:49:44,910 [ERROR] ConditionMgr:805 - Attr not supported : Dmpu
2024-10-06 16:49:44,910 [ERROR] ConditionMgr:805 - Attr not supported : Dmpu
2024-10-06 16:49:44,910 [ERROR] ConditionMgr:805 - Attr not supported : Dmpu
2024-10-06 16:49:44,910 [ERROR] ConditionMgr:805 - Attr not supported : Dmpu
2024-10-06 16:49:44,910 [ERROR] ConditionMgr:805 - Attr not supported : Dmpu
2024-10-06 16:49:44,910 [ERROR] ConditionMgr:805 - Attr not supported : Dmpu
2024-10-06 16:49:44,910 [ERROR] ConditionMgr:805 - Attr not supported : Dmpu
2024-10-06 16:49:44,911 [ERROR] ConditionMgr:805 - Attr not supported : Dmpu
2024-10-06 16:49:44,911 [ERROR] ConditionMgr:805 - Attr not supported : Dmpu
2024-10-06 16:49:44,911 [ERROR] ConditionMgr:805 - Attr not supported : Dmpu
2024-10-06 16:49:44,913 [WARN] PackLoader:240 - Cannot read IP mode file for RealThread.X-CUBE-RT-Thread_Nano.4.1.1
2024-10-06 16:49:44,915 [WARN] PackLoader:240 - Cannot read IP mode file for STMicroelectronics.FP-ATR-SIGFOX1.3.2.0
2024-10-06 16:49:44,916 [WARN] PackLoader:240 - Cannot read IP mode file for wolfSSL.I-CUBE-wolfSSL.5.7.2
2024-10-06 16:49:44,919 [WARN] PackLoader:240 - Cannot read IP mode file for STMicroelectronics.X-CUBE-EEPRMA1.5.1.0
2024-10-06 16:49:44,924 [WARN] PackLoader:240 - Cannot read IP mode file for ITTIA_DB.I-CUBE-ITTIADB.8.9.0
2024-10-06 16:49:44,947 [WARN] PackLoader:240 - Cannot read IP mode file for SEGGER.I-CUBE-embOS.1.3.1
2024-10-06 16:49:44,992 [WARN] PackLoader:240 - Cannot read IP mode file for STMicroelectronics.X-CUBE-ALGOBUILD.1.4.0
2024-10-06 16:49:44,994 [WARN] PackLoader:240 - Cannot read IP mode file for STMicroelectronics.X-CUBE-AI.9.1.0
2024-10-06 16:49:45,004 [WARN] PackLoader:240 - Cannot read IP mode file for STMicroelectronics.X-CUBE-AZRTOS-F4.1.1.0
2024-10-06 16:49:45,007 [WARN] PackLoader:240 - Cannot read IP mode file for STMicroelectronics.X-CUBE-ISPU.2.1.0
2024-10-06 16:49:45,010 [WARN] PackLoader:240 - Cannot read IP mode file for STMicroelectronics.X-CUBE-FREERTOS.1.2.0
2024-10-06 16:49:45,021 [WARN] PackLoader:240 - Cannot read IP mode file for STMicroelectronics.X-CUBE-AZRTOS-L5.2.0.0
2024-10-06 16:49:45,028 [WARN] PackLoader:240 - Cannot read IP mode file for STMicroelectronics.X-CUBE-NFC6.3.1.0
2024-10-06 16:49:45,032 [WARN] PackLoader:240 - Cannot read IP mode file for STMicroelectronics.X-CUBE-DPower.1.2.0
2024-10-06 16:49:45,034 [WARN] PackLoader:240 - Cannot read IP mode file for STMicroelectronics.X-CUBE-AI.9.0.0
2024-10-06 16:49:45,037 [WARN] PackLoader:240 - Cannot read IP mode file for STMicroelectronics.X-CUBE-NFC7.1.0.1
2024-10-06 16:49:45,050 [WARN] ConditionMgr:438 - getConditionDescription Invalid condition id : LAN8742 Phy interface Condition cause : null
2024-10-06 16:49:45,050 [WARN] PackLoader:240 - Cannot read IP mode file for STMicroelectronics.X-CUBE-AZRTOS-L4.2.0.0
2024-10-06 16:49:45,051 [WARN] ConditionMgr:1039 - genDependencies : Invalid condition id : LAN8742 Phy interface Condition cause : null
2024-10-06 16:49:45,052 [WARN] ConditionMgr:1039 - genDependencies : Invalid condition id : LAN8742 Phy interface Condition cause : null
2024-10-06 16:49:45,052 [WARN] ConditionMgr:1039 - genDependencies : Invalid condition id : LAN8742 Phy interface Condition cause : null
2024-10-06 16:49:45,056 [WARN] PackLoader:240 - Cannot read IP mode file for STMicroelectronics.X-CUBE-SFXS2LP1.4.0.0
2024-10-06 16:49:45,071 [WARN] PackLoader:240 - Cannot read IP mode file for STMicroelectronics.X-CUBE-AZRTOS-H7.3.3.0
2024-10-06 16:49:45,081 [WARN] PackLoader:240 - Cannot read IP mode file for STMicroelectronics.X-CUBE-IPS.3.0.0
2024-10-06 16:49:45,091 [WARN] ConditionMgr:438 - getConditionDescription Invalid condition id : UX DEVICE CLASS RTOS Condition cause : null
2024-10-06 16:49:45,091 [WARN] ConditionMgr:438 - getConditionDescription Invalid condition id : UX DEVICE CLASS RTOS Condition cause : null
2024-10-06 16:49:45,092 [WARN] PackLoader:240 - Cannot read IP mode file for STMicroelectronics.X-CUBE-AZRTOS-WB.2.0.0
2024-10-06 16:49:45,093 [WARN] ConditionMgr:1039 - genDependencies : Invalid condition id : UX DEVICE CLASS RTOS Condition cause : null
2024-10-06 16:49:45,093 [WARN] ConditionMgr:1039 - genDependencies : Invalid condition id : UX DEVICE CLASS RTOS Condition cause : null
2024-10-06 16:49:45,093 [WARN] ConditionMgr:1039 - genDependencies : Invalid condition id : UX DEVICE CLASS RTOS Condition cause : null
2024-10-06 16:49:45,093 [WARN] ConditionMgr:1039 - genDependencies : Invalid condition id : UX DEVICE CLASS RTOS Condition cause : null
2024-10-06 16:49:45,093 [WARN] ConditionMgr:1039 - genDependencies : Invalid condition id : UX DEVICE CLASS RTOS Condition cause : null
2024-10-06 16:49:45,095 [INFO] WebApp:448 - Apply proxy settings
2024-10-06 16:49:45,095 [INFO] WebApp:533 - Chromium requires no authentication
2024-10-06 16:49:45,096 [WARN] PackLoader:240 - Cannot read IP mode file for STMicroelectronics.X-CUBE-GNSS1.7.0.0
2024-10-06 16:49:45,100 [INFO] WebApp:476 - Direct internet connection detected
2024-10-06 16:49:45,101 [WARN] PackLoader:240 - Cannot read IP mode file for STMicroelectronics.FP-SNS-STBOX1.2.0.0
2024-10-06 16:49:45,109 [WARN] PackLoader:240 - Cannot read IP mode file for STMicroelectronics.X-CUBE-SUBG2.5.0.0
2024-10-06 16:49:45,114 [WARN] PackLoader:240 - Cannot read IP mode file for Cesanta.I-CUBE-Mongoose.7.13.0
2024-10-06 16:49:45,116 [INFO] WebApp:869 - Register for checkConnection events
2024-10-06 16:49:45,116 [INFO] WebApp:448 - Apply proxy settings
2024-10-06 16:49:45,116 [INFO] WebApp:533 - Chromium requires no authentication
2024-10-06 16:49:45,116 [INFO] WebApp:476 - Direct internet connection detected
2024-10-06 16:49:45,126 [WARN] PackLoader:240 - Cannot read IP mode file for STMicroelectronics.X-CUBE-AZRTOS-G4.2.0.0
2024-10-06 16:49:45,129 [WARN] PackLoader:240 - Cannot read IP mode file for STMicroelectronics.X-CUBE-ALS.1.0.2
2024-10-06 16:49:45,132 [WARN] PackLoader:240 - Cannot read IP mode file for STMicroelectronics.X-CUBE-TOUCHGFX.4.24.1
2024-10-06 16:49:45,133 [WARN] PackLoader:240 - Cannot read IP mode file for wolfSSL.I-CUBE-wolfTPM.3.4.0
2024-10-06 16:49:45,135 [WARN] PackLoader:240 - Cannot read IP mode file for portGmbH.I-Cube-SoM-uGOAL.1.1.0
2024-10-06 16:49:45,147 [WARN] PackLoader:240 - Cannot read IP mode file for STMicroelectronics.X-CUBE-AZRTOS-H7RS.1.0.0
2024-10-06 16:49:45,150 [WARN] PackLoader:240 - Cannot read IP mode file for STMicroelectronics.FP-ATR-ASTRA1.2.0.0
2024-10-06 16:49:45,156 [WARN] PackLoader:240 - Cannot read IP mode file for STMicroelectronics.X-CUBE-TOF1.3.4.2
2024-10-06 16:49:45,176 [WARN] PackLoader:240 - Cannot read IP mode file for Infineon.AIROC-Wi-Fi-Bluetooth-STM32.1.6.1
2024-10-06 16:49:45,180 [WARN] PackLoader:240 - Cannot read IP mode file for wolfSSL.I-CUBE-wolfSSH.1.4.17
2024-10-06 16:49:45,180 [INFO] ThirdParty:978 - Integrity check success = true
2024-10-06 16:49:45,180 [INFO] IntegrityCheckThread:100 - exiting critical section [integrity check]
2024-10-06 16:49:45,180 [INFO] IntegrityCheckThread:103 - End integrity checks thread
2024-10-06 16:49:45,220 [INFO] WebApp:220 - Starting web application
2024-10-06 16:49:45,220 [INFO] WebApp:578 - Web application path used /home/cdelong/st/stm32cubeide_1.16.1/plugins/com.st.stm32cube.common.mx_6.12.1.202409122256/db/plugins/mcufinder/reactClient1/index.html
2024-10-06 16:49:45,289 [INFO] UserAuth:417 - Internet connection configuration mode: 1
2024-10-06 16:49:45,488 [INFO] WebApp:186 - Connection restablished
2024-10-06 16:49:56,294 [ERROR] LogOutputStream:75 - [STDERR_REDIRECT] 
2024-10-06 16:52:38,541 [INFO] Activator:176 - 


2024-10-06 16:52:38,542 [INFO] Activator:177 - !SESSION log4j initialized
2024-10-06 16:52:40,750 [INFO] LogOutputStream:77 - [STDOUT_REDIRECT] 
2024-10-06 16:52:42,758 [INFO] ApplicationProperties:184 - Using Application install path: /home/cdelong/st/stm32cubeide_1.16.1/plugins/com.st.stm32cube.common.mx_6.12.1.202409122256
2024-10-06 16:52:42,770 [INFO] DbMcusXml:78 - Set database path to: /home/cdelong/st/stm32cubeide_1.16.1/plugins/com.st.stm32cube.common.mx_6.12.1.202409122256//db//mcu/
2024-10-06 16:52:42,770 [INFO] ApiDb:274 - Set plugin database path to: /home/cdelong/st/stm32cubeide_1.16.1/plugins/com.st.stm32cube.common.mx_6.12.1.202409122256//db//plugins/boardmanager/
2024-10-06 16:52:42,770 [WARN] ApiDb:259 - Overriding images path with different value:  => /home/cdelong/st/stm32cubeide_1.16.1/plugins/com.st.stm32cube.common.mx_6.12.1.202409122256//db//plugins/mcufinder/images/
2024-10-06 16:52:42,773 [INFO] ApiDb:250 - Set database path to: /home/cdelong/.stmcufinder/plugins/mcufinder//mcu/
2024-10-06 16:52:42,774 [INFO] DbMcusAds:125 - Set database path to: /home/cdelong/.stmcufinder/plugins/mcufinder//mcu/
2024-10-06 16:52:42,775 [INFO] CrossReferenceDbSqlite:203 - Set database path to: /home/cdelong/.stmcufinder/plugins/mcufinder//mcu/cs/
2024-10-06 16:52:42,869 [INFO] RulesReader:64 - Compatibility file has been processed (297 Rules)
2024-10-06 16:52:42,911 [INFO] DbMcusXml:78 - Set database path to: /home/cdelong/st/stm32cubeide_1.16.1/plugins/com.st.stm32cube.common.mx_6.12.1.202409122256//db//mcu/
2024-10-06 16:52:42,911 [INFO] ApiDb:274 - Set plugin database path to: /home/cdelong/st/stm32cubeide_1.16.1/plugins/com.st.stm32cube.common.mx_6.12.1.202409122256//db//plugins/boardmanager/
2024-10-06 16:52:42,911 [INFO] ApiDb:261 - Set plugin images path to: /home/cdelong/st/stm32cubeide_1.16.1/plugins/com.st.stm32cube.common.mx_6.12.1.202409122256//db//plugins/mcufinder/images/
2024-10-06 16:52:42,911 [WARN] DbFile:41 - Overriding database path with different value: /home/cdelong/.stmcufinder/plugins/mcufinder/ => /home/cdelong/.stmcufinder/plugins/mcufinder
2024-10-06 16:52:42,911 [INFO] ApiDb:250 - Set database path to: /home/cdelong/.stmcufinder/plugins/mcufinder//mcu/
2024-10-06 16:52:42,911 [WARN] DbFile:41 - Overriding database path with different value: /home/cdelong/.stmcufinder/plugins/mcufinder/ => /home/cdelong/.stmcufinder/plugins/mcufinder
2024-10-06 16:52:42,911 [INFO] DbMcusAds:125 - Set database path to: /home/cdelong/.stmcufinder/plugins/mcufinder//mcu/
2024-10-06 16:52:42,911 [WARN] DbFile:41 - Overriding database path with different value: /home/cdelong/.stmcufinder/plugins/mcufinder/ => /home/cdelong/.stmcufinder/plugins/mcufinder
2024-10-06 16:52:42,911 [WARN] DbFile:41 - Overriding database path with different value: /home/cdelong/.stmcufinder/plugins/mcufinder/ => /home/cdelong/.stmcufinder/plugins/mcufinder
2024-10-06 16:52:42,912 [INFO] CrossReferenceDbSqlite:203 - Set database path to: /home/cdelong/.stmcufinder/plugins/mcufinder//mcu/cs/
2024-10-06 16:52:42,959 [INFO] MainPanel:268 - HeapMemory: 268435456
2024-10-06 16:52:43,029 [INFO] DbMcusXml:78 - Set database path to: /home/cdelong/st/stm32cubeide_1.16.1/plugins/com.st.stm32cube.common.mx_6.12.1.202409122256//db//mcu/
2024-10-06 16:52:43,029 [INFO] ApiDb:274 - Set plugin database path to: /home/cdelong/st/stm32cubeide_1.16.1/plugins/com.st.stm32cube.common.mx_6.12.1.202409122256//db//plugins/boardmanager/
2024-10-06 16:52:43,029 [INFO] ApiDb:261 - Set plugin images path to: /home/cdelong/st/stm32cubeide_1.16.1/plugins/com.st.stm32cube.common.mx_6.12.1.202409122256//db//plugins/mcufinder/images/
2024-10-06 16:52:43,030 [WARN] DbFile:41 - Overriding database path with different value: /home/cdelong/.stmcufinder/plugins/mcufinder/ => /home/cdelong/.stmcufinder/plugins/mcufinder
2024-10-06 16:52:43,030 [INFO] ApiDb:250 - Set database path to: /home/cdelong/.stmcufinder/plugins/mcufinder//mcu/
2024-10-06 16:52:43,030 [WARN] DbFile:41 - Overriding database path with different value: /home/cdelong/.stmcufinder/plugins/mcufinder/ => /home/cdelong/.stmcufinder/plugins/mcufinder
2024-10-06 16:52:43,030 [INFO] DbMcusAds:125 - Set database path to: /home/cdelong/.stmcufinder/plugins/mcufinder//mcu/
2024-10-06 16:52:43,030 [WARN] DbFile:41 - Overriding database path with different value: /home/cdelong/.stmcufinder/plugins/mcufinder/ => /home/cdelong/.stmcufinder/plugins/mcufinder
2024-10-06 16:52:43,030 [WARN] DbFile:41 - Overriding database path with different value: /home/cdelong/.stmcufinder/plugins/mcufinder/ => /home/cdelong/.stmcufinder/plugins/mcufinder
2024-10-06 16:52:43,030 [INFO] CrossReferenceDbSqlite:203 - Set database path to: /home/cdelong/.stmcufinder/plugins/mcufinder//mcu/cs/
2024-10-06 16:52:43,039 [INFO] ApplicationProperties:184 - Using Application install path: /home/cdelong/st/stm32cubeide_1.16.1/plugins/com.st.stm32cube.common.mx_6.12.1.202409122256
2024-10-06 16:52:43,040 [INFO] PluginManage:196 - Search for loadable plugins [exclusion list=, ]
2024-10-06 16:52:43,041 [INFO] PluginManage:310 - Check plugin analytics
2024-10-06 16:52:43,132 [INFO] AnalyticsPlugin:253 - Accepted Software Licenses: 
2024-10-06 16:52:43,132 [INFO] AnalyticsPlugin:255 - Accepted CMSIS Pack Licenses: 
2024-10-06 16:52:43,133 [INFO] AnalyticsPlugin:257 - Accepted Firmware Licenses: FW.F4.1.28.0
2024-10-06 16:52:43,134 [INFO] PluginManage:359 - Loaded plugin analytics (category:tool,tabindex:-1)
2024-10-06 16:52:43,134 [INFO] PluginManage:310 - Check plugin cadmodel
2024-10-06 16:52:43,136 [INFO] CADModel:105 - Init CAD model plugin
2024-10-06 16:52:43,137 [INFO] PluginManage:359 - Loaded plugin cadmodel (category:power,tabindex:5)
2024-10-06 16:52:43,137 [INFO] PluginManage:310 - Check plugin clock
2024-10-06 16:52:43,141 [INFO] PluginManage:359 - Loaded plugin clock (category:base,tabindex:2)
2024-10-06 16:52:43,141 [INFO] PluginManage:310 - Check plugin ddr
2024-10-06 16:52:43,143 [INFO] PluginManage:359 - Loaded plugin ddr (category:tool,tabindex:6)
2024-10-06 16:52:43,143 [INFO] PluginManage:310 - Check plugin filemanager
2024-10-06 16:52:43,225 [INFO] PluginManage:359 - Loaded plugin filemanager (category:base,tabindex:10)
2024-10-06 16:52:43,225 [INFO] PluginManage:310 - Check plugin ipmanager
2024-10-06 16:52:43,228 [INFO] PluginManage:359 - Loaded plugin ipmanager (category:base,tabindex:5)
2024-10-06 16:52:43,228 [INFO] PluginManage:310 - Check plugin lpbam
2024-10-06 16:52:43,233 [INFO] PluginManage:359 - Loaded plugin lpbam (category:base,tabindex:0)
2024-10-06 16:52:43,234 [INFO] PluginManage:310 - Check plugin memorymap
2024-10-06 16:52:43,240 [INFO] PluginManage:359 - Loaded plugin memorymap (category:base,tabindex:4)
2024-10-06 16:52:43,240 [INFO] PluginManage:310 - Check plugin pinoutandconfiguration
2024-10-06 16:52:43,245 [INFO] PluginManage:359 - Loaded plugin pinoutandconfiguration (category:base,tabindex:1)
2024-10-06 16:52:43,245 [INFO] PluginManage:310 - Check plugin pinoutconfig
2024-10-06 16:52:43,297 [WARN] SupportedApi:132 - Cannot load RTOS API schema: s4s-elt-must-match.1: The content of 'definitions' must match (annotation?, (simpleType | complexType)?, (unique | key | keyref)*)). A problem was found starting at: attribute.
2024-10-06 16:52:43,377 [INFO] PluginManage:359 - Loaded plugin pinoutconfig (category:base,tabindex:0)
2024-10-06 16:52:43,378 [INFO] PluginManage:310 - Check plugin power
2024-10-06 16:52:43,382 [INFO] PluginManage:359 - Loaded plugin power (category:power,tabindex:4)
2024-10-06 16:52:43,382 [INFO] PluginManage:310 - Check plugin projectmanager
2024-10-06 16:52:43,392 [INFO] PluginManage:359 - Loaded plugin projectmanager (category:projectmanager,tabindex:4)
2024-10-06 16:52:43,392 [INFO] PluginManage:310 - Check plugin rif
2024-10-06 16:52:43,394 [INFO] PluginManage:359 - Loaded plugin rif (category:base,tabindex:3)
2024-10-06 16:52:43,395 [INFO] PluginManage:310 - Check plugin thirdparty
2024-10-06 16:52:43,461 [INFO] PluginManage:359 - Loaded plugin thirdparty (category:base,tabindex:-1)
2024-10-06 16:52:43,461 [WARN] IntegrityCheckThread:84 - waiting for thirdparty lock release [integrity check]
2024-10-06 16:52:43,462 [INFO] PluginManage:310 - Check plugin tools
2024-10-06 16:52:43,462 [INFO] IntegrityCheckThread:86 - entering critical section [integrity check]
2024-10-06 16:52:43,462 [INFO] ThirdPartyUpdaterWithRetryManager:70 - Updater plugin not ready yet. [1/15]
2024-10-06 16:52:43,463 [INFO] PluginManage:359 - Loaded plugin tools (category:base,tabindex:7)
2024-10-06 16:52:43,463 [INFO] PluginManage:310 - Check plugin tutovideos
2024-10-06 16:52:43,580 [INFO] PluginManage:359 - Loaded plugin tutovideos (category:base,tabindex:-1)
2024-10-06 16:52:43,580 [INFO] PluginManage:310 - Check plugin updater
2024-10-06 16:52:43,590 [INFO] PluginManage:359 - Loaded plugin updater (category:base,tabindex:12)
2024-10-06 16:52:43,590 [INFO] PluginManage:310 - Check plugin userauth
2024-10-06 16:52:43,594 [INFO] UserAuth:113 - Init User Auth plugin
2024-10-06 16:52:43,594 [INFO] PluginManage:359 - Loaded plugin userauth (category:base,tabindex:14)
2024-10-06 16:52:43,594 [INFO] PluginManage:283 - PluginManage : Loaded plugins [18]
2024-10-06 16:52:43,698 [INFO] PinOutPanel:1561 - setPackage(No Configuration,No Configuration)
2024-10-06 16:52:43,743 [INFO] CADModel:165 - CPN selected for project level
2024-10-06 16:52:43,743 [INFO] CADModel:114 - Register for checkConnection events
2024-10-06 16:52:43,752 [INFO] IPUIPlugin:80 - create IPUIPlugin
2024-10-06 16:52:43,753 [INFO] PluginManager:220 - loadIPPluginJar : add stm32_wpan
2024-10-06 16:52:43,754 [INFO] IPUIPlugin:80 - create IPUIPlugin
2024-10-06 16:52:43,754 [INFO] PluginManager:220 - loadIPPluginJar : add tracer_emb
2024-10-06 16:52:43,757 [INFO] IPUIPlugin:80 - create IPUIPlugin
2024-10-06 16:52:43,758 [INFO] PluginManager:220 - loadIPPluginJar : add plateformsettings
2024-10-06 16:52:43,760 [INFO] IPUIPlugin:80 - create IPUIPlugin
2024-10-06 16:52:43,760 [INFO] PluginManager:220 - loadIPPluginJar : add touchsensing
2024-10-06 16:52:43,762 [INFO] IPUIPlugin:80 - create IPUIPlugin
2024-10-06 16:52:43,762 [INFO] PluginManager:220 - loadIPPluginJar : add pdm2pcm
2024-10-06 16:52:43,763 [INFO] IPUIPlugin:80 - create IPUIPlugin
2024-10-06 16:52:43,763 [INFO] PluginManager:220 - loadIPPluginJar : add usbx
2024-10-06 16:52:43,764 [INFO] IPUIPlugin:80 - create IPUIPlugin
2024-10-06 16:52:43,765 [INFO] PluginManager:220 - loadIPPluginJar : add openamp
2024-10-06 16:52:43,766 [INFO] IPUIPlugin:80 - create IPUIPlugin
2024-10-06 16:52:43,766 [INFO] PluginManager:220 - loadIPPluginJar : add resmgrutility
2024-10-06 16:52:43,768 [INFO] IPUIPlugin:80 - create IPUIPlugin
2024-10-06 16:52:43,768 [INFO] PluginManager:220 - loadIPPluginJar : add opamp
2024-10-06 16:52:43,769 [INFO] IPUIPlugin:80 - create IPUIPlugin
2024-10-06 16:52:43,769 [INFO] PluginManager:220 - loadIPPluginJar : add genericplugin
2024-10-06 16:52:43,772 [INFO] IPUIPlugin:80 - create IPUIPlugin
2024-10-06 16:52:43,773 [INFO] PluginManager:220 - loadIPPluginJar : add mdma
2024-10-06 16:52:43,774 [INFO] IPUIPlugin:80 - create IPUIPlugin
2024-10-06 16:52:43,774 [INFO] PluginManager:220 - loadIPPluginJar : add aes
2024-10-06 16:52:43,775 [INFO] IPUIPlugin:80 - create IPUIPlugin
2024-10-06 16:52:43,775 [INFO] PluginManager:220 - loadIPPluginJar : add fatfs
2024-10-06 16:52:43,776 [INFO] IPUIPlugin:80 - create IPUIPlugin
2024-10-06 16:52:43,776 [INFO] PluginManager:220 - loadIPPluginJar : add radio
2024-10-06 16:52:43,777 [INFO] IPUIPlugin:80 - create IPUIPlugin
2024-10-06 16:52:43,777 [INFO] PluginManager:220 - loadIPPluginJar : add spi
2024-10-06 16:52:43,778 [INFO] IPUIPlugin:80 - create IPUIPlugin
2024-10-06 16:52:43,778 [INFO] PluginManager:220 - loadIPPluginJar : add sai
2024-10-06 16:52:43,779 [INFO] IPUIPlugin:80 - create IPUIPlugin
2024-10-06 16:52:43,779 [INFO] PluginManager:220 - loadIPPluginJar : add tsc
2024-10-06 16:52:43,780 [INFO] IPUIPlugin:80 - create IPUIPlugin
2024-10-06 16:52:43,780 [INFO] PluginManager:220 - loadIPPluginJar : add comp
2024-10-06 16:52:43,781 [INFO] IPUIPlugin:80 - create IPUIPlugin
2024-10-06 16:52:43,781 [INFO] PluginManager:220 - loadIPPluginJar : add lorawan
2024-10-06 16:52:43,783 [INFO] IPUIPlugin:80 - create IPUIPlugin
2024-10-06 16:52:43,783 [INFO] PluginManager:220 - loadIPPluginJar : add gpio
2024-10-06 16:52:43,785 [INFO] IPUIPlugin:80 - create IPUIPlugin
2024-10-06 16:52:43,785 [INFO] PluginManager:220 - loadIPPluginJar : add dfsdm
2024-10-06 16:52:43,789 [INFO] IPUIPlugin:80 - create IPUIPlugin
2024-10-06 16:52:43,789 [INFO] PluginManager:220 - loadIPPluginJar : add linkedlist
2024-10-06 16:52:43,790 [INFO] IPUIPlugin:80 - create IPUIPlugin
2024-10-06 16:52:43,790 [INFO] PluginManager:220 - loadIPPluginJar : add extmemmanager
2024-10-06 16:52:43,791 [INFO] IPUIPlugin:80 - create IPUIPlugin
2024-10-06 16:52:43,791 [INFO] PluginManager:220 - loadIPPluginJar : add gfxmmu
2024-10-06 16:52:43,793 [INFO] IPUIPlugin:80 - create IPUIPlugin
2024-10-06 16:52:43,793 [INFO] PluginManager:220 - loadIPPluginJar : add nvic
2024-10-06 16:52:43,794 [INFO] IPUIPlugin:80 - create IPUIPlugin
2024-10-06 16:52:43,794 [INFO] PluginManager:220 - loadIPPluginJar : add gtzc
2024-10-06 16:52:43,795 [INFO] IPUIPlugin:80 - create IPUIPlugin
2024-10-06 16:52:43,796 [INFO] PluginManager:220 - loadIPPluginJar : add i2s
2024-10-06 16:52:43,797 [INFO] IPUIPlugin:80 - create IPUIPlugin
2024-10-06 16:52:43,797 [INFO] PluginManager:220 - loadIPPluginJar : add dma3
2024-10-06 16:52:43,798 [INFO] IPUIPlugin:80 - create IPUIPlugin
2024-10-06 16:52:43,798 [INFO] PluginManager:220 - loadIPPluginJar : add quadspi
2024-10-06 16:52:43,799 [INFO] IPUIPlugin:80 - create IPUIPlugin
2024-10-06 16:52:43,799 [INFO] PluginManager:220 - loadIPPluginJar : add ipddr
2024-10-06 16:52:43,800 [INFO] IPUIPlugin:80 - create IPUIPlugin
2024-10-06 16:52:43,800 [INFO] PluginManager:220 - loadIPPluginJar : add tim
2024-10-06 16:52:43,804 [INFO] IPUIPlugin:80 - create IPUIPlugin
2024-10-06 16:52:43,804 [INFO] PluginManager:220 - loadIPPluginJar : add adc
2024-10-06 16:52:43,805 [INFO] IPUIPlugin:80 - create IPUIPlugin
2024-10-06 16:52:43,805 [INFO] PluginManager:220 - loadIPPluginJar : add i3c
2024-10-06 16:52:43,806 [INFO] IPUIPlugin:80 - create IPUIPlugin
2024-10-06 16:52:43,806 [INFO] PluginManager:220 - loadIPPluginJar : add usart
2024-10-06 16:52:43,807 [INFO] IPUIPlugin:80 - create IPUIPlugin
2024-10-06 16:52:43,807 [INFO] PluginManager:220 - loadIPPluginJar : add cryp
2024-10-06 16:52:43,810 [INFO] IPUIPlugin:80 - create IPUIPlugin
2024-10-06 16:52:43,810 [INFO] PluginManager:220 - loadIPPluginJar : add freertos
2024-10-06 16:52:43,811 [INFO] IPUIPlugin:80 - create IPUIPlugin
2024-10-06 16:52:43,811 [INFO] PluginManager:220 - loadIPPluginJar : add ddr_ctrl_phy
2024-10-06 16:52:43,812 [INFO] IPUIPlugin:80 - create IPUIPlugin
2024-10-06 16:52:43,812 [INFO] PluginManager:220 - loadIPPluginJar : add ucpd
2024-10-06 16:52:43,814 [INFO] IPUIPlugin:80 - create IPUIPlugin
2024-10-06 16:52:43,814 [INFO] PluginManager:220 - loadIPPluginJar : add can
2024-10-06 16:52:43,815 [INFO] IPUIPlugin:80 - create IPUIPlugin
2024-10-06 16:52:43,815 [INFO] PluginManager:220 - loadIPPluginJar : add i2c
2024-10-06 16:52:43,816 [INFO] IPUIPlugin:80 - create IPUIPlugin
2024-10-06 16:52:43,816 [INFO] PluginManager:220 - loadIPPluginJar : add hash
2024-10-06 16:52:43,817 [INFO] IPUIPlugin:80 - create IPUIPlugin
2024-10-06 16:52:43,817 [INFO] PluginManager:220 - loadIPPluginJar : add ltdc
2024-10-06 16:52:43,820 [INFO] IPUIPlugin:80 - create IPUIPlugin
2024-10-06 16:52:43,820 [INFO] PluginManager:220 - loadIPPluginJar : add dma
2024-10-06 16:52:43,821 [INFO] IPUIPlugin:80 - create IPUIPlugin
2024-10-06 16:52:43,821 [INFO] PluginManager:220 - loadIPPluginJar : add ts
2024-10-06 16:52:43,823 [INFO] IPUIPlugin:80 - create IPUIPlugin
2024-10-06 16:52:43,823 [INFO] PluginManager:220 - loadIPPluginJar : add fmc
2024-10-06 16:52:43,826 [INFO] IPUIPlugin:80 - create IPUIPlugin
2024-10-06 16:52:43,826 [INFO] PluginManager:220 - loadIPPluginJar : add gic
2024-10-06 16:52:43,916 [INFO] CADModel:165 - CPN selected for project level
2024-10-06 16:52:43,916 [INFO] CADModel:114 - Register for checkConnection events
2024-10-06 16:52:43,916 [FATAL] Updater:334 - Updater called before beeing initialized
2024-10-06 16:52:43,916 [ERROR] CADModel:125 - Updater not yet initialized, retry later 
2024-10-06 16:52:44,072 [INFO] CADModel:165 - CPN selected for project level
2024-10-06 16:52:44,072 [INFO] CADModel:114 - Register for checkConnection events
2024-10-06 16:52:44,072 [FATAL] Updater:334 - Updater called before beeing initialized
2024-10-06 16:52:44,073 [ERROR] CADModel:125 - Updater not yet initialized, retry later 
2024-10-06 16:52:44,079 [FATAL] Updater:334 - Updater called before beeing initialized
2024-10-06 16:52:44,230 [FATAL] Updater:334 - Updater called before beeing initialized
2024-10-06 16:52:44,235 [INFO] DbMcusAds:53 - JSON generation date=Fri Sep 20 08:04:23 CDT 2024 (1726837463113)
2024-10-06 16:52:44,235 [FATAL] Updater:334 - Updater called before beeing initialized
2024-10-06 16:52:44,268 [WARN] DetailPanel:346 - Failed to get advertising image, set to default
2024-10-06 16:52:44,328 [FATAL] Updater:334 - Updater called before beeing initialized
2024-10-06 16:52:44,328 [FATAL] Updater:334 - Updater called before beeing initialized
2024-10-06 16:52:44,329 [FATAL] Updater:334 - Updater called before beeing initialized
2024-10-06 16:52:44,329 [WARN] DetailPanel:346 - Failed to get advertising image, set to default
2024-10-06 16:52:44,329 [FATAL] Updater:334 - Updater called before beeing initialized
2024-10-06 16:52:44,349 [ERROR] Updater:1164 - MainUpdater not yet initialized. External WinMGr cannot be set.
2024-10-06 16:52:44,350 [INFO] Updater:1100 - Updater Version found : 6.12.1
2024-10-06 16:52:44,361 [INFO] ApplicationProperties:184 - Using Application install path: /home/cdelong/st/stm32cubeide_1.16.1/plugins/com.st.stm32cube.common.mx_6.12.1.202409122256
2024-10-06 16:52:44,777 [INFO] MainUpdater:2873 - connection check result : 10
2024-10-06 16:52:44,779 [INFO] MainUpdater:290 - Updater Check For Update Now.
2024-10-06 16:52:44,780 [INFO] MicroXplorer:498 - Change Database Version : DB.6.0.121
2024-10-06 16:52:44,792 [INFO] McuFinderGlobals:63 - Set McuFinder mode to 2 (CubeIDE integrated)
2024-10-06 16:52:44,793 [INFO] UserAuth:417 - Internet connection configuration mode: 1
2024-10-06 16:52:44,818 [INFO] JxBrowserEngine:152 - Initiate JxBrowser Engine with user profile folder
2024-10-06 16:52:45,090 [INFO] CheckServerUpdateThread:120 - End of CheckServer Thread
2024-10-06 16:52:45,352 [INFO] WebApp:167 - Instantiating new browser for Auth
2024-10-06 16:52:46,603 [WARN] PackLoader:240 - Cannot read IP mode file for STMicroelectronics.FP-SNS-MOTENVWB1.1.4.0
2024-10-06 16:52:46,609 [WARN] PackLoader:240 - Cannot read IP mode file for STMicroelectronics.X-CUBE-SMBUS.2.1.0
2024-10-06 16:52:46,615 [WARN] PackLoader:240 - Cannot read IP mode file for STMicroelectronics.X-CUBE-WB05N.1.1.0
2024-10-06 16:52:46,619 [INFO] WebApp:448 - Apply proxy settings
2024-10-06 16:52:46,619 [INFO] WebApp:533 - Chromium requires no authentication
2024-10-06 16:52:46,629 [INFO] WebApp:476 - Direct internet connection detected
2024-10-06 16:52:46,638 [WARN] PackLoader:240 - Cannot read IP mode file for STMicroelectronics.X-CUBE-AZRTOS-F7.1.1.0
2024-10-06 16:52:46,650 [INFO] WebApp:869 - Register for checkConnection events
2024-10-06 16:52:46,650 [INFO] WebApp:448 - Apply proxy settings
2024-10-06 16:52:46,651 [INFO] WebApp:533 - Chromium requires no authentication
2024-10-06 16:52:46,651 [INFO] WebApp:476 - Direct internet connection detected
2024-10-06 16:52:46,688 [WARN] PackLoader:240 - Cannot read IP mode file for STMicroelectronics.X-CUBE-MEMS1.11.0.0
2024-10-06 16:52:46,762 [INFO] WebApp:220 - Starting web application
2024-10-06 16:52:46,762 [INFO] WebApp:578 - Web application path used /home/cdelong/st/stm32cubeide_1.16.1/plugins/com.st.stm32cube.common.mx_6.12.1.202409122256/db/plugins/mcufinder/reactClient1/index.html
2024-10-06 16:52:46,820 [WARN] PackLoader:240 - Cannot read IP mode file for STMicroelectronics.FP-SNS-FLIGHT1.5.0.2
2024-10-06 16:52:46,824 [WARN] PackLoader:240 - Cannot read IP mode file for STMicroelectronics.X-CUBE-DISPLAY.3.0.0
2024-10-06 16:52:46,829 [WARN] PackLoader:240 - Cannot read IP mode file for STMicroelectronics.X-CUBE-BLE1.7.0.0
2024-10-06 16:52:46,833 [WARN] PackLoader:240 - Cannot read IP mode file for STMicroelectronics.X-CUBE-NFC10.1.0.0
2024-10-06 16:52:46,836 [WARN] PackLoader:240 - Cannot read IP mode file for emotas.I-CUBE-CANOPEN.1.3.0
2024-10-06 16:52:46,842 [WARN] PackLoader:240 - Cannot read IP mode file for STMicroelectronics.X-CUBE-BLEMGR.3.1.0
2024-10-06 16:52:46,851 [WARN] PackLoader:240 - Cannot read IP mode file for STMicroelectronics.FP-SNS-SMARTAG2.1.2.0
2024-10-06 16:52:46,857 [INFO] LogOutputStream:77 - [STDOUT_REDIRECT] 1 : Invalid condition id : UX_CORESTACK_Condition cause : null
2024-10-06 16:52:46,858 [INFO] LogOutputStream:77 - [STDOUT_REDIRECT] 1 : Invalid condition id : UX_CORESTACK_Condition cause : null
2024-10-06 16:52:46,858 [INFO] LogOutputStream:77 - [STDOUT_REDIRECT] 1 : Invalid condition id : UX_CORESTACK_Condition cause : null
2024-10-06 16:52:46,858 [INFO] LogOutputStream:77 - [STDOUT_REDIRECT] 1 : Invalid condition id : UX_CORESTACK_Condition cause : null
2024-10-06 16:52:46,858 [INFO] LogOutputStream:77 - [STDOUT_REDIRECT] 1 : Invalid condition id : UX_CORESTACK_Condition cause : null
2024-10-06 16:52:46,860 [WARN] PackLoader:240 - Cannot read IP mode file for STMicroelectronics.X-CUBE-AZRTOS-WL.2.0.0
2024-10-06 16:52:46,864 [WARN] PackLoader:240 - Cannot read IP mode file for STMicroelectronics.FP-SNS-MOTENV1.5.0.0
2024-10-06 16:52:46,865 [INFO] UserAuth:417 - Internet connection configuration mode: 1
2024-10-06 16:52:46,866 [WARN] PackLoader:240 - Cannot read IP mode file for wolfSSL.I-CUBE-wolfMQTT.1.19.0
2024-10-06 16:52:46,879 [WARN] PackLoader:240 - Cannot read IP mode file for WES.I-CUBE-Cesium.1.3.0
2024-10-06 16:52:46,885 [WARN] PackLoader:240 - Cannot read IP mode file for STMicroelectronics.X-CUBE-BLE2.3.3.0
2024-10-06 16:52:46,894 [WARN] PackLoader:240 - Cannot read IP mode file for STMicroelectronics.X-CUBE-NFC9.1.0.0
2024-10-06 16:52:46,904 [WARN] PackLoader:240 - Cannot read IP mode file for STMicroelectronics.X-CUBE-TCPP.4.1.0
2024-10-06 16:52:46,935 [WARN] PackLoader:240 - Cannot read IP mode file for STMicroelectronics.X-CUBE-AZRTOS-G0.1.1.0
2024-10-06 16:52:46,945 [WARN] PackLoader:240 - Cannot read IP mode file for STMicroelectronics.X-CUBE-SAFEA1.1.2.2
2024-10-06 16:52:46,949 [WARN] PackLoader:240 - Cannot read IP mode file for STMicroelectronics.X-CUBE-NFC4.3.0.0
2024-10-06 16:52:46,954 [WARN] PackLoader:240 - Cannot read IP mode file for EmbeddedOffice.I-CUBE-FS-RTOS.1.0.1
2024-10-06 16:52:46,955 [ERROR] ConditionMgr:805 - Attr not supported : Dmpu
2024-10-06 16:52:46,955 [ERROR] ConditionMgr:805 - Attr not supported : Dmpu
2024-10-06 16:52:46,955 [ERROR] ConditionMgr:805 - Attr not supported : Dmpu
2024-10-06 16:52:46,955 [ERROR] ConditionMgr:805 - Attr not supported : Dmpu
2024-10-06 16:52:46,955 [ERROR] ConditionMgr:805 - Attr not supported : Dmpu
2024-10-06 16:52:46,955 [ERROR] ConditionMgr:805 - Attr not supported : Dmpu
2024-10-06 16:52:46,955 [ERROR] ConditionMgr:805 - Attr not supported : Dmpu
2024-10-06 16:52:46,955 [ERROR] ConditionMgr:805 - Attr not supported : Dmpu
2024-10-06 16:52:46,955 [ERROR] ConditionMgr:805 - Attr not supported : Dmpu
2024-10-06 16:52:46,955 [ERROR] ConditionMgr:805 - Attr not supported : Dmpu
2024-10-06 16:52:46,955 [ERROR] ConditionMgr:805 - Attr not supported : Dmpu
2024-10-06 16:52:46,955 [ERROR] ConditionMgr:805 - Attr not supported : Dmpu
2024-10-06 16:52:46,955 [ERROR] ConditionMgr:805 - Attr not supported : Dmpu
2024-10-06 16:52:46,955 [ERROR] ConditionMgr:805 - Attr not supported : Dmpu
2024-10-06 16:52:46,955 [ERROR] ConditionMgr:805 - Attr not supported : Dmpu
2024-10-06 16:52:46,956 [ERROR] ConditionMgr:805 - Attr not supported : Dmpu
2024-10-06 16:52:46,956 [ERROR] ConditionMgr:805 - Attr not supported : Dmpu
2024-10-06 16:52:46,956 [ERROR] ConditionMgr:805 - Attr not supported : Dmpu
2024-10-06 16:52:46,956 [ERROR] ConditionMgr:805 - Attr not supported : Dmpu
2024-10-06 16:52:46,956 [ERROR] ConditionMgr:805 - Attr not supported : Dmpu
2024-10-06 16:52:46,956 [ERROR] ConditionMgr:805 - Attr not supported : Dmpu
2024-10-06 16:52:46,956 [ERROR] ConditionMgr:805 - Attr not supported : Dmpu
2024-10-06 16:52:46,956 [ERROR] ConditionMgr:805 - Attr not supported : Dmpu
2024-10-06 16:52:46,956 [ERROR] ConditionMgr:805 - Attr not supported : Dmpu
2024-10-06 16:52:46,956 [ERROR] ConditionMgr:805 - Attr not supported : Dmpu
2024-10-06 16:52:46,956 [ERROR] ConditionMgr:805 - Attr not supported : Dmpu
2024-10-06 16:52:46,956 [ERROR] ConditionMgr:805 - Attr not supported : Dmpu
2024-10-06 16:52:46,956 [ERROR] ConditionMgr:805 - Attr not supported : Dmpu
2024-10-06 16:52:46,956 [ERROR] ConditionMgr:805 - Attr not supported : Dmpu
2024-10-06 16:52:46,956 [ERROR] ConditionMgr:805 - Attr not supported : Dmpu
2024-10-06 16:52:46,956 [ERROR] ConditionMgr:805 - Attr not supported : Dmpu
2024-10-06 16:52:46,956 [ERROR] ConditionMgr:805 - Attr not supported : Dmpu
2024-10-06 16:52:46,956 [ERROR] ConditionMgr:805 - Attr not supported : Dmpu
2024-10-06 16:52:46,956 [ERROR] ConditionMgr:805 - Attr not supported : Dmpu
2024-10-06 16:52:46,956 [ERROR] ConditionMgr:805 - Attr not supported : Dmpu
2024-10-06 16:52:46,956 [ERROR] ConditionMgr:805 - Attr not supported : Dmpu
2024-10-06 16:52:46,957 [ERROR] ConditionMgr:805 - Attr not supported : Dmpu
2024-10-06 16:52:46,957 [ERROR] ConditionMgr:805 - Attr not supported : Dmpu
2024-10-06 16:52:46,957 [ERROR] ConditionMgr:805 - Attr not supported : Dmpu
2024-10-06 16:52:46,957 [ERROR] ConditionMgr:805 - Attr not supported : Dmpu
2024-10-06 16:52:46,957 [ERROR] ConditionMgr:805 - Attr not supported : Dmpu
2024-10-06 16:52:46,957 [ERROR] ConditionMgr:805 - Attr not supported : Dmpu
2024-10-06 16:52:46,957 [ERROR] ConditionMgr:805 - Attr not supported : Dmpu
2024-10-06 16:52:46,957 [ERROR] ConditionMgr:805 - Attr not supported : Dmpu
2024-10-06 16:52:46,957 [ERROR] ConditionMgr:805 - Attr not supported : Dmpu
2024-10-06 16:52:46,957 [ERROR] ConditionMgr:805 - Attr not supported : Dmpu
2024-10-06 16:52:46,957 [ERROR] ConditionMgr:805 - Attr not supported : Dmpu
2024-10-06 16:52:46,957 [ERROR] ConditionMgr:805 - Attr not supported : Dmpu
2024-10-06 16:52:46,957 [ERROR] ConditionMgr:805 - Attr not supported : Dmpu
2024-10-06 16:52:46,957 [ERROR] ConditionMgr:805 - Attr not supported : Dmpu
2024-10-06 16:52:46,957 [ERROR] ConditionMgr:805 - Attr not supported : Dmpu
2024-10-06 16:52:46,957 [ERROR] ConditionMgr:805 - Attr not supported : Dmpu
2024-10-06 16:52:46,957 [ERROR] ConditionMgr:805 - Attr not supported : Dmpu
2024-10-06 16:52:46,957 [ERROR] ConditionMgr:805 - Attr not supported : Dmpu
2024-10-06 16:52:46,958 [ERROR] ConditionMgr:805 - Attr not supported : Dmpu
2024-10-06 16:52:46,958 [ERROR] ConditionMgr:805 - Attr not supported : Dmpu
2024-10-06 16:52:46,958 [ERROR] ConditionMgr:805 - Attr not supported : Dmpu
2024-10-06 16:52:46,958 [ERROR] ConditionMgr:805 - Attr not supported : Dmpu
2024-10-06 16:52:46,958 [ERROR] ConditionMgr:805 - Attr not supported : Dmpu
2024-10-06 16:52:46,958 [ERROR] ConditionMgr:805 - Attr not supported : Dmpu
2024-10-06 16:52:46,958 [ERROR] ConditionMgr:805 - Attr not supported : Dmpu
2024-10-06 16:52:46,958 [ERROR] ConditionMgr:805 - Attr not supported : Dmpu
2024-10-06 16:52:46,958 [ERROR] ConditionMgr:805 - Attr not supported : Dmpu
2024-10-06 16:52:46,958 [ERROR] ConditionMgr:805 - Attr not supported : Dmpu
2024-10-06 16:52:46,960 [WARN] PackLoader:240 - Cannot read IP mode file for RealThread.X-CUBE-RT-Thread_Nano.4.1.1
2024-10-06 16:52:46,962 [WARN] PackLoader:240 - Cannot read IP mode file for STMicroelectronics.FP-ATR-SIGFOX1.3.2.0
2024-10-06 16:52:46,964 [WARN] PackLoader:240 - Cannot read IP mode file for wolfSSL.I-CUBE-wolfSSL.5.7.2
2024-10-06 16:52:46,968 [WARN] PackLoader:240 - Cannot read IP mode file for STMicroelectronics.X-CUBE-EEPRMA1.5.1.0
2024-10-06 16:52:46,972 [WARN] PackLoader:240 - Cannot read IP mode file for ITTIA_DB.I-CUBE-ITTIADB.8.9.0
2024-10-06 16:52:46,991 [WARN] PackLoader:240 - Cannot read IP mode file for SEGGER.I-CUBE-embOS.1.3.1
2024-10-06 16:52:47,022 [WARN] PackLoader:240 - Cannot read IP mode file for STMicroelectronics.X-CUBE-ALGOBUILD.1.4.0
2024-10-06 16:52:47,024 [WARN] PackLoader:240 - Cannot read IP mode file for STMicroelectronics.X-CUBE-AI.9.1.0
2024-10-06 16:52:47,038 [WARN] PackLoader:240 - Cannot read IP mode file for STMicroelectronics.X-CUBE-AZRTOS-F4.1.1.0
2024-10-06 16:52:47,042 [WARN] PackLoader:240 - Cannot read IP mode file for STMicroelectronics.X-CUBE-ISPU.2.1.0
2024-10-06 16:52:47,044 [WARN] PackLoader:240 - Cannot read IP mode file for STMicroelectronics.X-CUBE-FREERTOS.1.2.0
2024-10-06 16:52:47,055 [WARN] PackLoader:240 - Cannot read IP mode file for STMicroelectronics.X-CUBE-AZRTOS-L5.2.0.0
2024-10-06 16:52:47,061 [WARN] PackLoader:240 - Cannot read IP mode file for STMicroelectronics.X-CUBE-NFC6.3.1.0
2024-10-06 16:52:47,064 [WARN] PackLoader:240 - Cannot read IP mode file for STMicroelectronics.X-CUBE-DPower.1.2.0
2024-10-06 16:52:47,066 [WARN] PackLoader:240 - Cannot read IP mode file for STMicroelectronics.X-CUBE-AI.9.0.0
2024-10-06 16:52:47,069 [WARN] PackLoader:240 - Cannot read IP mode file for STMicroelectronics.X-CUBE-NFC7.1.0.1
2024-10-06 16:52:47,081 [WARN] ConditionMgr:438 - getConditionDescription Invalid condition id : LAN8742 Phy interface Condition cause : null
2024-10-06 16:52:47,081 [WARN] PackLoader:240 - Cannot read IP mode file for STMicroelectronics.X-CUBE-AZRTOS-L4.2.0.0
2024-10-06 16:52:47,082 [WARN] ConditionMgr:1039 - genDependencies : Invalid condition id : LAN8742 Phy interface Condition cause : null
2024-10-06 16:52:47,083 [WARN] ConditionMgr:1039 - genDependencies : Invalid condition id : LAN8742 Phy interface Condition cause : null
2024-10-06 16:52:47,083 [WARN] ConditionMgr:1039 - genDependencies : Invalid condition id : LAN8742 Phy interface Condition cause : null
2024-10-06 16:52:47,087 [WARN] PackLoader:240 - Cannot read IP mode file for STMicroelectronics.X-CUBE-SFXS2LP1.4.0.0
2024-10-06 16:52:47,102 [WARN] PackLoader:240 - Cannot read IP mode file for STMicroelectronics.X-CUBE-AZRTOS-H7.3.3.0
2024-10-06 16:52:47,111 [INFO] WebApp:186 - Connection restablished
2024-10-06 16:52:47,115 [WARN] PackLoader:240 - Cannot read IP mode file for STMicroelectronics.X-CUBE-IPS.3.0.0
2024-10-06 16:52:47,126 [WARN] ConditionMgr:438 - getConditionDescription Invalid condition id : UX DEVICE CLASS RTOS Condition cause : null
2024-10-06 16:52:47,126 [WARN] ConditionMgr:438 - getConditionDescription Invalid condition id : UX DEVICE CLASS RTOS Condition cause : null
2024-10-06 16:52:47,128 [WARN] PackLoader:240 - Cannot read IP mode file for STMicroelectronics.X-CUBE-AZRTOS-WB.2.0.0
2024-10-06 16:52:47,128 [WARN] ConditionMgr:1039 - genDependencies : Invalid condition id : UX DEVICE CLASS RTOS Condition cause : null
2024-10-06 16:52:47,128 [WARN] ConditionMgr:1039 - genDependencies : Invalid condition id : UX DEVICE CLASS RTOS Condition cause : null
2024-10-06 16:52:47,128 [WARN] ConditionMgr:1039 - genDependencies : Invalid condition id : UX DEVICE CLASS RTOS Condition cause : null
2024-10-06 16:52:47,128 [WARN] ConditionMgr:1039 - genDependencies : Invalid condition id : UX DEVICE CLASS RTOS Condition cause : null
2024-10-06 16:52:47,128 [WARN] ConditionMgr:1039 - genDependencies : Invalid condition id : UX DEVICE CLASS RTOS Condition cause : null
2024-10-06 16:52:47,131 [WARN] PackLoader:240 - Cannot read IP mode file for STMicroelectronics.X-CUBE-GNSS1.7.0.0
2024-10-06 16:52:47,135 [WARN] PackLoader:240 - Cannot read IP mode file for STMicroelectronics.FP-SNS-STBOX1.2.0.0
2024-10-06 16:52:47,142 [WARN] PackLoader:240 - Cannot read IP mode file for STMicroelectronics.X-CUBE-SUBG2.5.0.0
2024-10-06 16:52:47,147 [WARN] PackLoader:240 - Cannot read IP mode file for Cesanta.I-CUBE-Mongoose.7.13.0
2024-10-06 16:52:47,156 [WARN] PackLoader:240 - Cannot read IP mode file for STMicroelectronics.X-CUBE-AZRTOS-G4.2.0.0
2024-10-06 16:52:47,159 [WARN] PackLoader:240 - Cannot read IP mode file for STMicroelectronics.X-CUBE-ALS.1.0.2
2024-10-06 16:52:47,161 [WARN] PackLoader:240 - Cannot read IP mode file for STMicroelectronics.X-CUBE-TOUCHGFX.4.24.1
2024-10-06 16:52:47,162 [WARN] PackLoader:240 - Cannot read IP mode file for wolfSSL.I-CUBE-wolfTPM.3.4.0
2024-10-06 16:52:47,164 [WARN] PackLoader:240 - Cannot read IP mode file for portGmbH.I-Cube-SoM-uGOAL.1.1.0
2024-10-06 16:52:47,175 [WARN] PackLoader:240 - Cannot read IP mode file for STMicroelectronics.X-CUBE-AZRTOS-H7RS.1.0.0
2024-10-06 16:52:47,181 [WARN] PackLoader:240 - Cannot read IP mode file for STMicroelectronics.FP-ATR-ASTRA1.2.0.0
2024-10-06 16:52:47,187 [WARN] PackLoader:240 - Cannot read IP mode file for STMicroelectronics.X-CUBE-TOF1.3.4.2
2024-10-06 16:52:47,206 [WARN] PackLoader:240 - Cannot read IP mode file for Infineon.AIROC-Wi-Fi-Bluetooth-STM32.1.6.1
2024-10-06 16:52:47,209 [WARN] PackLoader:240 - Cannot read IP mode file for wolfSSL.I-CUBE-wolfSSH.1.4.17
2024-10-06 16:52:47,210 [INFO] ThirdParty:978 - Integrity check success = true
2024-10-06 16:52:47,210 [INFO] IntegrityCheckThread:100 - exiting critical section [integrity check]
2024-10-06 16:52:47,210 [INFO] IntegrityCheckThread:103 - End integrity checks thread
2024-10-06 16:53:06,705 [INFO] McuFinderGlobals:63 - Set McuFinder mode to 2 (CubeIDE integrated)
2024-10-06 16:53:06,709 [INFO] MainUpdater:2873 - connection check result : 10
2024-10-06 16:53:06,713 [INFO] McuFinderGlobals:76 - Set McuFinderConnectedMode to true
2024-10-06 16:53:07,493 [INFO] ServerAccessManage:473 - Download File mcusAds.json._tmp_
2024-10-06 16:53:07,632 [INFO] LoadUrlFilesThread:156 - End of LoadUrlFiles Thread
2024-10-06 16:53:09,136 [INFO] ServerAccessManage:473 - Download File cube-finder-db.zip
2024-10-06 16:53:14,838 [INFO] FileExtend:240 - Unzip File : cube-finder-db.zip
2024-10-06 16:53:14,839 [INFO] FileExtend:255 - Standard Zip Deflate
2024-10-06 16:53:15,627 [INFO] LoadUrlFilesThread:156 - End of LoadUrlFiles Thread
2024-10-06 16:53:16,589 [INFO] ServerAccessManage:473 - Download File crdb.zip
2024-10-06 16:53:17,517 [INFO] FileExtend:240 - Unzip File : crdb.zip
2024-10-06 16:53:17,518 [INFO] FileExtend:255 - Standard Zip Deflate
2024-10-06 16:53:17,681 [INFO] LoadUrlFilesThread:156 - End of LoadUrlFiles Thread
2024-10-06 16:53:17,859 [INFO] ServerAccessManage:473 - Download File tutoVideoDB.zip
2024-10-06 16:53:17,896 [INFO] FileExtend:240 - Unzip File : tutoVideoDB.zip
2024-10-06 16:53:17,897 [INFO] FileExtend:255 - Standard Zip Deflate
2024-10-06 16:53:18,022 [INFO] LoadUrlFilesThread:156 - End of LoadUrlFiles Thread
2024-10-06 16:53:18,026 [WARN] DbFile:41 - Overriding database path with different value: /home/cdelong/.stmcufinder/plugins/mcufinder/ => /home/cdelong/.stmcufinder/plugins/mcufinder
2024-10-06 16:53:18,188 [INFO] ServerAccessManage:473 - Download File api_config.json
2024-10-06 16:53:18,294 [INFO] LoadUrlFilesThread:156 - End of LoadUrlFiles Thread
2024-10-06 16:53:18,300 [INFO] DbMcusAds:53 - JSON generation date=Fri Sep 20 08:04:23 CDT 2024 (1726837463113)
2024-10-06 16:53:18,373 [INFO] LoadUrlFilesThread:185 - End of LoadServerUrlFiles without Thread
2024-10-06 16:53:18,380 [INFO] TargetSelectorAdapter:259 - Refresh data is successful
2024-10-06 16:53:18,620 [INFO] ApiDb:581 - Connected to CubeFinder SQLite database (/home/cdelong/.stmcufinder/plugins/mcufinder/mcu/cube-finder-db.db)
2024-10-06 16:53:18,677 [INFO] ApiDb:668 - CubeFinder database Data Model version=2.1
2024-10-06 16:53:18,677 [INFO] ApiDb:669 - CubeFinder database Configuration version=3.0.39
2024-10-06 16:53:18,677 [INFO] ApiDb:670 - CubeFinder database generation date=2024-09-16 (1726485674)
2024-10-06 16:53:18,677 [INFO] ApiDb:671 - CubeFinder database FW Pack versions=[FP-ATR-ASTRA1_V2.0.0, FP-SNS-FLIGHT1_V5.0.2, FP-SNS-MOTENV1_V5.0.0, FP-SNS-MOTENVWB1_V1.4.0, FP-SNS-SMARTAG2_V1.2.0, FP-SNS-STBOX1_V2.0.0, STM32Cube_FW_C0_V1.2.0, STM32Cube_FW_F4_V1.28.1, STM32Cube_FW_F7_V1.17.2, STM32Cube_FW_G0_V1.6.2, STM32Cube_FW_G4_V1.6.0, STM32Cube_FW_H5_V1.3.0, STM32Cube_FW_H7RS_V1.1.0, STM32Cube_FW_H7_V1.11.2, STM32Cube_FW_L0_V1.12.2, STM32Cube_FW_L5_V1.5.1, STM32Cube_FW_U0_V1.1.0, STM32Cube_FW_U5_V1.6.0, STM32Cube_FW_WB0_V1.0.0, STM32Cube_FW_WBA_V1.4.1, STM32Cube_FW_WB_V1.20.0, STM32Cube_FW_WL_V1.3.0, X-CUBE-ALGOBUILD_V1.4.0, X-CUBE-ALS_V1.0.2, X-CUBE-AZRTOS-F4_V1.1.0, X-CUBE-AZRTOS-F7_V1.1.0, X-CUBE-AZRTOS-G0_V1.1.0, X-CUBE-AZRTOS-G4_V2.0.0, X-CUBE-AZRTOS-H7RS_V1.0.0, X-CUBE-AZRTOS-H7_V3.2.0, X-CUBE-AZRTOS-L4_V2.0.0, X-CUBE-AZRTOS-L5_V2.0.0, X-CUBE-AZRTOS-WB_V2.0.0, X-CUBE-AZRTOS-WL_V2.0.0, X-CUBE-BLE1_V7.0.0, X-CUBE-BLE2_V3.3.0, X-CUBE-BLEMGR_V3.1.0, X-CUBE-EEPRMA1_V5.1.0, X-CUBE-FREERTOS_V1.2.0, X-CUBE-GNSS1_V6.0.0, X-CUBE-MEMS1_V11.0.0, X-CUBE-NFC4_V3.0.0, X-CUBE-NFC7_V1.0.1, X-CUBE-SFXS2LP1_V4.0.0, X-CUBE-SUBG2_V5.0.0, X-CUBE-TOF1_V3.4.2]
2024-10-06 16:53:20,256 [INFO] ApiDb:240 - Found 646 in-development CPN: [B-G473E-ZEST1S, B-WB1M-WPAN1, B-WL5M-SUBG1, NUCLEO-C031C6, NUCLEO-C071RB, NUCLEO-H503RB, NUCLEO-H533RE, NUCLEO-H563ZI, NUCLEO-H7S3L8, NUCLEO-U031R8, NUCLEO-U083RC, NUCLEO-U545RE-Q, NUCLEO-U5A5ZJ-Q, NUCLEO-WB05KZ, NUCLEO-WB07CC, NUCLEO-WB09KE, NUCLEO-WBA52CG, NUCLEO-WBA55CG, STEVAL-PROTEUS1, STEVAL-SMARTAG2, STEVAL-STWINBX1, STM320518-EVAL, STM32C0116-DK, STM32C011D6Y3TR, STM32C011D6Y6TR, STM32C011F4P3, STM32C011F4P6, STM32C011F4U3, STM32C011F4U6TR, STM32C011F6P3, STM32C011F6P6, STM32C011F6U3, STM32C011F6U6TR, STM32C011J4M3, STM32C011J4M6, STM32C011J6M3, STM32C011J6M6, STM32C0316-DK, STM32C031C4T3, STM32C031C4T6, STM32C031C4U3, STM32C031C4U6, STM32C031C6T3, STM32C031C6T6, STM32C031C6U3, STM32C031C6U6, STM32C031F4P3, STM32C031F4P6, STM32C031F6P3, STM32C031F6P6, STM32C031G4U3, STM32C031G4U6, STM32C031G6U3, STM32C031G6U6, STM32C031K4T3, STM32C031K4T6, STM32C031K4U3, STM32C031K4U6, STM32C031K6T3, STM32C031K6T6, STM32C031K6U3, STM32C031K6U6, STM32C071C8T6, STM32C071C8T6N, STM32C071C8U6, STM32C071C8U6N, STM32C071CBT6, STM32C071CBT6N, STM32C071CBU6, STM32C071CBU6N, STM32C071F8P6, STM32C071F8P6N, STM32C071FBP6, STM32C071FBP6N, STM32C071FBY6TR, STM32C071G8U6, STM32C071G8U6N, STM32C071GBU6, STM32C071GBU6N, STM32C071K8T6, STM32C071K8T6N, STM32C071K8U6, STM32C071K8U6N, STM32C071KBT6, STM32C071KBT6N, STM32C071KBU6, STM32C071KBU6N, STM32C071R8T6, STM32C071R8T6N, STM32C071RBI6N, STM32C071RBT6, STM32C071RBT6N, STM32G071K8TXN, STM32G071K8UXN, STM32G081GBU6N, STM32G081KBT6N, STM32G081KBUXN, STM32G0B1CCT6N, STM32G0B1KCT6, STM32G0B1NEY6TR, STM32G0B1RCT6N, STM32G0C1CCT6, STM32G0C1CCT6N, STM32G0C1CCU6N, STM32G0C1CET6N, STM32G0C1CEU6N, STM32G0C1KCT6, STM32G0C1NEY6TR, STM32G0C1RCI6N, STM32G0C1RCT6N, STM32G0C1REI6N, STM32G0C1RET6N, STM32G0C1VCI6, STM32G0C1VEI6, STM32G411C6T3, STM32G411C6T6, STM32G411C6U3, STM32G411C6U6, STM32G411C8T3, STM32G411C8T6, STM32G411C8U3, STM32G411C8U6, STM32G411CBT3, STM32G411CBT6, STM32G411CBU3, STM32G411CBU6, STM32G411K6T3, STM32G411K6T6, STM32G411K6U3, STM32G411K6U6, STM32G411K8T3, STM32G411K8T6, STM32G411K8U3, STM32G411K8U6, STM32G411KBT3, STM32G411KBT6, STM32G411KBU3, STM32G411KBU6, STM32G411M6T3, STM32G411M6T6, STM32G411M8T3, STM32G411M8T6, STM32G411MBT3, STM32G411MBT6, STM32G411R6T3, STM32G411R6T6, STM32G411R8T3, STM32G411R8T6, STM32G411RBT3, STM32G411RBT6, STM32G414CBT3, STM32G414CBT6, STM32G414CBU3, STM32G414CBU6, STM32G414CCT3, STM32G414CCT6, STM32G414CCU3, STM32G414CCU6, STM32G414MBT3, STM32G414MBT6, STM32G414MCT3, STM32G414MCT6, STM32G414RBT3, STM32G414RBT6, STM32G414RCT3, STM32G414RCT6, STM32G414VBT3, STM32G414VBT6, STM32G414VCT3, STM32G414VCT6, STM32G431CBT3Z, STM32G431RBT3Z, STM32G471CCT6, STM32G471CCU6, STM32G471CET3, STM32G471CET6, STM32G471CEU3, STM32G471CEU6, STM32G471MCT6, STM32G471MET3, STM32G471MET6, STM32G471MEY6TR, STM32G471QCT6, STM32G471QET3, STM32G471RCT6, STM32G471RET3, STM32G471RET6, STM32G471VCH6, STM32G471VCI6, STM32G471VCT6, STM32G471VEH3, STM32G471VEH6, STM32G471VEI3, STM32G471VEI6, STM32G471VET3, STM32G471VET6, STM32G473QET3Z, STM32G473RET3Z, STM32G474CCT6, STM32G491RET3Z, STM32H503CBT6, STM32H503CBU6, STM32H503EBY6TR, STM32H503KBU6, STM32H503RBT6, STM32H523CCT6, STM32H523CCU6, STM32H523CET6, STM32H523CEU6, STM32H523HEY6TR, STM32H523RCT6, STM32H523RET6, STM32H523VCI6, STM32H523VCT6, STM32H523VEI6, STM32H523VET6, STM32H523ZCJ6, STM32H523ZCT6, STM32H523ZEJ6, STM32H523ZET6, STM32H533CET6, STM32H533CEU6, STM32H533HEY6TR, STM32H533RET6, STM32H533VEI6, STM32H533VET6, STM32H533ZEJ6, STM32H533ZET6, STM32H562AGI6, STM32H562AII6, STM32H562IGK6, STM32H562IGT6, STM32H562IIK6, STM32H562IIT6, STM32H562RGT6, STM32H562RGV6, STM32H562RIT6, STM32H562RIV6, STM32H562VGT6, STM32H562VIT6, STM32H562ZGT6, STM32H562ZIT6, STM32H563AGI6, STM32H563AII3Q, STM32H563AII6, STM32H563IGK6, STM32H563IGT6, STM32H563IIK3Q, STM32H563IIK6, STM32H563IIT3Q, STM32H563IIT6, STM32H563MIY3QTR, STM32H563RGT6, STM32H563RGV6, STM32H563RIT6, STM32H563RIV6, STM32H563VGT6, STM32H563VIT3Q, STM32H563VIT6, STM32H563ZGT6, STM32H563ZIT3Q, STM32H563ZIT6, STM32H573AII3Q, STM32H573AII6, STM32H573I-DK, STM32H573IIK3Q, STM32H573IIK6, STM32H573IIT3Q, STM32H573IIT6, STM32H573MIY3QTR, STM32H573RIT6, STM32H573RIV6, STM32H573VIT3Q, STM32H573VIT6, STM32H573ZIT3Q, STM32H573ZIT6, STM32H7R3A8I6, STM32H7R3I8K6, STM32H7R3I8T6, STM32H7R3L8H6, STM32H7R3L8H6H, STM32H7R3R8V6, STM32H7R3V8H6, STM32H7R3V8T6, STM32H7R3V8Y6TR, STM32H7R3Z8J6, STM32H7R3Z8T6, STM32H7R7A8I6, STM32H7R7I8K6, STM32H7R7I8T6, STM32H7R7L8H6, STM32H7R7L8H6H, STM32H7R7Z8J6, STM32H7S3A8I6, STM32H7S3I8K6, STM32H7S3I8T6, STM32H7S3L8H6, STM32H7S3L8H6H, STM32H7S3R8V6, STM32H7S3V8H6, STM32H7S3V8T6, STM32H7S3V8Y6TR, STM32H7S3Z8J6, STM32H7S3Z8T6, STM32H7S78-DK, STM32H7S7A8I6, STM32H7S7I8K6, STM32H7S7I8T6, STM32H7S7L8H6, STM32H7S7L8H6H, STM32H7S7Z8J6, STM32L4R5QGI6STR, STM32MP131AAE3, STM32MP131AAF3, STM32MP131AAG3, STM32MP131CAE3, STM32MP131CAF3, STM32MP131CAG3, STM32MP131DAE7, STM32MP131DAF7, STM32MP131DAG7, STM32MP131FAE7, STM32MP131FAF7, STM32MP131FAG7, STM32MP133AAE3, STM32MP133AAF3, STM32MP133AAG3, STM32MP133CAE3, STM32MP133CAF3, STM32MP133CAG3, STM32MP133DAE7, STM32MP133DAF7, STM32MP133DAG7, STM32MP133FAE7, STM32MP133FAF7, STM32MP133FAG7, STM32MP135AAE3, STM32MP135AAF3, STM32MP135AAG3, STM32MP135CAE3, STM32MP135CAF3, STM32MP135CAG3, STM32MP135DAE7, STM32MP135DAF7, STM32MP135DAG7, STM32MP135F-DK, STM32MP135FAE7, STM32MP135FAF7, STM32MP135FAF7T, STM32MP135FAF7U, STM32MP135FAG7, STM32MP251AAI3, STM32MP251AAK3, STM32MP251AAL3, STM32MP251CAI3, STM32MP251CAK3, STM32MP251CAL3, STM32MP251DAI3, STM32MP251DAK3, STM32MP251DAL3, STM32MP251FAI3, STM32MP251FAK3, STM32MP251FAL3, STM32MP253AAI3, STM32MP253AAK3, STM32MP253AAL3, STM32MP253CAI3, STM32MP253CAK3, STM32MP253CAL3, STM32MP253DAI3, STM32MP253DAK3, STM32MP253DAL3, STM32MP253FAI3, STM32MP253FAK3, STM32MP253FAL3, STM32MP255AAI3, STM32MP255AAK3, STM32MP255AAL3, STM32MP255CAI3, STM32MP255CAK3, STM32MP255CAL3, STM32MP255DAI3, STM32MP255DAK3, STM32MP255DAL3, STM32MP255FAI3, STM32MP255FAK3, STM32MP255FAL3, STM32MP257AAI3, STM32MP257AAK3, STM32MP257AAL3, STM32MP257CAI3, STM32MP257CAK3, STM32MP257CAL3, STM32MP257DAI3, STM32MP257DAK3, STM32MP257DAL3, STM32MP257F-DK, STM32MP257F-EV1, STM32MP257FAI3, STM32MP257FAK3, STM32MP257FAL3, STM32U031C6T6, STM32U031C6U6, STM32U031C8T6, STM32U031C8U6, STM32U031F4P6, STM32U031F6P6, STM32U031F8P6, STM32U031G6Y6TR, STM32U031G8Y6TR, STM32U031K4U6, STM32U031K6U6, STM32U031K8U6, STM32U031R6I6, STM32U031R6T6, STM32U031R8I6, STM32U031R8T6, STM32U073C8T6, STM32U073C8U6, STM32U073CBT6, STM32U073CBU6, STM32U073CCT6, STM32U073CCU6, STM32U073H8Y6TR, STM32U073HBY6TR, STM32U073HCY6TR, STM32U073K8U6, STM32U073KBU6, STM32U073KCU6, STM32U073M8I6, STM32U073M8T6, STM32U073MBI6, STM32U073MBT6, STM32U073MCI6, STM32U073MCT6, STM32U073R8I6, STM32U073R8T6, STM32U073RBI6, STM32U073RBT6, STM32U073RCI6, STM32U073RCT6, STM32U083C-DK, STM32U083CCT6, STM32U083CCU6, STM32U083HCY6TR, STM32U083KCU6, STM32U083MCI6, STM32U083MCT6, STM32U083RCI6, STM32U083RCT6, STM32U535CBT6, STM32U535CBT6Q, STM32U535CBU6, STM32U535CBU6Q, STM32U535CCT6, STM32U535CCT6Q, STM32U535CCU6, STM32U535CCU6Q, STM32U535CET6, STM32U535CET6Q, STM32U535CEU6, STM32U535CEU6Q, STM32U535JEY6QTR, STM32U535NCY6QTR, STM32U535NEY6QTR, STM32U535RBI6, STM32U535RBI6Q, STM32U535RBT6, STM32U535RBT6Q, STM32U535RCI6, STM32U535RCI6Q, STM32U535RCT6, STM32U535RCT6Q, STM32U535REI6, STM32U535REI6Q, STM32U535RET6, STM32U535RET6Q, STM32U535VCI6, STM32U535VCI6Q, STM32U535VCT6, STM32U535VCT6Q, STM32U535VEI6, STM32U535VEI6Q, STM32U535VET6, STM32U535VET6Q, STM32U545CET6, STM32U545CET6Q, STM32U545CEU6, STM32U545CEU6Q, STM32U545JEY6QTR, STM32U545NEY6QTR, STM32U545REI6, STM32U545REI6Q, STM32U545RET6, STM32U545RET6Q, STM32U545VEI6, STM32U545VEI6Q, STM32U545VET6, STM32U545VET6Q, STM32U595AIH6, STM32U595AIH6Q, STM32U595AJH6, STM32U595AJH6Q, STM32U595QII6, STM32U595QII6Q, STM32U595QJI6, STM32U595QJI6Q, STM32U595RIT6, STM32U595RIT6Q, STM32U595RJT6, STM32U595RJT6Q, STM32U595VIT6, STM32U595VIT6Q, STM32U595VJT6, STM32U595VJT6Q, STM32U595ZIT6, STM32U595ZIT6Q, STM32U595ZIY6QTR, STM32U595ZJT6, STM32U595ZJT6Q, STM32U595ZJY6QTR, STM32U599BJY6QTR, STM32U599NIH6Q, STM32U599NJH6Q, STM32U599VIT6Q, STM32U599VJT6, STM32U599VJT6Q, STM32U599ZIT6Q, STM32U599ZIY6QTR, STM32U599ZJT6Q, STM32U599ZJY6QTR, STM32U5A5AJH6, STM32U5A5AJH6Q, STM32U5A5QII3Q , STM32U5A5QJI6, STM32U5A5QJI6Q, STM32U5A5RJT6, STM32U5A5RJT6Q, STM32U5A5VJT6, STM32U5A5VJT6Q, STM32U5A5ZJT6, STM32U5A5ZJT6Q, STM32U5A5ZJY6QTR, STM32U5A9BJY6QTR, STM32U5A9J-DK, STM32U5A9NJH6Q, STM32U5A9VJT6Q, STM32U5A9ZJT6Q, STM32U5A9ZJY6QTR, STM32U5F7VIT6, STM32U5F7VIT6Q, STM32U5F7VJT6, STM32U5F7VJT6Q, STM32U5F9BJY6QTR, STM32U5F9NJH6Q, STM32U5F9VIT6Q, STM32U5F9VJT6Q, STM32U5F9ZIJ6QTR, STM32U5F9ZIT6Q, STM32U5F9ZJJ6QTR, STM32U5F9ZJT6Q, STM32U5G7VJT6, STM32U5G7VJT6Q, STM32U5G9BJY6QTR, STM32U5G9J-DK1, STM32U5G9J-DK2, STM32U5G9NJH6Q, STM32U5G9VJT6Q, STM32U5G9ZJJ6QTR, STM32U5G9ZJT6Q, STM32WB05KZV6TR, STM32WB05KZV7TR, STM32WB05TZF6TR, STM32WB05TZF7TR, STM32WB06CCF6TR, STM32WB06CCF7TR, STM32WB06CCV6TR, STM32WB06CCV7TR, STM32WB06KCV6TR, STM32WB06KCV7TR, STM32WB07CCF6TR, STM32WB07CCF7TR, STM32WB07CCV6TR, STM32WB07CCV7TR, STM32WB07KCV6TR, STM32WB07KCV7TR, STM32WB09KEV6TR, STM32WB09KEV7TR, STM32WB09TEF6TR, STM32WB09TEF7TR, STM32WB1MMCH6, STM32WBA50KGU6, STM32WBA50KGU6TR, STM32WBA52CEU6, STM32WBA52CEU6TR, STM32WBA52CEU7, STM32WBA52CEU7TR, STM32WBA52CGU6, STM32WBA52CGU6TR, STM32WBA52CGU6U, STM32WBA52CGU7, STM32WBA52CGU7TR, STM32WBA52KEU6, STM32WBA52KEU6TR, STM32WBA52KGU6, STM32WBA52KGU6TR, STM32WBA54CEU6, STM32WBA54CEU6TR, STM32WBA54CEU7, STM32WBA54CEU7TR, STM32WBA54CGU6, STM32WBA54CGU6TR, STM32WBA54CGU7, STM32WBA54CGU7TR, STM32WBA54KEU6, STM32WBA54KEU6TR, STM32WBA54KEU7, STM32WBA54KEU7TR, STM32WBA54KGU6, STM32WBA54KGU6TR, STM32WBA54KGU7, STM32WBA54KGU7TR, STM32WBA55CEU6, STM32WBA55CEU6TR, STM32WBA55CEU7, STM32WBA55CEU7TR, STM32WBA55CGU6, STM32WBA55CGU6TR, STM32WBA55CGU6U, STM32WBA55CGU7, STM32WBA55CGU7TR, STM32WBA55G-DK1, STM32WBA55HEF6, STM32WBA55HEF7, STM32WBA55HGF6, STM32WBA55HGF7, STM32WBA55UEI6, STM32WBA55UEI6TR, STM32WBA55UEI7, STM32WBA55UEI7TR, STM32WBA55UGI6, STM32WBA55UGI6TR, STM32WBA55UGI7, STM32WBA55UGI7TR, STM32WL5MOCH6, STM32WL5MOCH6TR]
2024-10-06 16:53:20,261 [INFO] DbMcus:218 - Found 4252 MCUs, 4252 are supported
2024-10-06 16:53:20,261 [INFO] ApiDb:423 - Load user favorites file /home/cdelong/.stm32cubeide/favorites.mcus.txt: 0 item(s)
2024-10-06 16:53:20,261 [INFO] ApiDb:427 - User favorites MCUs=[]
2024-10-06 16:53:20,261 [INFO] DbMcus:224 - Set 0 / 0 favorites MCUs
2024-10-06 16:53:20,522 [INFO] ApiDb:668 - CubeFinder database Data Model version=2.1
2024-10-06 16:53:20,522 [INFO] ApiDb:669 - CubeFinder database Configuration version=3.0.39
2024-10-06 16:53:20,522 [INFO] ApiDb:670 - CubeFinder database generation date=2024-09-16 (1726485674)
2024-10-06 16:53:20,522 [INFO] ApiDb:671 - CubeFinder database FW Pack versions=[FP-ATR-ASTRA1_V2.0.0, FP-SNS-FLIGHT1_V5.0.2, FP-SNS-MOTENV1_V5.0.0, FP-SNS-MOTENVWB1_V1.4.0, FP-SNS-SMARTAG2_V1.2.0, FP-SNS-STBOX1_V2.0.0, STM32Cube_FW_C0_V1.2.0, STM32Cube_FW_F4_V1.28.1, STM32Cube_FW_F7_V1.17.2, STM32Cube_FW_G0_V1.6.2, STM32Cube_FW_G4_V1.6.0, STM32Cube_FW_H5_V1.3.0, STM32Cube_FW_H7RS_V1.1.0, STM32Cube_FW_H7_V1.11.2, STM32Cube_FW_L0_V1.12.2, STM32Cube_FW_L5_V1.5.1, STM32Cube_FW_U0_V1.1.0, STM32Cube_FW_U5_V1.6.0, STM32Cube_FW_WB0_V1.0.0, STM32Cube_FW_WBA_V1.4.1, STM32Cube_FW_WB_V1.20.0, STM32Cube_FW_WL_V1.3.0, X-CUBE-ALGOBUILD_V1.4.0, X-CUBE-ALS_V1.0.2, X-CUBE-AZRTOS-F4_V1.1.0, X-CUBE-AZRTOS-F7_V1.1.0, X-CUBE-AZRTOS-G0_V1.1.0, X-CUBE-AZRTOS-G4_V2.0.0, X-CUBE-AZRTOS-H7RS_V1.0.0, X-CUBE-AZRTOS-H7_V3.2.0, X-CUBE-AZRTOS-L4_V2.0.0, X-CUBE-AZRTOS-L5_V2.0.0, X-CUBE-AZRTOS-WB_V2.0.0, X-CUBE-AZRTOS-WL_V2.0.0, X-CUBE-BLE1_V7.0.0, X-CUBE-BLE2_V3.3.0, X-CUBE-BLEMGR_V3.1.0, X-CUBE-EEPRMA1_V5.1.0, X-CUBE-FREERTOS_V1.2.0, X-CUBE-GNSS1_V6.0.0, X-CUBE-MEMS1_V11.0.0, X-CUBE-NFC4_V3.0.0, X-CUBE-NFC7_V1.0.1, X-CUBE-SFXS2LP1_V4.0.0, X-CUBE-SUBG2_V5.0.0, X-CUBE-TOF1_V3.4.2]
2024-10-06 16:53:20,556 [INFO] DbBoardsSqlite:226 - include board P-NUCLEO-WB55-NUCLEO as a kit item of type 'Nucleo-64'
2024-10-06 16:53:20,557 [INFO] DbBoardsSqlite:226 - include board P-NUCLEO-WB55-USBDONGLE as a kit item of type 'Nucleo USB Dongle'
2024-10-06 16:53:20,557 [INFO] DbBoardsSqlite:226 - include board STEVAL-IDP005V1 as a kit item of type 'Evaluation Board'
2024-10-06 16:53:20,557 [INFO] DbBoardsSqlite:226 - include board STEVAL-IDP005V2 as a kit item of type 'Evaluation Board'
2024-10-06 16:53:20,583 [INFO] ApiDb:240 - Found 646 in-development CPN: [B-G473E-ZEST1S, B-WB1M-WPAN1, B-WL5M-SUBG1, NUCLEO-C031C6, NUCLEO-C071RB, NUCLEO-H503RB, NUCLEO-H533RE, NUCLEO-H563ZI, NUCLEO-H7S3L8, NUCLEO-U031R8, NUCLEO-U083RC, NUCLEO-U545RE-Q, NUCLEO-U5A5ZJ-Q, NUCLEO-WB05KZ, NUCLEO-WB07CC, NUCLEO-WB09KE, NUCLEO-WBA52CG, NUCLEO-WBA55CG, STEVAL-PROTEUS1, STEVAL-SMARTAG2, STEVAL-STWINBX1, STM320518-EVAL, STM32C0116-DK, STM32C011D6Y3TR, STM32C011D6Y6TR, STM32C011F4P3, STM32C011F4P6, STM32C011F4U3, STM32C011F4U6TR, STM32C011F6P3, STM32C011F6P6, STM32C011F6U3, STM32C011F6U6TR, STM32C011J4M3, STM32C011J4M6, STM32C011J6M3, STM32C011J6M6, STM32C0316-DK, STM32C031C4T3, STM32C031C4T6, STM32C031C4U3, STM32C031C4U6, STM32C031C6T3, STM32C031C6T6, STM32C031C6U3, STM32C031C6U6, STM32C031F4P3, STM32C031F4P6, STM32C031F6P3, STM32C031F6P6, STM32C031G4U3, STM32C031G4U6, STM32C031G6U3, STM32C031G6U6, STM32C031K4T3, STM32C031K4T6, STM32C031K4U3, STM32C031K4U6, STM32C031K6T3, STM32C031K6T6, STM32C031K6U3, STM32C031K6U6, STM32C071C8T6, STM32C071C8T6N, STM32C071C8U6, STM32C071C8U6N, STM32C071CBT6, STM32C071CBT6N, STM32C071CBU6, STM32C071CBU6N, STM32C071F8P6, STM32C071F8P6N, STM32C071FBP6, STM32C071FBP6N, STM32C071FBY6TR, STM32C071G8U6, STM32C071G8U6N, STM32C071GBU6, STM32C071GBU6N, STM32C071K8T6, STM32C071K8T6N, STM32C071K8U6, STM32C071K8U6N, STM32C071KBT6, STM32C071KBT6N, STM32C071KBU6, STM32C071KBU6N, STM32C071R8T6, STM32C071R8T6N, STM32C071RBI6N, STM32C071RBT6, STM32C071RBT6N, STM32G071K8TXN, STM32G071K8UXN, STM32G081GBU6N, STM32G081KBT6N, STM32G081KBUXN, STM32G0B1CCT6N, STM32G0B1KCT6, STM32G0B1NEY6TR, STM32G0B1RCT6N, STM32G0C1CCT6, STM32G0C1CCT6N, STM32G0C1CCU6N, STM32G0C1CET6N, STM32G0C1CEU6N, STM32G0C1KCT6, STM32G0C1NEY6TR, STM32G0C1RCI6N, STM32G0C1RCT6N, STM32G0C1REI6N, STM32G0C1RET6N, STM32G0C1VCI6, STM32G0C1VEI6, STM32G411C6T3, STM32G411C6T6, STM32G411C6U3, STM32G411C6U6, STM32G411C8T3, STM32G411C8T6, STM32G411C8U3, STM32G411C8U6, STM32G411CBT3, STM32G411CBT6, STM32G411CBU3, STM32G411CBU6, STM32G411K6T3, STM32G411K6T6, STM32G411K6U3, STM32G411K6U6, STM32G411K8T3, STM32G411K8T6, STM32G411K8U3, STM32G411K8U6, STM32G411KBT3, STM32G411KBT6, STM32G411KBU3, STM32G411KBU6, STM32G411M6T3, STM32G411M6T6, STM32G411M8T3, STM32G411M8T6, STM32G411MBT3, STM32G411MBT6, STM32G411R6T3, STM32G411R6T6, STM32G411R8T3, STM32G411R8T6, STM32G411RBT3, STM32G411RBT6, STM32G414CBT3, STM32G414CBT6, STM32G414CBU3, STM32G414CBU6, STM32G414CCT3, STM32G414CCT6, STM32G414CCU3, STM32G414CCU6, STM32G414MBT3, STM32G414MBT6, STM32G414MCT3, STM32G414MCT6, STM32G414RBT3, STM32G414RBT6, STM32G414RCT3, STM32G414RCT6, STM32G414VBT3, STM32G414VBT6, STM32G414VCT3, STM32G414VCT6, STM32G431CBT3Z, STM32G431RBT3Z, STM32G471CCT6, STM32G471CCU6, STM32G471CET3, STM32G471CET6, STM32G471CEU3, STM32G471CEU6, STM32G471MCT6, STM32G471MET3, STM32G471MET6, STM32G471MEY6TR, STM32G471QCT6, STM32G471QET3, STM32G471RCT6, STM32G471RET3, STM32G471RET6, STM32G471VCH6, STM32G471VCI6, STM32G471VCT6, STM32G471VEH3, STM32G471VEH6, STM32G471VEI3, STM32G471VEI6, STM32G471VET3, STM32G471VET6, STM32G473QET3Z, STM32G473RET3Z, STM32G474CCT6, STM32G491RET3Z, STM32H503CBT6, STM32H503CBU6, STM32H503EBY6TR, STM32H503KBU6, STM32H503RBT6, STM32H523CCT6, STM32H523CCU6, STM32H523CET6, STM32H523CEU6, STM32H523HEY6TR, STM32H523RCT6, STM32H523RET6, STM32H523VCI6, STM32H523VCT6, STM32H523VEI6, STM32H523VET6, STM32H523ZCJ6, STM32H523ZCT6, STM32H523ZEJ6, STM32H523ZET6, STM32H533CET6, STM32H533CEU6, STM32H533HEY6TR, STM32H533RET6, STM32H533VEI6, STM32H533VET6, STM32H533ZEJ6, STM32H533ZET6, STM32H562AGI6, STM32H562AII6, STM32H562IGK6, STM32H562IGT6, STM32H562IIK6, STM32H562IIT6, STM32H562RGT6, STM32H562RGV6, STM32H562RIT6, STM32H562RIV6, STM32H562VGT6, STM32H562VIT6, STM32H562ZGT6, STM32H562ZIT6, STM32H563AGI6, STM32H563AII3Q, STM32H563AII6, STM32H563IGK6, STM32H563IGT6, STM32H563IIK3Q, STM32H563IIK6, STM32H563IIT3Q, STM32H563IIT6, STM32H563MIY3QTR, STM32H563RGT6, STM32H563RGV6, STM32H563RIT6, STM32H563RIV6, STM32H563VGT6, STM32H563VIT3Q, STM32H563VIT6, STM32H563ZGT6, STM32H563ZIT3Q, STM32H563ZIT6, STM32H573AII3Q, STM32H573AII6, STM32H573I-DK, STM32H573IIK3Q, STM32H573IIK6, STM32H573IIT3Q, STM32H573IIT6, STM32H573MIY3QTR, STM32H573RIT6, STM32H573RIV6, STM32H573VIT3Q, STM32H573VIT6, STM32H573ZIT3Q, STM32H573ZIT6, STM32H7R3A8I6, STM32H7R3I8K6, STM32H7R3I8T6, STM32H7R3L8H6, STM32H7R3L8H6H, STM32H7R3R8V6, STM32H7R3V8H6, STM32H7R3V8T6, STM32H7R3V8Y6TR, STM32H7R3Z8J6, STM32H7R3Z8T6, STM32H7R7A8I6, STM32H7R7I8K6, STM32H7R7I8T6, STM32H7R7L8H6, STM32H7R7L8H6H, STM32H7R7Z8J6, STM32H7S3A8I6, STM32H7S3I8K6, STM32H7S3I8T6, STM32H7S3L8H6, STM32H7S3L8H6H, STM32H7S3R8V6, STM32H7S3V8H6, STM32H7S3V8T6, STM32H7S3V8Y6TR, STM32H7S3Z8J6, STM32H7S3Z8T6, STM32H7S78-DK, STM32H7S7A8I6, STM32H7S7I8K6, STM32H7S7I8T6, STM32H7S7L8H6, STM32H7S7L8H6H, STM32H7S7Z8J6, STM32L4R5QGI6STR, STM32MP131AAE3, STM32MP131AAF3, STM32MP131AAG3, STM32MP131CAE3, STM32MP131CAF3, STM32MP131CAG3, STM32MP131DAE7, STM32MP131DAF7, STM32MP131DAG7, STM32MP131FAE7, STM32MP131FAF7, STM32MP131FAG7, STM32MP133AAE3, STM32MP133AAF3, STM32MP133AAG3, STM32MP133CAE3, STM32MP133CAF3, STM32MP133CAG3, STM32MP133DAE7, STM32MP133DAF7, STM32MP133DAG7, STM32MP133FAE7, STM32MP133FAF7, STM32MP133FAG7, STM32MP135AAE3, STM32MP135AAF3, STM32MP135AAG3, STM32MP135CAE3, STM32MP135CAF3, STM32MP135CAG3, STM32MP135DAE7, STM32MP135DAF7, STM32MP135DAG7, STM32MP135F-DK, STM32MP135FAE7, STM32MP135FAF7, STM32MP135FAF7T, STM32MP135FAF7U, STM32MP135FAG7, STM32MP251AAI3, STM32MP251AAK3, STM32MP251AAL3, STM32MP251CAI3, STM32MP251CAK3, STM32MP251CAL3, STM32MP251DAI3, STM32MP251DAK3, STM32MP251DAL3, STM32MP251FAI3, STM32MP251FAK3, STM32MP251FAL3, STM32MP253AAI3, STM32MP253AAK3, STM32MP253AAL3, STM32MP253CAI3, STM32MP253CAK3, STM32MP253CAL3, STM32MP253DAI3, STM32MP253DAK3, STM32MP253DAL3, STM32MP253FAI3, STM32MP253FAK3, STM32MP253FAL3, STM32MP255AAI3, STM32MP255AAK3, STM32MP255AAL3, STM32MP255CAI3, STM32MP255CAK3, STM32MP255CAL3, STM32MP255DAI3, STM32MP255DAK3, STM32MP255DAL3, STM32MP255FAI3, STM32MP255FAK3, STM32MP255FAL3, STM32MP257AAI3, STM32MP257AAK3, STM32MP257AAL3, STM32MP257CAI3, STM32MP257CAK3, STM32MP257CAL3, STM32MP257DAI3, STM32MP257DAK3, STM32MP257DAL3, STM32MP257F-DK, STM32MP257F-EV1, STM32MP257FAI3, STM32MP257FAK3, STM32MP257FAL3, STM32U031C6T6, STM32U031C6U6, STM32U031C8T6, STM32U031C8U6, STM32U031F4P6, STM32U031F6P6, STM32U031F8P6, STM32U031G6Y6TR, STM32U031G8Y6TR, STM32U031K4U6, STM32U031K6U6, STM32U031K8U6, STM32U031R6I6, STM32U031R6T6, STM32U031R8I6, STM32U031R8T6, STM32U073C8T6, STM32U073C8U6, STM32U073CBT6, STM32U073CBU6, STM32U073CCT6, STM32U073CCU6, STM32U073H8Y6TR, STM32U073HBY6TR, STM32U073HCY6TR, STM32U073K8U6, STM32U073KBU6, STM32U073KCU6, STM32U073M8I6, STM32U073M8T6, STM32U073MBI6, STM32U073MBT6, STM32U073MCI6, STM32U073MCT6, STM32U073R8I6, STM32U073R8T6, STM32U073RBI6, STM32U073RBT6, STM32U073RCI6, STM32U073RCT6, STM32U083C-DK, STM32U083CCT6, STM32U083CCU6, STM32U083HCY6TR, STM32U083KCU6, STM32U083MCI6, STM32U083MCT6, STM32U083RCI6, STM32U083RCT6, STM32U535CBT6, STM32U535CBT6Q, STM32U535CBU6, STM32U535CBU6Q, STM32U535CCT6, STM32U535CCT6Q, STM32U535CCU6, STM32U535CCU6Q, STM32U535CET6, STM32U535CET6Q, STM32U535CEU6, STM32U535CEU6Q, STM32U535JEY6QTR, STM32U535NCY6QTR, STM32U535NEY6QTR, STM32U535RBI6, STM32U535RBI6Q, STM32U535RBT6, STM32U535RBT6Q, STM32U535RCI6, STM32U535RCI6Q, STM32U535RCT6, STM32U535RCT6Q, STM32U535REI6, STM32U535REI6Q, STM32U535RET6, STM32U535RET6Q, STM32U535VCI6, STM32U535VCI6Q, STM32U535VCT6, STM32U535VCT6Q, STM32U535VEI6, STM32U535VEI6Q, STM32U535VET6, STM32U535VET6Q, STM32U545CET6, STM32U545CET6Q, STM32U545CEU6, STM32U545CEU6Q, STM32U545JEY6QTR, STM32U545NEY6QTR, STM32U545REI6, STM32U545REI6Q, STM32U545RET6, STM32U545RET6Q, STM32U545VEI6, STM32U545VEI6Q, STM32U545VET6, STM32U545VET6Q, STM32U595AIH6, STM32U595AIH6Q, STM32U595AJH6, STM32U595AJH6Q, STM32U595QII6, STM32U595QII6Q, STM32U595QJI6, STM32U595QJI6Q, STM32U595RIT6, STM32U595RIT6Q, STM32U595RJT6, STM32U595RJT6Q, STM32U595VIT6, STM32U595VIT6Q, STM32U595VJT6, STM32U595VJT6Q, STM32U595ZIT6, STM32U595ZIT6Q, STM32U595ZIY6QTR, STM32U595ZJT6, STM32U595ZJT6Q, STM32U595ZJY6QTR, STM32U599BJY6QTR, STM32U599NIH6Q, STM32U599NJH6Q, STM32U599VIT6Q, STM32U599VJT6, STM32U599VJT6Q, STM32U599ZIT6Q, STM32U599ZIY6QTR, STM32U599ZJT6Q, STM32U599ZJY6QTR, STM32U5A5AJH6, STM32U5A5AJH6Q, STM32U5A5QII3Q , STM32U5A5QJI6, STM32U5A5QJI6Q, STM32U5A5RJT6, STM32U5A5RJT6Q, STM32U5A5VJT6, STM32U5A5VJT6Q, STM32U5A5ZJT6, STM32U5A5ZJT6Q, STM32U5A5ZJY6QTR, STM32U5A9BJY6QTR, STM32U5A9J-DK, STM32U5A9NJH6Q, STM32U5A9VJT6Q, STM32U5A9ZJT6Q, STM32U5A9ZJY6QTR, STM32U5F7VIT6, STM32U5F7VIT6Q, STM32U5F7VJT6, STM32U5F7VJT6Q, STM32U5F9BJY6QTR, STM32U5F9NJH6Q, STM32U5F9VIT6Q, STM32U5F9VJT6Q, STM32U5F9ZIJ6QTR, STM32U5F9ZIT6Q, STM32U5F9ZJJ6QTR, STM32U5F9ZJT6Q, STM32U5G7VJT6, STM32U5G7VJT6Q, STM32U5G9BJY6QTR, STM32U5G9J-DK1, STM32U5G9J-DK2, STM32U5G9NJH6Q, STM32U5G9VJT6Q, STM32U5G9ZJJ6QTR, STM32U5G9ZJT6Q, STM32WB05KZV6TR, STM32WB05KZV7TR, STM32WB05TZF6TR, STM32WB05TZF7TR, STM32WB06CCF6TR, STM32WB06CCF7TR, STM32WB06CCV6TR, STM32WB06CCV7TR, STM32WB06KCV6TR, STM32WB06KCV7TR, STM32WB07CCF6TR, STM32WB07CCF7TR, STM32WB07CCV6TR, STM32WB07CCV7TR, STM32WB07KCV6TR, STM32WB07KCV7TR, STM32WB09KEV6TR, STM32WB09KEV7TR, STM32WB09TEF6TR, STM32WB09TEF7TR, STM32WB1MMCH6, STM32WBA50KGU6, STM32WBA50KGU6TR, STM32WBA52CEU6, STM32WBA52CEU6TR, STM32WBA52CEU7, STM32WBA52CEU7TR, STM32WBA52CGU6, STM32WBA52CGU6TR, STM32WBA52CGU6U, STM32WBA52CGU7, STM32WBA52CGU7TR, STM32WBA52KEU6, STM32WBA52KEU6TR, STM32WBA52KGU6, STM32WBA52KGU6TR, STM32WBA54CEU6, STM32WBA54CEU6TR, STM32WBA54CEU7, STM32WBA54CEU7TR, STM32WBA54CGU6, STM32WBA54CGU6TR, STM32WBA54CGU7, STM32WBA54CGU7TR, STM32WBA54KEU6, STM32WBA54KEU6TR, STM32WBA54KEU7, STM32WBA54KEU7TR, STM32WBA54KGU6, STM32WBA54KGU6TR, STM32WBA54KGU7, STM32WBA54KGU7TR, STM32WBA55CEU6, STM32WBA55CEU6TR, STM32WBA55CEU7, STM32WBA55CEU7TR, STM32WBA55CGU6, STM32WBA55CGU6TR, STM32WBA55CGU6U, STM32WBA55CGU7, STM32WBA55CGU7TR, STM32WBA55G-DK1, STM32WBA55HEF6, STM32WBA55HEF7, STM32WBA55HGF6, STM32WBA55HGF7, STM32WBA55UEI6, STM32WBA55UEI6TR, STM32WBA55UEI7, STM32WBA55UEI7TR, STM32WBA55UGI6, STM32WBA55UGI6TR, STM32WBA55UGI7, STM32WBA55UGI7TR, STM32WL5MOCH6, STM32WL5MOCH6TR]
2024-10-06 16:53:20,666 [INFO] BoardInfo:889 - No configuration file found for board P-NUCLEO-WB55
2024-10-06 16:53:20,667 [INFO] DbBoards:161 - Kit is not supported: P-NUCLEO-WB55
2024-10-06 16:53:20,670 [INFO] BoardInfo:889 - No configuration file found for board STEVAL-BFA001V1B
2024-10-06 16:53:20,670 [INFO] DbBoards:161 - Kit is not supported: STEVAL-BFA001V1B
2024-10-06 16:53:20,671 [INFO] BoardInfo:889 - No configuration file found for board STEVAL-BFA001V2B
2024-10-06 16:53:20,671 [INFO] DbBoards:161 - Kit is not supported: STEVAL-BFA001V2B
2024-10-06 16:53:20,757 [INFO] DbBoards:168 - Found 201 boards, 198 are supported
2024-10-06 16:53:20,757 [INFO] DbBoards:169 - Found 201 boards, 25 of them is supported for  Bsp
2024-10-06 16:53:20,759 [INFO] ApiDb:423 - Load user favorites file /home/cdelong/.stm32cubeide/favorites.boards.txt: 0 item(s)
2024-10-06 16:53:20,759 [INFO] ApiDb:427 - User favorites Boards=[]
2024-10-06 16:53:20,759 [INFO] DbBoards:198 - Set 0 / 0 favorites Boards
2024-10-06 16:53:20,762 [INFO] ApiDb:668 - CubeFinder database Data Model version=2.1
2024-10-06 16:53:20,762 [INFO] ApiDb:669 - CubeFinder database Configuration version=3.0.39
2024-10-06 16:53:20,762 [INFO] ApiDb:670 - CubeFinder database generation date=2024-09-16 (1726485674)
2024-10-06 16:53:20,762 [INFO] ApiDb:671 - CubeFinder database FW Pack versions=[FP-ATR-ASTRA1_V2.0.0, FP-SNS-FLIGHT1_V5.0.2, FP-SNS-MOTENV1_V5.0.0, FP-SNS-MOTENVWB1_V1.4.0, FP-SNS-SMARTAG2_V1.2.0, FP-SNS-STBOX1_V2.0.0, STM32Cube_FW_C0_V1.2.0, STM32Cube_FW_F4_V1.28.1, STM32Cube_FW_F7_V1.17.2, STM32Cube_FW_G0_V1.6.2, STM32Cube_FW_G4_V1.6.0, STM32Cube_FW_H5_V1.3.0, STM32Cube_FW_H7RS_V1.1.0, STM32Cube_FW_H7_V1.11.2, STM32Cube_FW_L0_V1.12.2, STM32Cube_FW_L5_V1.5.1, STM32Cube_FW_U0_V1.1.0, STM32Cube_FW_U5_V1.6.0, STM32Cube_FW_WB0_V1.0.0, STM32Cube_FW_WBA_V1.4.1, STM32Cube_FW_WB_V1.20.0, STM32Cube_FW_WL_V1.3.0, X-CUBE-ALGOBUILD_V1.4.0, X-CUBE-ALS_V1.0.2, X-CUBE-AZRTOS-F4_V1.1.0, X-CUBE-AZRTOS-F7_V1.1.0, X-CUBE-AZRTOS-G0_V1.1.0, X-CUBE-AZRTOS-G4_V2.0.0, X-CUBE-AZRTOS-H7RS_V1.0.0, X-CUBE-AZRTOS-H7_V3.2.0, X-CUBE-AZRTOS-L4_V2.0.0, X-CUBE-AZRTOS-L5_V2.0.0, X-CUBE-AZRTOS-WB_V2.0.0, X-CUBE-AZRTOS-WL_V2.0.0, X-CUBE-BLE1_V7.0.0, X-CUBE-BLE2_V3.3.0, X-CUBE-BLEMGR_V3.1.0, X-CUBE-EEPRMA1_V5.1.0, X-CUBE-FREERTOS_V1.2.0, X-CUBE-GNSS1_V6.0.0, X-CUBE-MEMS1_V11.0.0, X-CUBE-NFC4_V3.0.0, X-CUBE-NFC7_V1.0.1, X-CUBE-SFXS2LP1_V4.0.0, X-CUBE-SUBG2_V5.0.0, X-CUBE-TOF1_V3.4.2]
2024-10-06 16:53:21,451 [ERROR] DbExamplesSqlite:437 - Missing JSON key: board_cpn
2024-10-06 16:53:21,451 [ERROR] DbExamplesSqlite:437 - Missing JSON key: board_cpn
2024-10-06 16:53:21,451 [ERROR] DbExamplesSqlite:437 - Missing JSON key: board_cpn
2024-10-06 16:53:21,451 [ERROR] DbExamplesSqlite:437 - Missing JSON key: board_cpn
2024-10-06 16:53:21,539 [ERROR] DbExamplesSqlite:437 - Missing JSON key: board_cpn
2024-10-06 16:53:21,539 [ERROR] DbExamplesSqlite:437 - Missing JSON key: board_cpn
2024-10-06 16:53:21,539 [ERROR] DbExamplesSqlite:437 - Missing JSON key: board_cpn
2024-10-06 16:53:21,539 [ERROR] DbExamplesSqlite:437 - Missing JSON key: board_cpn
2024-10-06 16:53:21,539 [ERROR] DbExamplesSqlite:437 - Missing JSON key: board_cpn
2024-10-06 16:53:21,539 [ERROR] DbExamplesSqlite:437 - Missing JSON key: board_cpn
2024-10-06 16:53:21,539 [ERROR] DbExamplesSqlite:437 - Missing JSON key: board_cpn
2024-10-06 16:53:21,540 [ERROR] DbExamplesSqlite:437 - Missing JSON key: board_cpn
2024-10-06 16:53:21,540 [ERROR] DbExamplesSqlite:437 - Missing JSON key: board_cpn
2024-10-06 16:53:21,541 [INFO] DbExamplesSqlite:395 - Ignored 28 examples not supported by CubeIDE
2024-10-06 16:53:21,541 [INFO] DbExamplesSqlite:396 - Found 8614 examples active
2024-10-06 16:53:21,541 [INFO] DbExamplesSqlite:397 - Found 0 examples obsolete
2024-10-06 16:53:21,541 [INFO] DbExamplesSqlite:398 - Found 0 examples under development
2024-10-06 16:53:21,541 [INFO] DbExamplesSqlite:399 - Found 10 examples not building
2024-10-06 16:53:21,542 [INFO] DbExamples:125 - Found 8596 examples
2024-10-06 16:53:21,551 [INFO] DbExamples:222 - Found 108 boards with related examples
2024-10-06 16:53:21,552 [INFO] DbExamples:235 - Found 90 MCUs with related examples
2024-10-06 16:53:21,566 [INFO] ApiDb:414 - User favorites file not found: /home/cdelong/.stm32cubeide/favorites.examples.txt
2024-10-06 16:53:21,566 [INFO] DbExamples:250 - Set 0 / 0 favorites Examples
2024-10-06 16:53:21,709 [INFO] McuFinderGlobals:76 - Set McuFinderConnectedMode to true
2024-10-06 16:53:21,715 [INFO] MultiScanPanel:200 - Auto-refresh data requested => check proxy status ongoing
2024-10-06 16:53:21,717 [INFO] FinderPluginLoader:95 - Searching for filters in installed packs
2024-10-06 16:53:22,738 [INFO] LoadUrlFilesThread:185 - End of LoadServerUrlFiles without Thread
2024-10-06 16:53:22,772 [INFO] DetailPanel:341 - Set advertising image to /home/cdelong/STM32Cube/Repository//en.prom-stm32c071-usb-memories-mcu-finder.png
2024-10-06 16:54:07,119 [INFO] MainUpdater:2873 - connection check result : 10
2024-10-06 16:54:07,120 [INFO] MainUpdater:2873 - connection check result : 10
2024-10-06 16:54:07,225 [INFO] RulesReader:64 - Compatibility file has been processed (297 Rules)
2024-10-06 16:54:07,377 [INFO] RulesReader:64 - Compatibility file has been processed (297 Rules)
2024-10-06 16:54:07,389 [INFO] MicroXplorer:468 - Change Database Path : 
2024-10-06 16:54:07,390 [INFO] MicroXplorer:498 - Change Database Version : DB.6.0.121
2024-10-06 16:54:07,402 [WARN] ThirdParty:871 - waiting for thirdparty lock release [close project]
2024-10-06 16:54:07,402 [INFO] ThirdParty:873 - entering critical section [close project]
2024-10-06 16:54:07,403 [INFO] ThirdParty:883 - exiting critical section [close project]
2024-10-06 16:54:07,407 [INFO] PinOutPanel:1561 - setPackage(No Configuration,No Configuration)
2024-10-06 16:54:07,412 [INFO] UtilMem:75 - Begin LoadConfig() Used Memory: 538184984 Bytes (823132160)
2024-10-06 16:54:07,413 [INFO] MicroXplorer:468 - Change Database Path : 
2024-10-06 16:54:07,413 [INFO] MicroXplorer:498 - Change Database Version : DB.6.0.121
2024-10-06 16:54:07,413 [INFO] OpenFileManager:332 - Change cursor
2024-10-06 16:54:07,430 [INFO] Mcu:2032 - Initializing MCU STM32F405RGTx STM32F405RGTx STM32F405RGT6
2024-10-06 16:54:08,607 [INFO] Context:742 - Trying to add GPIOservice into a context  which must be forbidden
2024-10-06 16:54:09,088 [INFO] RtosManager:555 - Registered RTOS mode: class=CMSIS, group=RTOS, mode=CMSIS_V1, owner=FREERTOS
2024-10-06 16:54:09,088 [INFO] RtosManager:555 - Registered RTOS mode: class=CMSIS, group=RTOS2, mode=CMSIS_V2, owner=FREERTOS
2024-10-06 16:54:09,088 [INFO] RtosManager:555 - Registered RTOS mode: class=RTOS, group=Core, mode=CMSIS_V1, owner=FREERTOS
2024-10-06 16:54:09,088 [INFO] RtosManager:555 - Registered RTOS mode: class=RTOS, group=Core, mode=CMSIS_V2, owner=FREERTOS
2024-10-06 16:54:09,088 [WARN] ModelIntegratedComponent:184 - Missing modes for component STMicroelectronics:FreeRTOS:0.0.1:STMicroelectronics:RTOS:FreeRTOS:Core:::10.2.0:
2024-10-06 16:54:09,095 [WARN] ModelIntegratedComponent:63 - No mode defined for component null
2024-10-06 16:54:09,095 [WARN] ModelIntegratedComponent:63 - No mode defined for component null
2024-10-06 16:54:09,096 [WARN] ModelIntegratedComponent:63 - No mode defined for component null
2024-10-06 16:54:09,096 [WARN] ModelIntegratedComponent:63 - No mode defined for component null
2024-10-06 16:54:09,096 [WARN] ModelIntegratedComponent:63 - No mode defined for component null
2024-10-06 16:54:09,096 [WARN] ModelIntegratedComponent:63 - No mode defined for component null
2024-10-06 16:54:09,096 [WARN] ModelIntegratedComponent:63 - No mode defined for component null
2024-10-06 16:54:09,096 [WARN] ModelIntegratedComponent:63 - No mode defined for component null
2024-10-06 16:54:09,096 [WARN] ModelIntegratedComponent:63 - No mode defined for component null
2024-10-06 16:54:09,096 [WARN] ModelIntegratedComponent:63 - No mode defined for component null
2024-10-06 16:54:09,096 [WARN] ModelIntegratedComponent:63 - No mode defined for component null
2024-10-06 16:54:09,096 [WARN] ModelIntegratedComponent:63 - No mode defined for component null
2024-10-06 16:54:09,096 [WARN] ModelIntegratedComponent:63 - No mode defined for component null
2024-10-06 16:54:09,096 [WARN] ModelIntegratedComponent:63 - No mode defined for component null
2024-10-06 16:54:09,096 [WARN] ModelIntegratedComponent:63 - No mode defined for component null
2024-10-06 16:54:09,096 [WARN] ModelIntegratedComponent:63 - No mode defined for component null
2024-10-06 16:54:09,096 [WARN] ModelIntegratedComponent:63 - No mode defined for component null
2024-10-06 16:54:09,096 [WARN] ModelIntegratedComponent:63 - No mode defined for component null
2024-10-06 16:54:09,096 [WARN] ModelIntegratedComponent:63 - No mode defined for component null
2024-10-06 16:54:09,096 [WARN] ModelIntegratedComponent:63 - No mode defined for component null
2024-10-06 16:54:09,096 [WARN] ModelIntegratedComponent:63 - No mode defined for component null
2024-10-06 16:54:09,096 [WARN] ModelIntegratedComponent:63 - No mode defined for component null
2024-10-06 16:54:09,096 [WARN] ModelIntegratedComponent:63 - No mode defined for component null
2024-10-06 16:54:09,096 [WARN] ModelIntegratedComponent:63 - No mode defined for component null
2024-10-06 16:54:09,096 [WARN] ModelIntegratedComponent:63 - No mode defined for component null
2024-10-06 16:54:09,096 [WARN] ModelIntegratedComponent:63 - No mode defined for component null
2024-10-06 16:54:09,096 [WARN] ModelIntegratedComponent:63 - No mode defined for component null
2024-10-06 16:54:09,097 [WARN] ModelIntegratedComponent:63 - No mode defined for component null
2024-10-06 16:54:09,097 [WARN] ModelIntegratedComponent:63 - No mode defined for component null
2024-10-06 16:54:09,097 [WARN] ModelIntegratedComponent:63 - No mode defined for component null
2024-10-06 16:54:09,097 [WARN] ModelIntegratedComponent:63 - No mode defined for component null
2024-10-06 16:54:09,097 [WARN] ModelIntegratedComponent:63 - No mode defined for component null
2024-10-06 16:54:09,097 [WARN] ModelIntegratedComponent:63 - No mode defined for component null
2024-10-06 16:54:09,097 [WARN] ModelIntegratedComponent:63 - No mode defined for component null
2024-10-06 16:54:09,097 [WARN] ModelIntegratedComponent:63 - No mode defined for component null
2024-10-06 16:54:09,097 [WARN] ModelPack:524 - Component already loaded: STMicroelectronics:HAL Drivers:0.0.0:STMicroelectronics:Device:STMicro_Driver:XSPI:HAL::0.0.1:HAL_XSPI
2024-10-06 16:54:09,120 [INFO] ThirdPartyModel:298 - Start build external matchings
2024-10-06 16:54:09,583 [INFO] ThirdPartyModel:316 - End build external matchings
2024-10-06 16:54:09,591 [INFO] RtosManager:919 - Current active RTOS is FREERTOS [Cortex-M4NS]
2024-10-06 16:54:09,597 [WARN] IP:2191 - I2C_Coeff_DF not found: check if there is a RefParameter without a condition.
2024-10-06 16:54:09,598 [WARN] IP:2191 - Analog_Filter not found: check if there is a RefParameter without a condition.
2024-10-06 16:54:09,809 [INFO] UtilMem:75 - End LoadConfig() Used Memory: 753745016 Bytes (1073741824)
2024-10-06 16:54:09,940 [WARN] ThirdParty:833 - waiting for thirdparty lock release [change project]
2024-10-06 16:54:09,940 [INFO] ThirdParty:835 - entering critical section [change project]
2024-10-06 16:54:09,940 [INFO] ThirdParty:1030 - CMSIS Pack Vendor :STMicroelectronics USBPD 4.1
2024-10-06 16:54:09,940 [INFO] ThirdParty:1030 - CMSIS Pack Vendor :STMicroelectronics X-CUBE-AZRTOS-H7 3.3.0
2024-10-06 16:54:09,940 [INFO] ThirdParty:1030 - CMSIS Pack Vendor :STMicroelectronics X-CUBE-NFC9 1.0.0
2024-10-06 16:54:09,940 [INFO] ThirdParty:1030 - CMSIS Pack Vendor :STMicroelectronics USB_HOST 2.0.0
2024-10-06 16:54:09,940 [INFO] ThirdParty:1030 - CMSIS Pack Vendor :STMicroelectronics FP-SNS-MOTENVWB1 1.4.0
2024-10-06 16:54:09,940 [INFO] ThirdParty:1030 - CMSIS Pack Vendor :STMicroelectronics X-CUBE-AZRTOS-F4 1.1.0
2024-10-06 16:54:09,940 [INFO] ThirdParty:1030 - CMSIS Pack Vendor :STMicroelectronics LIBJPEG 8.0.0
2024-10-06 16:54:09,940 [INFO] ThirdParty:1030 - CMSIS Pack Vendor :STMicroelectronics X-CUBE-SMBUS 2.1.0
2024-10-06 16:54:09,940 [INFO] ThirdParty:1030 - CMSIS Pack Vendor :STMicroelectronics X-CUBE-WB05N 1.1.0
2024-10-06 16:54:09,940 [INFO] ThirdParty:1030 - CMSIS Pack Vendor :STMicroelectronics USB_DEVICE 3.0.0
2024-10-06 16:54:09,940 [INFO] ThirdParty:1030 - CMSIS Pack Vendor :STMicroelectronics X-CUBE-TCPP 4.1.0
2024-10-06 16:54:09,940 [INFO] ThirdParty:1030 - CMSIS Pack Vendor :STMicroelectronics X-CUBE-ISPU 2.1.0
2024-10-06 16:54:09,940 [INFO] ThirdParty:1030 - CMSIS Pack Vendor :STMicroelectronics X-CUBE-FREERTOS 1.2.0
2024-10-06 16:54:09,940 [INFO] ThirdParty:1030 - CMSIS Pack Vendor :STMicroelectronics X-CUBE-IPS 3.0.0
2024-10-06 16:54:09,941 [INFO] ThirdParty:1030 - CMSIS Pack Vendor :STMicroelectronics X-CUBE-AZRTOS-WB 2.0.0
2024-10-06 16:54:09,941 [INFO] ThirdParty:1030 - CMSIS Pack Vendor :STMicroelectronics X-CUBE-GNSS1 7.0.0
2024-10-06 16:54:09,941 [INFO] ThirdParty:1030 - CMSIS Pack Vendor :STMicroelectronics X-CUBE-AZRTOS-F7 1.1.0
2024-10-06 16:54:09,941 [INFO] ThirdParty:1030 - CMSIS Pack Vendor :STMicroelectronics X-CUBE-AZRTOS-L5 2.0.0
2024-10-06 16:54:09,941 [INFO] ThirdParty:1030 - CMSIS Pack Vendor :STMicroelectronics USB_DEVICE 2.0.0
2024-10-06 16:54:09,941 [INFO] ThirdParty:1030 - CMSIS Pack Vendor :STMicroelectronics X-CUBE-NFC6 3.1.0
2024-10-06 16:54:09,941 [INFO] ThirdParty:1030 - CMSIS Pack Vendor :STMicroelectronics FP-SNS-STBOX1 2.0.0
2024-10-06 16:54:09,941 [INFO] ThirdParty:1030 - CMSIS Pack Vendor :STMicroelectronics X-CUBE-MEMS1 11.0.0
2024-10-06 16:54:09,941 [INFO] ThirdParty:1030 - CMSIS Pack Vendor :STMicroelectronics FreeRTOS 0.0.1
2024-10-06 16:54:09,941 [INFO] ThirdParty:1030 - CMSIS Pack Vendor :STMicroelectronics X-CUBE-AZRTOS-G0 1.1.0
2024-10-06 16:54:09,941 [INFO] ThirdParty:1030 - CMSIS Pack Vendor :STMicroelectronics X-CUBE-SAFEA1 1.2.2
2024-10-06 16:54:09,941 [INFO] ThirdParty:1030 - CMSIS Pack Vendor :STMicroelectronics X-CUBE-NFC4 3.0.0
2024-10-06 16:54:09,941 [INFO] ThirdParty:1030 - CMSIS Pack Vendor :STMicroelectronics X-CUBE-DPower 1.2.0
2024-10-06 16:54:09,941 [INFO] ThirdParty:1030 - CMSIS Pack Vendor :STMicroelectronics X-CUBE-SUBG2 5.0.0
2024-10-06 16:54:09,941 [INFO] ThirdParty:1030 - CMSIS Pack Vendor :STMicroelectronics STM32_WPAN 1.0.0
2024-10-06 16:54:09,941 [INFO] ThirdParty:1030 - CMSIS Pack Vendor :EmbeddedOffice I-CUBE-FS-RTOS 1.0.1
2024-10-06 16:54:09,941 [INFO] ThirdParty:1030 - CMSIS Pack Vendor :STMicroelectronics lwIP 2.0.3
2024-10-06 16:54:09,941 [INFO] ThirdParty:1030 - CMSIS Pack Vendor :STMicroelectronics FP-SNS-FLIGHT1 5.0.2
2024-10-06 16:54:09,941 [INFO] ThirdParty:1030 - CMSIS Pack Vendor :Cesanta I-CUBE-Mongoose 7.13.0
2024-10-06 16:54:09,941 [INFO] ThirdParty:1030 - CMSIS Pack Vendor :STMicroelectronics USB_HOST 1.0.0
2024-10-06 16:54:09,941 [INFO] ThirdParty:1030 - CMSIS Pack Vendor :STMicroelectronics X-CUBE-AI 9.0.0
2024-10-06 16:54:09,941 [INFO] ThirdParty:1030 - CMSIS Pack Vendor :STMicroelectronics X-CUBE-AZRTOS-G4 2.0.0
2024-10-06 16:54:09,941 [INFO] ThirdParty:1030 - CMSIS Pack Vendor :STMicroelectronics PDM2PCM 3.1.0
2024-10-06 16:54:09,941 [INFO] ThirdParty:1030 - CMSIS Pack Vendor :STMicroelectronics PDM2PCM 3.3.0
2024-10-06 16:54:09,941 [INFO] ThirdParty:1030 - CMSIS Pack Vendor :STMicroelectronics X-CUBE-DISPLAY 3.0.0
2024-10-06 16:54:09,941 [INFO] ThirdParty:1030 - CMSIS Pack Vendor :RealThread X-CUBE-RT-Thread_Nano 4.1.1
2024-10-06 16:54:09,942 [INFO] ThirdParty:1030 - CMSIS Pack Vendor :STMicroelectronics X-CUBE-BLE1 7.0.0
2024-10-06 16:54:09,942 [INFO] ThirdParty:1030 - CMSIS Pack Vendor :STMicroelectronics FP-ATR-SIGFOX1 3.2.0
2024-10-06 16:54:09,942 [INFO] ThirdParty:1030 - CMSIS Pack Vendor :STMicroelectronics X-CUBE-NFC10 1.0.0
2024-10-06 16:54:09,942 [INFO] ThirdParty:1030 - CMSIS Pack Vendor :wolfSSL I-CUBE-wolfSSL 5.7.2
2024-10-06 16:54:09,942 [INFO] ThirdParty:1030 - CMSIS Pack Vendor :STMicroelectronics X-CUBE-EEPRMA1 5.1.0
2024-10-06 16:54:09,942 [INFO] ThirdParty:1030 - CMSIS Pack Vendor :STMicroelectronics HAL Drivers 0.0.0
2024-10-06 16:54:09,942 [INFO] ThirdParty:1030 - CMSIS Pack Vendor :STMicroelectronics MBEDTLS 2.16.2
2024-10-06 16:54:09,942 [INFO] ThirdParty:1030 - CMSIS Pack Vendor :STMicroelectronics X-CUBE-ALS 1.0.2
2024-10-06 16:54:09,942 [INFO] ThirdParty:1030 - CMSIS Pack Vendor :emotas I-CUBE-CANOPEN 1.3.0
2024-10-06 16:54:09,942 [INFO] ThirdParty:1030 - CMSIS Pack Vendor :STMicroelectronics X-CUBE-NFC7 1.0.1
2024-10-06 16:54:09,942 [INFO] ThirdParty:1030 - CMSIS Pack Vendor :STMicroelectronics MBEDTLS 2.14.1
2024-10-06 16:54:09,942 [INFO] ThirdParty:1030 - CMSIS Pack Vendor :ITTIA_DB I-CUBE-ITTIADB 8.9.0
2024-10-06 16:54:09,942 [INFO] ThirdParty:1030 - CMSIS Pack Vendor :STMicroelectronics X-CUBE-TOUCHGFX 4.24.1
2024-10-06 16:54:09,942 [INFO] ThirdParty:1030 - CMSIS Pack Vendor :wolfSSL I-CUBE-wolfTPM 3.4.0
2024-10-06 16:54:09,942 [INFO] ThirdParty:1030 - CMSIS Pack Vendor :portGmbH I-Cube-SoM-uGOAL 1.1.0
2024-10-06 16:54:09,942 [INFO] ThirdParty:1030 - CMSIS Pack Vendor :STMicroelectronics X-CUBE-BLEMGR 3.1.0
2024-10-06 16:54:09,942 [INFO] ThirdParty:1030 - CMSIS Pack Vendor :STMicroelectronics ThreadX 1.0.0
2024-10-06 16:54:09,942 [INFO] ThirdParty:1030 - CMSIS Pack Vendor :STMicroelectronics FP-SNS-SMARTAG2 1.2.0
2024-10-06 16:54:09,942 [INFO] ThirdParty:1030 - CMSIS Pack Vendor :STMicroelectronics X-CUBE-AZRTOS-WL 2.0.0
2024-10-06 16:54:09,942 [INFO] ThirdParty:1030 - CMSIS Pack Vendor :SEGGER I-CUBE-embOS 1.3.1
2024-10-06 16:54:09,942 [INFO] ThirdParty:1030 - CMSIS Pack Vendor :STMicroelectronics X-CUBE-ALGOBUILD 1.4.0
2024-10-06 16:54:09,942 [INFO] ThirdParty:1030 - CMSIS Pack Vendor :STMicroelectronics FP-SNS-MOTENV1 5.0.0
2024-10-06 16:54:09,942 [INFO] ThirdParty:1030 - CMSIS Pack Vendor :STMicroelectronics USB_DEVICE 1.0.0
2024-10-06 16:54:09,942 [INFO] ThirdParty:1030 - CMSIS Pack Vendor :STMicroelectronics X-CUBE-AZRTOS-H7RS 1.0.0
2024-10-06 16:54:09,942 [INFO] ThirdParty:1030 - CMSIS Pack Vendor :wolfSSL I-CUBE-wolfMQTT 1.19.0
2024-10-06 16:54:09,942 [INFO] ThirdParty:1030 - CMSIS Pack Vendor :STMicroelectronics X-CUBE-AZRTOS-L4 2.0.0
2024-10-06 16:54:09,942 [INFO] ThirdParty:1030 - CMSIS Pack Vendor :STMicroelectronics ThreadX 0.0.2
2024-10-06 16:54:09,942 [INFO] ThirdParty:1030 - CMSIS Pack Vendor :WES I-CUBE-Cesium 1.3.0
2024-10-06 16:54:09,942 [INFO] ThirdParty:1030 - CMSIS Pack Vendor :STMicroelectronics FP-ATR-ASTRA1 2.0.0
2024-10-06 16:54:09,942 [INFO] ThirdParty:1030 - CMSIS Pack Vendor :STMicroelectronics lwIP 2.1.2
2024-10-06 16:54:09,943 [INFO] ThirdParty:1030 - CMSIS Pack Vendor :STMicroelectronics X-CUBE-SFXS2LP1 4.0.0
2024-10-06 16:54:09,943 [INFO] ThirdParty:1030 - CMSIS Pack Vendor :STMicroelectronics X-CUBE-BLE2 3.3.0
2024-10-06 16:54:09,943 [INFO] ThirdParty:1030 - CMSIS Pack Vendor :STMicroelectronics X-CUBE-TOF1 3.4.2
2024-10-06 16:54:09,943 [INFO] ThirdParty:1030 - CMSIS Pack Vendor :STMicroelectronics X-CUBE-AI 9.1.0
2024-10-06 16:54:09,943 [INFO] ThirdParty:1030 - CMSIS Pack Vendor :Infineon AIROC-Wi-Fi-Bluetooth-STM32 1.6.1
2024-10-06 16:54:09,943 [INFO] ThirdParty:1030 - CMSIS Pack Vendor :STMicroelectronics PDM2PCM 3.2.0
2024-10-06 16:54:09,943 [INFO] ThirdParty:1030 - CMSIS Pack Vendor :wolfSSL I-CUBE-wolfSSH 1.4.17
2024-10-06 16:54:09,943 [INFO] ThirdParty:841 - exiting critical section [change project]
2024-10-06 16:54:10,193 [INFO] PinOutPanel:1561 - setPackage(No Configuration,No Configuration)
2024-10-06 16:54:10,194 [INFO] PinOutPanel:1561 - setPackage(STM32F405RGTx,LQFP64)
2024-10-06 16:54:10,426 [INFO] UtilMem:75 - Before build in PCC Used Memory: 586224344 Bytes (1073741824)
2024-10-06 16:54:10,759 [INFO] UtilMem:75 - After build in PCC Used Memory: 656416536 Bytes (1073741824)
2024-10-06 16:54:10,804 [INFO] ApiDbMcu:508 - Load IP Config File for FREERTOS
2024-10-06 16:54:10,824 [INFO] IPUIPlugin:80 - create IPUIPlugin
2024-10-06 16:54:10,825 [INFO] IPUIPlugin:80 - create IPUIPlugin
2024-10-06 16:54:10,825 [INFO] IPUIPlugin:80 - create IPUIPlugin
2024-10-06 16:54:10,825 [INFO] IPUIPlugin:80 - create IPUIPlugin
2024-10-06 16:54:10,825 [INFO] IPUIPlugin:80 - create IPUIPlugin
2024-10-06 16:54:10,825 [INFO] IPUIPlugin:80 - create IPUIPlugin
2024-10-06 16:54:10,825 [INFO] IPUIPlugin:80 - create IPUIPlugin
2024-10-06 16:54:10,825 [INFO] IPUIPlugin:80 - create IPUIPlugin
2024-10-06 16:54:10,825 [INFO] IPUIPlugin:80 - create IPUIPlugin
2024-10-06 16:54:10,826 [INFO] IPUIPlugin:80 - create IPUIPlugin
2024-10-06 16:54:10,826 [INFO] IPUIPlugin:80 - create IPUIPlugin
2024-10-06 16:54:10,826 [INFO] IPUIPlugin:80 - create IPUIPlugin
2024-10-06 16:54:10,826 [INFO] IPUIPlugin:80 - create IPUIPlugin
2024-10-06 16:54:10,826 [INFO] IPUIPlugin:80 - create IPUIPlugin
2024-10-06 16:54:10,826 [INFO] IPUIPlugin:80 - create IPUIPlugin
2024-10-06 16:54:10,826 [INFO] IPUIPlugin:80 - create IPUIPlugin
2024-10-06 16:54:10,826 [INFO] IPUIPlugin:80 - create IPUIPlugin
2024-10-06 16:54:10,827 [INFO] IPUIPlugin:80 - create IPUIPlugin
2024-10-06 16:54:10,827 [INFO] IPUIPlugin:80 - create IPUIPlugin
2024-10-06 16:54:10,827 [INFO] IPUIPlugin:80 - create IPUIPlugin
2024-10-06 16:54:10,827 [INFO] IPUIPlugin:80 - create IPUIPlugin
2024-10-06 16:54:10,827 [INFO] IPUIPlugin:80 - create IPUIPlugin
2024-10-06 16:54:10,827 [INFO] IPUIPlugin:80 - create IPUIPlugin
2024-10-06 16:54:10,828 [INFO] IPUIPlugin:80 - create IPUIPlugin
2024-10-06 16:54:10,828 [INFO] IPUIPlugin:80 - create IPUIPlugin
2024-10-06 16:54:10,828 [INFO] IPUIPlugin:80 - create IPUIPlugin
2024-10-06 16:54:10,828 [INFO] IPUIPlugin:80 - create IPUIPlugin
2024-10-06 16:54:10,828 [INFO] IPUIPlugin:80 - create IPUIPlugin
2024-10-06 16:54:10,828 [INFO] IPUIPlugin:80 - create IPUIPlugin
2024-10-06 16:54:10,829 [INFO] IPUIPlugin:80 - create IPUIPlugin
2024-10-06 16:54:10,829 [INFO] IPUIPlugin:80 - create IPUIPlugin
2024-10-06 16:54:10,829 [INFO] IPUIPlugin:80 - create IPUIPlugin
2024-10-06 16:54:10,829 [INFO] IPUIPlugin:80 - create IPUIPlugin
2024-10-06 16:54:10,829 [INFO] IPUIPlugin:80 - create IPUIPlugin
2024-10-06 16:54:10,830 [INFO] IPUIPlugin:80 - create IPUIPlugin
2024-10-06 16:54:10,830 [INFO] IPUIPlugin:80 - create IPUIPlugin
2024-10-06 16:54:10,830 [INFO] IPUIPlugin:80 - create IPUIPlugin
2024-10-06 16:54:10,830 [INFO] IPUIPlugin:80 - create IPUIPlugin
2024-10-06 16:54:10,830 [INFO] IPUIPlugin:80 - create IPUIPlugin
2024-10-06 16:54:10,830 [INFO] IPUIPlugin:80 - create IPUIPlugin
2024-10-06 16:54:10,831 [INFO] IPUIPlugin:80 - create IPUIPlugin
2024-10-06 16:54:10,831 [INFO] IPUIPlugin:80 - create IPUIPlugin
2024-10-06 16:54:10,831 [INFO] IPUIPlugin:80 - create IPUIPlugin
2024-10-06 16:54:10,831 [INFO] IPUIPlugin:80 - create IPUIPlugin
2024-10-06 16:54:10,832 [INFO] IPUIPlugin:80 - create IPUIPlugin
2024-10-06 16:54:10,832 [INFO] IPUIPlugin:80 - create IPUIPlugin
2024-10-06 16:54:10,832 [INFO] IPUIPlugin:80 - create IPUIPlugin
2024-10-06 16:54:10,832 [INFO] IPUIPlugin:80 - create IPUIPlugin
2024-10-06 16:54:10,833 [INFO] IPUIPlugin:80 - create IPUIPlugin
2024-10-06 16:54:10,833 [INFO] IPUIPlugin:80 - create IPUIPlugin
2024-10-06 16:54:10,833 [INFO] IPUIPlugin:80 - create IPUIPlugin
2024-10-06 16:54:10,834 [INFO] IPUIPlugin:80 - create IPUIPlugin
2024-10-06 16:54:10,834 [INFO] IPUIPlugin:80 - create IPUIPlugin
2024-10-06 16:54:10,835 [INFO] IPUIPlugin:80 - create IPUIPlugin
2024-10-06 16:54:10,840 [INFO] ApiDbMcu:508 - Load IP Config File for PDM2PCM
2024-10-06 16:54:10,844 [WARN] IP:2191 - I2C_Coeff_DF not found: check if there is a RefParameter without a condition.
2024-10-06 16:54:10,844 [WARN] IP:2191 - Analog_Filter not found: check if there is a RefParameter without a condition.
2024-10-06 16:54:10,849 [INFO] I2sManager:658 - 9.6E7
2024-10-06 16:54:10,849 [INFO] I2sManager:195 - I2S Clock Value : 9.6E7
2024-10-06 16:54:10,850 [INFO] I2sManager:553 - AudioClock : 46875Divider : 4Odd : 0
2024-10-06 16:54:10,865 [WARN] FreeRTOS:1023 - Null or empty value: should not occur! (nothing added to the table)
2024-10-06 16:54:10,971 [INFO] CADModel:165 - CPN selected for project levelSTM32F405RGT6
2024-10-06 16:54:10,971 [INFO] CADModel:114 - Register for checkConnection events
2024-10-06 16:54:10,973 [INFO] RtosManager:697 - Active RTOS found at IOC load: FREERTOS [Cortex-M4NS]
2024-10-06 16:54:11,017 [INFO] OpenFileManager:363 - Restore cursor
2024-10-06 16:54:11,153 [WARN] IP:2191 - I2C_Coeff_DF not found: check if there is a RefParameter without a condition.
2024-10-06 16:54:11,153 [WARN] IP:2191 - Analog_Filter not found: check if there is a RefParameter without a condition.
2024-10-06 16:54:11,154 [WARN] IP:2191 - I2C_Coeff_DF not found: check if there is a RefParameter without a condition.
2024-10-06 16:54:11,154 [WARN] IP:2191 - Analog_Filter not found: check if there is a RefParameter without a condition.
2024-10-06 16:54:11,435 [INFO] UtilMem:75 - End SaveConfig() Used Memory: 940539320 Bytes (1073741824)
2024-10-06 16:54:11,477 [INFO] UtilMem:75 - End SaveConfig() Used Memory: 961027760 Bytes (1073741824)
2024-10-06 16:54:11,844 [INFO] ProjectBuilder:2320 - IP not ready for code generation: Clock
2024-10-06 16:54:16,055 [INFO] BlockDiagram:2766 - set Specific Code input for plugin: FREERTOS
2024-10-06 16:54:16,055 [INFO] BlockDiagram:2766 - set Specific Code input for plugin: I2S
2024-10-06 16:54:16,055 [INFO] BlockDiagram:2766 - set Specific Code input for plugin: SYS
2024-10-06 16:54:16,056 [INFO] BlockDiagram:2766 - set Specific Code input for plugin: RCC
2024-10-06 16:54:16,056 [INFO] BlockDiagram:2766 - set Specific Code input for plugin: I2C
2024-10-06 16:54:16,056 [INFO] BlockDiagram:2766 - set Specific Code input for plugin: USB_OTG_FS
2024-10-06 16:54:16,056 [INFO] BlockDiagram:2766 - set Specific Code input for plugin: NVIC
2024-10-06 16:54:16,057 [INFO] BlockDiagram:2766 - set Specific Code input for plugin: GPIO
2024-10-06 16:54:16,058 [INFO] CodeGenerator:807 - code generatio: config db path: /home/cdelong/st/stm32cubeide_1.16.1/plugins/com.st.stm32cube.common.mx_6.12.1.202409122256//db/
2024-10-06 16:54:16,088 [WARN] IP:2191 - I2C_Coeff_DF not found: check if there is a RefParameter without a condition.
2024-10-06 16:54:16,088 [WARN] IP:2191 - Analog_Filter not found: check if there is a RefParameter without a condition.
2024-10-06 16:54:16,337 [INFO] CodeEngine:255 - oldGeneratedFile, /home/cdelong/Desktop/audio_dsp_board/firmware/audio_dsp_board/MXTmpFiles/license.tmp_save
2024-10-06 16:54:16,591 [INFO] CodeEngine:279 - Generated code: /home/cdelong/Desktop/audio_dsp_board/firmware/audio_dsp_board/MXTmpFiles/license.tmp
2024-10-06 16:54:16,670 [INFO] CodeEngine:255 - oldGeneratedFile, /home/cdelong/Desktop/audio_dsp_board/firmware/audio_dsp_board/MXTmpFiles/gpio.tmp_save
2024-10-06 16:54:16,760 [INFO] CodeEngine:279 - Generated code: /home/cdelong/Desktop/audio_dsp_board/firmware/audio_dsp_board/MXTmpFiles/gpio.tmp
2024-10-06 16:54:16,890 [WARN] IPConfigManager:3005 - Warning: the RefConfig PWREx_EnableUSBVoltageDetector is not available in your config.xml file
2024-10-06 16:54:16,904 [INFO] Middleware:1439 - No code input for Bsp Dependency
2024-10-06 16:54:16,907 [INFO] CodeEngine:255 - oldGeneratedFile, /home/cdelong/Desktop/audio_dsp_board/firmware/audio_dsp_board/MXTmpFiles/rtos_inc.tmp_save
2024-10-06 16:54:16,954 [INFO] CodeEngine:279 - Generated code: /home/cdelong/Desktop/audio_dsp_board/firmware/audio_dsp_board/MXTmpFiles/rtos_inc.tmp
2024-10-06 16:54:16,956 [INFO] CodeEngine:255 - oldGeneratedFile, /home/cdelong/Desktop/audio_dsp_board/firmware/audio_dsp_board/MXTmpFiles/rtos_kernelInit.tmp_save
2024-10-06 16:54:17,003 [INFO] CodeEngine:279 - Generated code: /home/cdelong/Desktop/audio_dsp_board/firmware/audio_dsp_board/MXTmpFiles/rtos_kernelInit.tmp
2024-10-06 16:54:17,004 [INFO] CodeEngine:255 - oldGeneratedFile, /home/cdelong/Desktop/audio_dsp_board/firmware/audio_dsp_board/MXTmpFiles/rtos_kernelStart.tmp_save
2024-10-06 16:54:17,051 [INFO] CodeEngine:279 - Generated code: /home/cdelong/Desktop/audio_dsp_board/firmware/audio_dsp_board/MXTmpFiles/rtos_kernelStart.tmp
2024-10-06 16:54:17,052 [INFO] CodeEngine:255 - oldGeneratedFile, /home/cdelong/Desktop/audio_dsp_board/firmware/audio_dsp_board/MXTmpFiles/rtos_typedefs.tmp_save
2024-10-06 16:54:17,100 [INFO] CodeEngine:279 - Generated code: /home/cdelong/Desktop/audio_dsp_board/firmware/audio_dsp_board/MXTmpFiles/rtos_typedefs.tmp
2024-10-06 16:54:17,101 [INFO] CodeEngine:255 - oldGeneratedFile, /home/cdelong/Desktop/audio_dsp_board/firmware/audio_dsp_board/MXTmpFiles/rtos_vars.tmp_save
2024-10-06 16:54:17,150 [INFO] CodeEngine:279 - Generated code: /home/cdelong/Desktop/audio_dsp_board/firmware/audio_dsp_board/MXTmpFiles/rtos_vars.tmp
2024-10-06 16:54:17,151 [INFO] CodeEngine:255 - oldGeneratedFile, /home/cdelong/Desktop/audio_dsp_board/firmware/audio_dsp_board/MXTmpFiles/rtos_pfp.tmp_save
2024-10-06 16:54:17,196 [INFO] CodeEngine:279 - Generated code: /home/cdelong/Desktop/audio_dsp_board/firmware/audio_dsp_board/MXTmpFiles/rtos_pfp.tmp
2024-10-06 16:54:17,197 [INFO] CodeEngine:255 - oldGeneratedFile, /home/cdelong/Desktop/audio_dsp_board/firmware/audio_dsp_board/MXTmpFiles/rtos_obj_creat.tmp_save
2024-10-06 16:54:17,246 [INFO] CodeEngine:279 - Generated code: /home/cdelong/Desktop/audio_dsp_board/firmware/audio_dsp_board/MXTmpFiles/rtos_obj_creat.tmp
2024-10-06 16:54:17,250 [INFO] CodeEngine:255 - oldGeneratedFile, /home/cdelong/Desktop/audio_dsp_board/firmware/audio_dsp_board/MXTmpFiles/rtos_default_thread.tmp_save
2024-10-06 16:54:17,295 [INFO] CodeEngine:279 - Generated code: /home/cdelong/Desktop/audio_dsp_board/firmware/audio_dsp_board/MXTmpFiles/rtos_default_thread.tmp
2024-10-06 16:54:17,296 [INFO] CodeEngine:255 - oldGeneratedFile, /home/cdelong/Desktop/audio_dsp_board/firmware/audio_dsp_board/MXTmpFiles/rtos_threads.tmp_save
2024-10-06 16:54:17,338 [INFO] CodeEngine:279 - Generated code: /home/cdelong/Desktop/audio_dsp_board/firmware/audio_dsp_board/MXTmpFiles/rtos_threads.tmp
2024-10-06 16:54:17,346 [INFO] Middleware:1439 - No code input for Bsp Dependency
2024-10-06 16:54:17,349 [INFO] CodeEngine:255 - oldGeneratedFile, /home/cdelong/Desktop/audio_dsp_board/firmware/audio_dsp_board/MXTmpFiles/rtos_inc.tmp_save
2024-10-06 16:54:17,391 [INFO] CodeEngine:279 - Generated code: /home/cdelong/Desktop/audio_dsp_board/firmware/audio_dsp_board/MXTmpFiles/rtos_inc.tmp
2024-10-06 16:54:17,392 [INFO] CodeEngine:255 - oldGeneratedFile, /home/cdelong/Desktop/audio_dsp_board/firmware/audio_dsp_board/MXTmpFiles/rtos_kernelInit.tmp_save
2024-10-06 16:54:17,434 [INFO] CodeEngine:279 - Generated code: /home/cdelong/Desktop/audio_dsp_board/firmware/audio_dsp_board/MXTmpFiles/rtos_kernelInit.tmp
2024-10-06 16:54:17,435 [INFO] CodeEngine:255 - oldGeneratedFile, /home/cdelong/Desktop/audio_dsp_board/firmware/audio_dsp_board/MXTmpFiles/rtos_kernelStart.tmp_save
2024-10-06 16:54:17,475 [INFO] CodeEngine:279 - Generated code: /home/cdelong/Desktop/audio_dsp_board/firmware/audio_dsp_board/MXTmpFiles/rtos_kernelStart.tmp
2024-10-06 16:54:17,476 [INFO] CodeEngine:255 - oldGeneratedFile, /home/cdelong/Desktop/audio_dsp_board/firmware/audio_dsp_board/MXTmpFiles/rtos_typedefs.tmp_save
2024-10-06 16:54:17,517 [INFO] CodeEngine:279 - Generated code: /home/cdelong/Desktop/audio_dsp_board/firmware/audio_dsp_board/MXTmpFiles/rtos_typedefs.tmp
2024-10-06 16:54:17,518 [INFO] CodeEngine:255 - oldGeneratedFile, /home/cdelong/Desktop/audio_dsp_board/firmware/audio_dsp_board/MXTmpFiles/rtos_vars.tmp_save
2024-10-06 16:54:17,560 [INFO] CodeEngine:279 - Generated code: /home/cdelong/Desktop/audio_dsp_board/firmware/audio_dsp_board/MXTmpFiles/rtos_vars.tmp
2024-10-06 16:54:17,561 [INFO] CodeEngine:255 - oldGeneratedFile, /home/cdelong/Desktop/audio_dsp_board/firmware/audio_dsp_board/MXTmpFiles/rtos_pfp.tmp_save
2024-10-06 16:54:17,611 [INFO] CodeEngine:279 - Generated code: /home/cdelong/Desktop/audio_dsp_board/firmware/audio_dsp_board/MXTmpFiles/rtos_pfp.tmp
2024-10-06 16:54:17,612 [INFO] CodeEngine:255 - oldGeneratedFile, /home/cdelong/Desktop/audio_dsp_board/firmware/audio_dsp_board/MXTmpFiles/rtos_obj_creat.tmp_save
2024-10-06 16:54:17,676 [INFO] CodeEngine:279 - Generated code: /home/cdelong/Desktop/audio_dsp_board/firmware/audio_dsp_board/MXTmpFiles/rtos_obj_creat.tmp
2024-10-06 16:54:17,677 [INFO] CodeEngine:255 - oldGeneratedFile, /home/cdelong/Desktop/audio_dsp_board/firmware/audio_dsp_board/MXTmpFiles/rtos_default_thread.tmp_save
2024-10-06 16:54:17,730 [INFO] CodeEngine:279 - Generated code: /home/cdelong/Desktop/audio_dsp_board/firmware/audio_dsp_board/MXTmpFiles/rtos_default_thread.tmp
2024-10-06 16:54:17,732 [INFO] CodeEngine:255 - oldGeneratedFile, /home/cdelong/Desktop/audio_dsp_board/firmware/audio_dsp_board/MXTmpFiles/rtos_threads.tmp_save
2024-10-06 16:54:17,787 [INFO] CodeEngine:279 - Generated code: /home/cdelong/Desktop/audio_dsp_board/firmware/audio_dsp_board/MXTmpFiles/rtos_threads.tmp
2024-10-06 16:54:17,789 [INFO] CodeEngine:255 - oldGeneratedFile, /home/cdelong/Desktop/audio_dsp_board/firmware/audio_dsp_board/Core/Inc/FreeRTOSConfig.h_save
2024-10-06 16:54:17,862 [INFO] CodeEngine:279 - Generated code: /home/cdelong/Desktop/audio_dsp_board/firmware/audio_dsp_board/Core/Inc/FreeRTOSConfig.h
2024-10-06 16:54:17,864 [INFO] CodeEngine:255 - oldGeneratedFile, /home/cdelong/Desktop/audio_dsp_board/firmware/audio_dsp_board/Core/Src/freertos.c_save
2024-10-06 16:54:17,911 [INFO] CodeEngine:279 - Generated code: /home/cdelong/Desktop/audio_dsp_board/firmware/audio_dsp_board/Core/Src/freertos.c
2024-10-06 16:54:17,925 [INFO] CodeEngine:255 - oldGeneratedFile, /home/cdelong/Desktop/audio_dsp_board/firmware/audio_dsp_board/Core/Src/stm32f4xx_it.c_save
2024-10-06 16:54:18,019 [INFO] CodeEngine:279 - Generated code: /home/cdelong/Desktop/audio_dsp_board/firmware/audio_dsp_board/Core/Src/stm32f4xx_it.c
2024-10-06 16:54:18,020 [INFO] CodeEngine:255 - oldGeneratedFile, /home/cdelong/Desktop/audio_dsp_board/firmware/audio_dsp_board/Core/Inc/stm32f4xx_it.h_save
2024-10-06 16:54:18,067 [INFO] CodeEngine:279 - Generated code: /home/cdelong/Desktop/audio_dsp_board/firmware/audio_dsp_board/Core/Inc/stm32f4xx_it.h
2024-10-06 16:54:18,078 [INFO] CodeEngine:255 - oldGeneratedFile, /home/cdelong/Desktop/audio_dsp_board/firmware/audio_dsp_board/Core/Src/stm32f4xx_hal_msp.c_save
2024-10-06 16:54:18,181 [INFO] CodeEngine:279 - Generated code: /home/cdelong/Desktop/audio_dsp_board/firmware/audio_dsp_board/Core/Src/stm32f4xx_hal_msp.c
2024-10-06 16:54:18,183 [INFO] CodeEngine:255 - oldGeneratedFile, /home/cdelong/Desktop/audio_dsp_board/firmware/audio_dsp_board/MXTmpFiles/system.tmp_save
2024-10-06 16:54:18,222 [INFO] CodeEngine:279 - Generated code: /home/cdelong/Desktop/audio_dsp_board/firmware/audio_dsp_board/MXTmpFiles/system.tmp
2024-10-06 16:54:18,225 [INFO] CodeEngine:311 - oldGeneratedFile, /home/cdelong/Desktop/audio_dsp_board/firmware/audio_dsp_board/Core/Inc/stm32f4xx_hal_conf.h_save
2024-10-06 16:54:18,270 [INFO] CodeEngine:335 - Generated code: /home/cdelong/Desktop/audio_dsp_board/firmware/audio_dsp_board/Core/Inc/stm32f4xx_hal_conf.h
2024-10-06 16:54:18,297 [WARN] IPConfigManager:3554 - IP not found : USB_OTG
2024-10-06 16:54:18,297 [WARN] CodeGenerator:4002 - IP not found : null
2024-10-06 16:54:18,300 [INFO] CodeEngine:255 - oldGeneratedFile, /home/cdelong/Desktop/audio_dsp_board/firmware/audio_dsp_board/Core/Inc/main.h_save
2024-10-06 16:54:18,355 [INFO] CodeEngine:279 - Generated code: /home/cdelong/Desktop/audio_dsp_board/firmware/audio_dsp_board/Core/Inc/main.h
2024-10-06 16:54:18,356 [INFO] CodeEngine:255 - oldGeneratedFile, /home/cdelong/Desktop/audio_dsp_board/firmware/audio_dsp_board/Core/Src/main.c_save
2024-10-06 16:54:18,442 [INFO] CodeEngine:279 - Generated code: /home/cdelong/Desktop/audio_dsp_board/firmware/audio_dsp_board/Core/Src/main.c
2024-10-06 16:54:18,688 [INFO] ProjectBuilder:3249 - Time for Copy HAL[1] : 53mS.
2024-10-06 16:54:18,691 [INFO] ProjectBuilder:4828 - Project Generator version: 4.5.0-B34
2024-10-06 16:54:18,752 [INFO] ConfigFileManager:1531 - The Die is : DIE413
2024-10-06 16:54:18,760 [INFO] ApiDbMcu:508 - Load IP Config File for FATFS
2024-10-06 16:54:18,764 [INFO] ApiDbMcu:508 - Load IP Config File for LIBJPEG
2024-10-06 16:54:18,799 [INFO] ApiDbMcu:508 - Load IP Config File for MBEDTLS
2024-10-06 16:54:18,829 [INFO] ApiDbMcu:508 - Load IP Config File for USB_DEVICE
2024-10-06 16:54:18,838 [INFO] ApiDbMcu:508 - Load IP Config File for USB_HOST
2024-10-06 16:54:19,068 [INFO] LogOutputStream:77 - [STDOUT_REDIRECT] 
2024-10-06 16:54:22,185 [INFO] ProjectBuilder:5097 - Time for Generating toolchain IDE Files: 3494mS.
2024-10-06 16:54:22,186 [INFO] ProjectBuilder:3107 - Time for Copy CMSIS : 0mS.
2024-10-06 16:54:22,187 [INFO] ProjectBuilder:3107 - Time for Copy CMSIS : 1mS.
2024-10-06 16:54:22,708 [INFO] McuFinderGlobals:76 - Set McuFinderConnectedMode to true
2024-10-06 16:54:23,357 [INFO] ApiDb:448 - Save user favorites file /home/cdelong/.stm32cubeide/favorites.mcus.txt: 0 item(s)
2024-10-06 16:54:23,357 [INFO] ApiDb:452 - User favorites MCUs=[]
2024-10-06 16:54:42,956 [ERROR] LogOutputStream:75 - [STDERR_REDIRECT] 
2024-10-06 16:54:56,332 [INFO] Activator:176 - 


2024-10-06 16:54:56,334 [INFO] Activator:177 - !SESSION log4j initialized
2024-10-06 16:54:59,550 [INFO] LogOutputStream:77 - [STDOUT_REDIRECT] 
2024-10-06 16:55:00,178 [INFO] ApplicationProperties:184 - Using Application install path: /home/cdelong/st/stm32cubeide_1.16.1/plugins/com.st.stm32cube.common.mx_6.12.1.202409122256
2024-10-06 16:55:00,188 [INFO] DbMcusXml:78 - Set database path to: /home/cdelong/st/stm32cubeide_1.16.1/plugins/com.st.stm32cube.common.mx_6.12.1.202409122256//db//mcu/
2024-10-06 16:55:00,188 [INFO] ApiDb:274 - Set plugin database path to: /home/cdelong/st/stm32cubeide_1.16.1/plugins/com.st.stm32cube.common.mx_6.12.1.202409122256//db//plugins/boardmanager/
2024-10-06 16:55:00,189 [WARN] ApiDb:259 - Overriding images path with different value:  => /home/cdelong/st/stm32cubeide_1.16.1/plugins/com.st.stm32cube.common.mx_6.12.1.202409122256//db//plugins/mcufinder/images/
2024-10-06 16:55:00,191 [INFO] ApiDb:250 - Set database path to: /home/cdelong/.stmcufinder/plugins/mcufinder//mcu/
2024-10-06 16:55:00,192 [INFO] DbMcusAds:125 - Set database path to: /home/cdelong/.stmcufinder/plugins/mcufinder//mcu/
2024-10-06 16:55:00,193 [INFO] CrossReferenceDbSqlite:203 - Set database path to: /home/cdelong/.stmcufinder/plugins/mcufinder//mcu/cs/
2024-10-06 16:55:00,268 [INFO] RulesReader:64 - Compatibility file has been processed (297 Rules)
2024-10-06 16:55:00,304 [INFO] DbMcusXml:78 - Set database path to: /home/cdelong/st/stm32cubeide_1.16.1/plugins/com.st.stm32cube.common.mx_6.12.1.202409122256//db//mcu/
2024-10-06 16:55:00,304 [INFO] ApiDb:274 - Set plugin database path to: /home/cdelong/st/stm32cubeide_1.16.1/plugins/com.st.stm32cube.common.mx_6.12.1.202409122256//db//plugins/boardmanager/
2024-10-06 16:55:00,304 [INFO] ApiDb:261 - Set plugin images path to: /home/cdelong/st/stm32cubeide_1.16.1/plugins/com.st.stm32cube.common.mx_6.12.1.202409122256//db//plugins/mcufinder/images/
2024-10-06 16:55:00,304 [WARN] DbFile:41 - Overriding database path with different value: /home/cdelong/.stmcufinder/plugins/mcufinder/ => /home/cdelong/.stmcufinder/plugins/mcufinder
2024-10-06 16:55:00,305 [INFO] ApiDb:250 - Set database path to: /home/cdelong/.stmcufinder/plugins/mcufinder//mcu/
2024-10-06 16:55:00,305 [WARN] DbFile:41 - Overriding database path with different value: /home/cdelong/.stmcufinder/plugins/mcufinder/ => /home/cdelong/.stmcufinder/plugins/mcufinder
2024-10-06 16:55:00,305 [INFO] DbMcusAds:125 - Set database path to: /home/cdelong/.stmcufinder/plugins/mcufinder//mcu/
2024-10-06 16:55:00,305 [WARN] DbFile:41 - Overriding database path with different value: /home/cdelong/.stmcufinder/plugins/mcufinder/ => /home/cdelong/.stmcufinder/plugins/mcufinder
2024-10-06 16:55:00,305 [WARN] DbFile:41 - Overriding database path with different value: /home/cdelong/.stmcufinder/plugins/mcufinder/ => /home/cdelong/.stmcufinder/plugins/mcufinder
2024-10-06 16:55:00,305 [INFO] CrossReferenceDbSqlite:203 - Set database path to: /home/cdelong/.stmcufinder/plugins/mcufinder//mcu/cs/
2024-10-06 16:55:00,346 [INFO] MainPanel:268 - HeapMemory: 268435456
2024-10-06 16:55:00,413 [INFO] DbMcusXml:78 - Set database path to: /home/cdelong/st/stm32cubeide_1.16.1/plugins/com.st.stm32cube.common.mx_6.12.1.202409122256//db//mcu/
2024-10-06 16:55:00,413 [INFO] ApiDb:274 - Set plugin database path to: /home/cdelong/st/stm32cubeide_1.16.1/plugins/com.st.stm32cube.common.mx_6.12.1.202409122256//db//plugins/boardmanager/
2024-10-06 16:55:00,413 [INFO] ApiDb:261 - Set plugin images path to: /home/cdelong/st/stm32cubeide_1.16.1/plugins/com.st.stm32cube.common.mx_6.12.1.202409122256//db//plugins/mcufinder/images/
2024-10-06 16:55:00,413 [WARN] DbFile:41 - Overriding database path with different value: /home/cdelong/.stmcufinder/plugins/mcufinder/ => /home/cdelong/.stmcufinder/plugins/mcufinder
2024-10-06 16:55:00,413 [INFO] ApiDb:250 - Set database path to: /home/cdelong/.stmcufinder/plugins/mcufinder//mcu/
2024-10-06 16:55:00,413 [WARN] DbFile:41 - Overriding database path with different value: /home/cdelong/.stmcufinder/plugins/mcufinder/ => /home/cdelong/.stmcufinder/plugins/mcufinder
2024-10-06 16:55:00,414 [INFO] DbMcusAds:125 - Set database path to: /home/cdelong/.stmcufinder/plugins/mcufinder//mcu/
2024-10-06 16:55:00,414 [WARN] DbFile:41 - Overriding database path with different value: /home/cdelong/.stmcufinder/plugins/mcufinder/ => /home/cdelong/.stmcufinder/plugins/mcufinder
2024-10-06 16:55:00,414 [WARN] DbFile:41 - Overriding database path with different value: /home/cdelong/.stmcufinder/plugins/mcufinder/ => /home/cdelong/.stmcufinder/plugins/mcufinder
2024-10-06 16:55:00,414 [INFO] CrossReferenceDbSqlite:203 - Set database path to: /home/cdelong/.stmcufinder/plugins/mcufinder//mcu/cs/
2024-10-06 16:55:00,423 [INFO] ApplicationProperties:184 - Using Application install path: /home/cdelong/st/stm32cubeide_1.16.1/plugins/com.st.stm32cube.common.mx_6.12.1.202409122256
2024-10-06 16:55:00,423 [INFO] PluginManage:196 - Search for loadable plugins [exclusion list=, ]
2024-10-06 16:55:00,424 [INFO] PluginManage:310 - Check plugin analytics
2024-10-06 16:55:00,515 [INFO] AnalyticsPlugin:253 - Accepted Software Licenses: 
2024-10-06 16:55:00,516 [INFO] AnalyticsPlugin:255 - Accepted CMSIS Pack Licenses: 
2024-10-06 16:55:00,516 [INFO] AnalyticsPlugin:257 - Accepted Firmware Licenses: FW.F4.1.28.0
2024-10-06 16:55:00,517 [INFO] PluginManage:359 - Loaded plugin analytics (category:tool,tabindex:-1)
2024-10-06 16:55:00,517 [INFO] PluginManage:310 - Check plugin cadmodel
2024-10-06 16:55:00,520 [INFO] CADModel:105 - Init CAD model plugin
2024-10-06 16:55:00,520 [INFO] PluginManage:359 - Loaded plugin cadmodel (category:power,tabindex:5)
2024-10-06 16:55:00,520 [INFO] PluginManage:310 - Check plugin clock
2024-10-06 16:55:00,525 [INFO] PluginManage:359 - Loaded plugin clock (category:base,tabindex:2)
2024-10-06 16:55:00,525 [INFO] PluginManage:310 - Check plugin ddr
2024-10-06 16:55:00,526 [INFO] PluginManage:359 - Loaded plugin ddr (category:tool,tabindex:6)
2024-10-06 16:55:00,527 [INFO] PluginManage:310 - Check plugin filemanager
2024-10-06 16:55:00,615 [INFO] PluginManage:359 - Loaded plugin filemanager (category:base,tabindex:10)
2024-10-06 16:55:00,615 [INFO] PluginManage:310 - Check plugin ipmanager
2024-10-06 16:55:00,618 [INFO] PluginManage:359 - Loaded plugin ipmanager (category:base,tabindex:5)
2024-10-06 16:55:00,618 [INFO] PluginManage:310 - Check plugin lpbam
2024-10-06 16:55:00,623 [INFO] PluginManage:359 - Loaded plugin lpbam (category:base,tabindex:0)
2024-10-06 16:55:00,624 [INFO] PluginManage:310 - Check plugin memorymap
2024-10-06 16:55:00,630 [INFO] PluginManage:359 - Loaded plugin memorymap (category:base,tabindex:4)
2024-10-06 16:55:00,630 [INFO] PluginManage:310 - Check plugin pinoutandconfiguration
2024-10-06 16:55:00,634 [INFO] PluginManage:359 - Loaded plugin pinoutandconfiguration (category:base,tabindex:1)
2024-10-06 16:55:00,635 [INFO] PluginManage:310 - Check plugin pinoutconfig
2024-10-06 16:55:00,686 [WARN] SupportedApi:132 - Cannot load RTOS API schema: s4s-elt-must-match.1: The content of 'definitions' must match (annotation?, (simpleType | complexType)?, (unique | key | keyref)*)). A problem was found starting at: attribute.
2024-10-06 16:55:00,761 [INFO] PluginManage:359 - Loaded plugin pinoutconfig (category:base,tabindex:0)
2024-10-06 16:55:00,761 [INFO] PluginManage:310 - Check plugin power
2024-10-06 16:55:00,766 [INFO] PluginManage:359 - Loaded plugin power (category:power,tabindex:4)
2024-10-06 16:55:00,766 [INFO] PluginManage:310 - Check plugin projectmanager
2024-10-06 16:55:00,776 [INFO] PluginManage:359 - Loaded plugin projectmanager (category:projectmanager,tabindex:4)
2024-10-06 16:55:00,776 [INFO] PluginManage:310 - Check plugin rif
2024-10-06 16:55:00,778 [INFO] PluginManage:359 - Loaded plugin rif (category:base,tabindex:3)
2024-10-06 16:55:00,778 [INFO] PluginManage:310 - Check plugin thirdparty
2024-10-06 16:55:00,842 [INFO] PluginManage:359 - Loaded plugin thirdparty (category:base,tabindex:-1)
2024-10-06 16:55:00,842 [WARN] IntegrityCheckThread:84 - waiting for thirdparty lock release [integrity check]
2024-10-06 16:55:00,842 [INFO] PluginManage:310 - Check plugin tools
2024-10-06 16:55:00,842 [INFO] IntegrityCheckThread:86 - entering critical section [integrity check]
2024-10-06 16:55:00,843 [INFO] ThirdPartyUpdaterWithRetryManager:70 - Updater plugin not ready yet. [1/15]
2024-10-06 16:55:00,844 [INFO] PluginManage:359 - Loaded plugin tools (category:base,tabindex:7)
2024-10-06 16:55:00,844 [INFO] PluginManage:310 - Check plugin tutovideos
2024-10-06 16:55:00,960 [INFO] PluginManage:359 - Loaded plugin tutovideos (category:base,tabindex:-1)
2024-10-06 16:55:00,960 [INFO] PluginManage:310 - Check plugin updater
2024-10-06 16:55:00,970 [INFO] PluginManage:359 - Loaded plugin updater (category:base,tabindex:12)
2024-10-06 16:55:00,970 [INFO] PluginManage:310 - Check plugin userauth
2024-10-06 16:55:00,973 [INFO] UserAuth:113 - Init User Auth plugin
2024-10-06 16:55:00,973 [INFO] PluginManage:359 - Loaded plugin userauth (category:base,tabindex:14)
2024-10-06 16:55:00,973 [INFO] PluginManage:283 - PluginManage : Loaded plugins [18]
2024-10-06 16:55:01,072 [INFO] PinOutPanel:1561 - setPackage(No Configuration,No Configuration)
2024-10-06 16:55:01,113 [INFO] CADModel:165 - CPN selected for project level
2024-10-06 16:55:01,113 [INFO] CADModel:114 - Register for checkConnection events
2024-10-06 16:55:01,121 [INFO] IPUIPlugin:80 - create IPUIPlugin
2024-10-06 16:55:01,121 [INFO] PluginManager:220 - loadIPPluginJar : add stm32_wpan
2024-10-06 16:55:01,122 [INFO] IPUIPlugin:80 - create IPUIPlugin
2024-10-06 16:55:01,122 [INFO] PluginManager:220 - loadIPPluginJar : add tracer_emb
2024-10-06 16:55:01,125 [INFO] IPUIPlugin:80 - create IPUIPlugin
2024-10-06 16:55:01,126 [INFO] PluginManager:220 - loadIPPluginJar : add plateformsettings
2024-10-06 16:55:01,128 [INFO] IPUIPlugin:80 - create IPUIPlugin
2024-10-06 16:55:01,128 [INFO] PluginManager:220 - loadIPPluginJar : add touchsensing
2024-10-06 16:55:01,129 [INFO] IPUIPlugin:80 - create IPUIPlugin
2024-10-06 16:55:01,129 [INFO] PluginManager:220 - loadIPPluginJar : add pdm2pcm
2024-10-06 16:55:01,130 [INFO] IPUIPlugin:80 - create IPUIPlugin
2024-10-06 16:55:01,130 [INFO] PluginManager:220 - loadIPPluginJar : add usbx
2024-10-06 16:55:01,131 [INFO] IPUIPlugin:80 - create IPUIPlugin
2024-10-06 16:55:01,131 [INFO] PluginManager:220 - loadIPPluginJar : add openamp
2024-10-06 16:55:01,133 [INFO] IPUIPlugin:80 - create IPUIPlugin
2024-10-06 16:55:01,133 [INFO] PluginManager:220 - loadIPPluginJar : add resmgrutility
2024-10-06 16:55:01,134 [INFO] IPUIPlugin:80 - create IPUIPlugin
2024-10-06 16:55:01,134 [INFO] PluginManager:220 - loadIPPluginJar : add opamp
2024-10-06 16:55:01,135 [INFO] IPUIPlugin:80 - create IPUIPlugin
2024-10-06 16:55:01,135 [INFO] PluginManager:220 - loadIPPluginJar : add genericplugin
2024-10-06 16:55:01,138 [INFO] IPUIPlugin:80 - create IPUIPlugin
2024-10-06 16:55:01,138 [INFO] PluginManager:220 - loadIPPluginJar : add mdma
2024-10-06 16:55:01,140 [INFO] IPUIPlugin:80 - create IPUIPlugin
2024-10-06 16:55:01,140 [INFO] PluginManager:220 - loadIPPluginJar : add aes
2024-10-06 16:55:01,140 [INFO] IPUIPlugin:80 - create IPUIPlugin
2024-10-06 16:55:01,140 [INFO] PluginManager:220 - loadIPPluginJar : add fatfs
2024-10-06 16:55:01,141 [INFO] IPUIPlugin:80 - create IPUIPlugin
2024-10-06 16:55:01,141 [INFO] PluginManager:220 - loadIPPluginJar : add radio
2024-10-06 16:55:01,142 [INFO] IPUIPlugin:80 - create IPUIPlugin
2024-10-06 16:55:01,142 [INFO] PluginManager:220 - loadIPPluginJar : add spi
2024-10-06 16:55:01,144 [INFO] IPUIPlugin:80 - create IPUIPlugin
2024-10-06 16:55:01,144 [INFO] PluginManager:220 - loadIPPluginJar : add sai
2024-10-06 16:55:01,144 [INFO] IPUIPlugin:80 - create IPUIPlugin
2024-10-06 16:55:01,145 [INFO] PluginManager:220 - loadIPPluginJar : add tsc
2024-10-06 16:55:01,145 [INFO] IPUIPlugin:80 - create IPUIPlugin
2024-10-06 16:55:01,145 [INFO] PluginManager:220 - loadIPPluginJar : add comp
2024-10-06 16:55:01,147 [INFO] IPUIPlugin:80 - create IPUIPlugin
2024-10-06 16:55:01,147 [INFO] PluginManager:220 - loadIPPluginJar : add lorawan
2024-10-06 16:55:01,149 [INFO] IPUIPlugin:80 - create IPUIPlugin
2024-10-06 16:55:01,149 [INFO] PluginManager:220 - loadIPPluginJar : add gpio
2024-10-06 16:55:01,150 [INFO] IPUIPlugin:80 - create IPUIPlugin
2024-10-06 16:55:01,150 [INFO] PluginManager:220 - loadIPPluginJar : add dfsdm
2024-10-06 16:55:01,154 [INFO] IPUIPlugin:80 - create IPUIPlugin
2024-10-06 16:55:01,154 [INFO] PluginManager:220 - loadIPPluginJar : add linkedlist
2024-10-06 16:55:01,155 [INFO] IPUIPlugin:80 - create IPUIPlugin
2024-10-06 16:55:01,155 [INFO] PluginManager:220 - loadIPPluginJar : add extmemmanager
2024-10-06 16:55:01,156 [INFO] IPUIPlugin:80 - create IPUIPlugin
2024-10-06 16:55:01,157 [INFO] PluginManager:220 - loadIPPluginJar : add gfxmmu
2024-10-06 16:55:01,159 [INFO] IPUIPlugin:80 - create IPUIPlugin
2024-10-06 16:55:01,159 [INFO] PluginManager:220 - loadIPPluginJar : add nvic
2024-10-06 16:55:01,160 [INFO] IPUIPlugin:80 - create IPUIPlugin
2024-10-06 16:55:01,161 [INFO] PluginManager:220 - loadIPPluginJar : add gtzc
2024-10-06 16:55:01,162 [INFO] IPUIPlugin:80 - create IPUIPlugin
2024-10-06 16:55:01,162 [INFO] PluginManager:220 - loadIPPluginJar : add i2s
2024-10-06 16:55:01,163 [INFO] IPUIPlugin:80 - create IPUIPlugin
2024-10-06 16:55:01,163 [INFO] PluginManager:220 - loadIPPluginJar : add dma3
2024-10-06 16:55:01,164 [INFO] IPUIPlugin:80 - create IPUIPlugin
2024-10-06 16:55:01,164 [INFO] PluginManager:220 - loadIPPluginJar : add quadspi
2024-10-06 16:55:01,165 [INFO] IPUIPlugin:80 - create IPUIPlugin
2024-10-06 16:55:01,165 [INFO] PluginManager:220 - loadIPPluginJar : add ipddr
2024-10-06 16:55:01,166 [INFO] IPUIPlugin:80 - create IPUIPlugin
2024-10-06 16:55:01,166 [INFO] PluginManager:220 - loadIPPluginJar : add tim
2024-10-06 16:55:01,169 [INFO] IPUIPlugin:80 - create IPUIPlugin
2024-10-06 16:55:01,169 [INFO] PluginManager:220 - loadIPPluginJar : add adc
2024-10-06 16:55:01,170 [INFO] IPUIPlugin:80 - create IPUIPlugin
2024-10-06 16:55:01,170 [INFO] PluginManager:220 - loadIPPluginJar : add i3c
2024-10-06 16:55:01,172 [INFO] IPUIPlugin:80 - create IPUIPlugin
2024-10-06 16:55:01,172 [INFO] PluginManager:220 - loadIPPluginJar : add usart
2024-10-06 16:55:01,173 [INFO] IPUIPlugin:80 - create IPUIPlugin
2024-10-06 16:55:01,173 [INFO] PluginManager:220 - loadIPPluginJar : add cryp
2024-10-06 16:55:01,175 [INFO] IPUIPlugin:80 - create IPUIPlugin
2024-10-06 16:55:01,176 [INFO] PluginManager:220 - loadIPPluginJar : add freertos
2024-10-06 16:55:01,177 [INFO] IPUIPlugin:80 - create IPUIPlugin
2024-10-06 16:55:01,177 [INFO] PluginManager:220 - loadIPPluginJar : add ddr_ctrl_phy
2024-10-06 16:55:01,178 [INFO] IPUIPlugin:80 - create IPUIPlugin
2024-10-06 16:55:01,178 [INFO] PluginManager:220 - loadIPPluginJar : add ucpd
2024-10-06 16:55:01,179 [INFO] IPUIPlugin:80 - create IPUIPlugin
2024-10-06 16:55:01,179 [INFO] PluginManager:220 - loadIPPluginJar : add can
2024-10-06 16:55:01,180 [INFO] IPUIPlugin:80 - create IPUIPlugin
2024-10-06 16:55:01,181 [INFO] PluginManager:220 - loadIPPluginJar : add i2c
2024-10-06 16:55:01,182 [INFO] IPUIPlugin:80 - create IPUIPlugin
2024-10-06 16:55:01,182 [INFO] PluginManager:220 - loadIPPluginJar : add hash
2024-10-06 16:55:01,182 [INFO] IPUIPlugin:80 - create IPUIPlugin
2024-10-06 16:55:01,182 [INFO] PluginManager:220 - loadIPPluginJar : add ltdc
2024-10-06 16:55:01,186 [INFO] IPUIPlugin:80 - create IPUIPlugin
2024-10-06 16:55:01,186 [INFO] PluginManager:220 - loadIPPluginJar : add dma
2024-10-06 16:55:01,187 [INFO] IPUIPlugin:80 - create IPUIPlugin
2024-10-06 16:55:01,187 [INFO] PluginManager:220 - loadIPPluginJar : add ts
2024-10-06 16:55:01,189 [INFO] IPUIPlugin:80 - create IPUIPlugin
2024-10-06 16:55:01,189 [INFO] PluginManager:220 - loadIPPluginJar : add fmc
2024-10-06 16:55:01,192 [INFO] IPUIPlugin:80 - create IPUIPlugin
2024-10-06 16:55:01,192 [INFO] PluginManager:220 - loadIPPluginJar : add gic
2024-10-06 16:55:01,280 [INFO] CADModel:165 - CPN selected for project level
2024-10-06 16:55:01,280 [INFO] CADModel:114 - Register for checkConnection events
2024-10-06 16:55:01,280 [FATAL] Updater:334 - Updater called before beeing initialized
2024-10-06 16:55:01,281 [ERROR] CADModel:125 - Updater not yet initialized, retry later 
2024-10-06 16:55:01,537 [INFO] CADModel:165 - CPN selected for project level
2024-10-06 16:55:01,538 [INFO] CADModel:114 - Register for checkConnection events
2024-10-06 16:55:01,538 [FATAL] Updater:334 - Updater called before beeing initialized
2024-10-06 16:55:01,538 [ERROR] CADModel:125 - Updater not yet initialized, retry later 
2024-10-06 16:55:01,547 [FATAL] Updater:334 - Updater called before beeing initialized
2024-10-06 16:55:01,664 [FATAL] Updater:334 - Updater called before beeing initialized
2024-10-06 16:55:01,667 [INFO] DbMcusAds:53 - JSON generation date=Fri Sep 20 08:04:23 CDT 2024 (1726837463113)
2024-10-06 16:55:01,667 [FATAL] Updater:334 - Updater called before beeing initialized
2024-10-06 16:55:01,691 [WARN] DetailPanel:346 - Failed to get advertising image, set to default
2024-10-06 16:55:01,754 [FATAL] Updater:334 - Updater called before beeing initialized
2024-10-06 16:55:01,755 [FATAL] Updater:334 - Updater called before beeing initialized
2024-10-06 16:55:01,755 [FATAL] Updater:334 - Updater called before beeing initialized
2024-10-06 16:55:01,755 [WARN] DetailPanel:346 - Failed to get advertising image, set to default
2024-10-06 16:55:01,755 [FATAL] Updater:334 - Updater called before beeing initialized
2024-10-06 16:55:01,775 [ERROR] Updater:1164 - MainUpdater not yet initialized. External WinMGr cannot be set.
2024-10-06 16:55:01,776 [INFO] Updater:1100 - Updater Version found : 6.12.1
2024-10-06 16:55:01,787 [INFO] ApplicationProperties:184 - Using Application install path: /home/cdelong/st/stm32cubeide_1.16.1/plugins/com.st.stm32cube.common.mx_6.12.1.202409122256
2024-10-06 16:55:02,201 [INFO] MainUpdater:2873 - connection check result : 10
2024-10-06 16:55:02,202 [INFO] MainUpdater:290 - Updater Check For Update Now.
2024-10-06 16:55:02,203 [INFO] MicroXplorer:498 - Change Database Version : DB.6.0.121
2024-10-06 16:55:02,215 [INFO] McuFinderGlobals:63 - Set McuFinder mode to 2 (CubeIDE integrated)
2024-10-06 16:55:02,216 [INFO] UserAuth:417 - Internet connection configuration mode: 1
2024-10-06 16:55:02,243 [INFO] JxBrowserEngine:152 - Initiate JxBrowser Engine with user profile folder
2024-10-06 16:55:02,459 [INFO] CheckServerUpdateThread:120 - End of CheckServer Thread
2024-10-06 16:55:03,156 [INFO] WebApp:167 - Instantiating new browser for Auth
2024-10-06 16:55:03,974 [WARN] PackLoader:240 - Cannot read IP mode file for STMicroelectronics.FP-SNS-MOTENVWB1.1.4.0
2024-10-06 16:55:03,981 [WARN] PackLoader:240 - Cannot read IP mode file for STMicroelectronics.X-CUBE-SMBUS.2.1.0
2024-10-06 16:55:03,986 [WARN] PackLoader:240 - Cannot read IP mode file for STMicroelectronics.X-CUBE-WB05N.1.1.0
2024-10-06 16:55:04,006 [WARN] PackLoader:240 - Cannot read IP mode file for STMicroelectronics.X-CUBE-AZRTOS-F7.1.1.0
2024-10-06 16:55:04,050 [WARN] PackLoader:240 - Cannot read IP mode file for STMicroelectronics.X-CUBE-MEMS1.11.0.0
2024-10-06 16:55:04,087 [INFO] WebApp:448 - Apply proxy settings
2024-10-06 16:55:04,088 [INFO] WebApp:533 - Chromium requires no authentication
2024-10-06 16:55:04,094 [INFO] WebApp:476 - Direct internet connection detected
2024-10-06 16:55:04,109 [INFO] WebApp:869 - Register for checkConnection events
2024-10-06 16:55:04,109 [INFO] WebApp:448 - Apply proxy settings
2024-10-06 16:55:04,109 [INFO] WebApp:533 - Chromium requires no authentication
2024-10-06 16:55:04,110 [INFO] WebApp:476 - Direct internet connection detected
2024-10-06 16:55:04,190 [WARN] PackLoader:240 - Cannot read IP mode file for STMicroelectronics.FP-SNS-FLIGHT1.5.0.2
2024-10-06 16:55:04,194 [WARN] PackLoader:240 - Cannot read IP mode file for STMicroelectronics.X-CUBE-DISPLAY.3.0.0
2024-10-06 16:55:04,199 [WARN] PackLoader:240 - Cannot read IP mode file for STMicroelectronics.X-CUBE-BLE1.7.0.0
2024-10-06 16:55:04,203 [WARN] PackLoader:240 - Cannot read IP mode file for STMicroelectronics.X-CUBE-NFC10.1.0.0
2024-10-06 16:55:04,207 [WARN] PackLoader:240 - Cannot read IP mode file for emotas.I-CUBE-CANOPEN.1.3.0
2024-10-06 16:55:04,212 [WARN] PackLoader:240 - Cannot read IP mode file for STMicroelectronics.X-CUBE-BLEMGR.3.1.0
2024-10-06 16:55:04,215 [WARN] PackLoader:240 - Cannot read IP mode file for STMicroelectronics.FP-SNS-SMARTAG2.1.2.0
2024-10-06 16:55:04,221 [INFO] LogOutputStream:77 - [STDOUT_REDIRECT] 1 : Invalid condition id : UX_CORESTACK_Condition cause : null
2024-10-06 16:55:04,222 [INFO] LogOutputStream:77 - [STDOUT_REDIRECT] 1 : Invalid condition id : UX_CORESTACK_Condition cause : null
2024-10-06 16:55:04,222 [INFO] LogOutputStream:77 - [STDOUT_REDIRECT] 1 : Invalid condition id : UX_CORESTACK_Condition cause : null
2024-10-06 16:55:04,222 [INFO] LogOutputStream:77 - [STDOUT_REDIRECT] 1 : Invalid condition id : UX_CORESTACK_Condition cause : null
2024-10-06 16:55:04,222 [INFO] LogOutputStream:77 - [STDOUT_REDIRECT] 1 : Invalid condition id : UX_CORESTACK_Condition cause : null
2024-10-06 16:55:04,224 [WARN] PackLoader:240 - Cannot read IP mode file for STMicroelectronics.X-CUBE-AZRTOS-WL.2.0.0
2024-10-06 16:55:04,227 [WARN] PackLoader:240 - Cannot read IP mode file for STMicroelectronics.FP-SNS-MOTENV1.5.0.0
2024-10-06 16:55:04,230 [WARN] PackLoader:240 - Cannot read IP mode file for wolfSSL.I-CUBE-wolfMQTT.1.19.0
2024-10-06 16:55:04,234 [WARN] PackLoader:240 - Cannot read IP mode file for WES.I-CUBE-Cesium.1.3.0
2024-10-06 16:55:04,236 [WARN] PackLoader:240 - Cannot read IP mode file for STMicroelectronics.X-CUBE-BLE2.3.3.0
2024-10-06 16:55:04,239 [WARN] PackLoader:240 - Cannot read IP mode file for STMicroelectronics.X-CUBE-NFC9.1.0.0
2024-10-06 16:55:04,240 [INFO] WebApp:220 - Starting web application
2024-10-06 16:55:04,240 [INFO] WebApp:578 - Web application path used /home/cdelong/st/stm32cubeide_1.16.1/plugins/com.st.stm32cube.common.mx_6.12.1.202409122256/db/plugins/mcufinder/reactClient1/index.html
2024-10-06 16:55:04,243 [WARN] PackLoader:240 - Cannot read IP mode file for STMicroelectronics.X-CUBE-TCPP.4.1.0
2024-10-06 16:55:04,255 [WARN] PackLoader:240 - Cannot read IP mode file for STMicroelectronics.X-CUBE-AZRTOS-G0.1.1.0
2024-10-06 16:55:04,259 [WARN] PackLoader:240 - Cannot read IP mode file for STMicroelectronics.X-CUBE-SAFEA1.1.2.2
2024-10-06 16:55:04,263 [WARN] PackLoader:240 - Cannot read IP mode file for STMicroelectronics.X-CUBE-NFC4.3.0.0
2024-10-06 16:55:04,269 [WARN] PackLoader:240 - Cannot read IP mode file for EmbeddedOffice.I-CUBE-FS-RTOS.1.0.1
2024-10-06 16:55:04,269 [ERROR] ConditionMgr:805 - Attr not supported : Dmpu
2024-10-06 16:55:04,270 [ERROR] ConditionMgr:805 - Attr not supported : Dmpu
2024-10-06 16:55:04,270 [ERROR] ConditionMgr:805 - Attr not supported : Dmpu
2024-10-06 16:55:04,270 [ERROR] ConditionMgr:805 - Attr not supported : Dmpu
2024-10-06 16:55:04,270 [ERROR] ConditionMgr:805 - Attr not supported : Dmpu
2024-10-06 16:55:04,270 [ERROR] ConditionMgr:805 - Attr not supported : Dmpu
2024-10-06 16:55:04,270 [ERROR] ConditionMgr:805 - Attr not supported : Dmpu
2024-10-06 16:55:04,270 [ERROR] ConditionMgr:805 - Attr not supported : Dmpu
2024-10-06 16:55:04,270 [ERROR] ConditionMgr:805 - Attr not supported : Dmpu
2024-10-06 16:55:04,270 [ERROR] ConditionMgr:805 - Attr not supported : Dmpu
2024-10-06 16:55:04,270 [ERROR] ConditionMgr:805 - Attr not supported : Dmpu
2024-10-06 16:55:04,270 [ERROR] ConditionMgr:805 - Attr not supported : Dmpu
2024-10-06 16:55:04,270 [ERROR] ConditionMgr:805 - Attr not supported : Dmpu
2024-10-06 16:55:04,270 [ERROR] ConditionMgr:805 - Attr not supported : Dmpu
2024-10-06 16:55:04,270 [ERROR] ConditionMgr:805 - Attr not supported : Dmpu
2024-10-06 16:55:04,270 [ERROR] ConditionMgr:805 - Attr not supported : Dmpu
2024-10-06 16:55:04,270 [ERROR] ConditionMgr:805 - Attr not supported : Dmpu
2024-10-06 16:55:04,270 [ERROR] ConditionMgr:805 - Attr not supported : Dmpu
2024-10-06 16:55:04,270 [ERROR] ConditionMgr:805 - Attr not supported : Dmpu
2024-10-06 16:55:04,270 [ERROR] ConditionMgr:805 - Attr not supported : Dmpu
2024-10-06 16:55:04,270 [ERROR] ConditionMgr:805 - Attr not supported : Dmpu
2024-10-06 16:55:04,270 [ERROR] ConditionMgr:805 - Attr not supported : Dmpu
2024-10-06 16:55:04,271 [ERROR] ConditionMgr:805 - Attr not supported : Dmpu
2024-10-06 16:55:04,271 [ERROR] ConditionMgr:805 - Attr not supported : Dmpu
2024-10-06 16:55:04,271 [ERROR] ConditionMgr:805 - Attr not supported : Dmpu
2024-10-06 16:55:04,271 [ERROR] ConditionMgr:805 - Attr not supported : Dmpu
2024-10-06 16:55:04,271 [ERROR] ConditionMgr:805 - Attr not supported : Dmpu
2024-10-06 16:55:04,271 [ERROR] ConditionMgr:805 - Attr not supported : Dmpu
2024-10-06 16:55:04,271 [ERROR] ConditionMgr:805 - Attr not supported : Dmpu
2024-10-06 16:55:04,271 [ERROR] ConditionMgr:805 - Attr not supported : Dmpu
2024-10-06 16:55:04,271 [ERROR] ConditionMgr:805 - Attr not supported : Dmpu
2024-10-06 16:55:04,271 [ERROR] ConditionMgr:805 - Attr not supported : Dmpu
2024-10-06 16:55:04,271 [ERROR] ConditionMgr:805 - Attr not supported : Dmpu
2024-10-06 16:55:04,271 [ERROR] ConditionMgr:805 - Attr not supported : Dmpu
2024-10-06 16:55:04,271 [ERROR] ConditionMgr:805 - Attr not supported : Dmpu
2024-10-06 16:55:04,271 [ERROR] ConditionMgr:805 - Attr not supported : Dmpu
2024-10-06 16:55:04,271 [ERROR] ConditionMgr:805 - Attr not supported : Dmpu
2024-10-06 16:55:04,271 [ERROR] ConditionMgr:805 - Attr not supported : Dmpu
2024-10-06 16:55:04,271 [ERROR] ConditionMgr:805 - Attr not supported : Dmpu
2024-10-06 16:55:04,271 [ERROR] ConditionMgr:805 - Attr not supported : Dmpu
2024-10-06 16:55:04,271 [ERROR] ConditionMgr:805 - Attr not supported : Dmpu
2024-10-06 16:55:04,272 [ERROR] ConditionMgr:805 - Attr not supported : Dmpu
2024-10-06 16:55:04,272 [ERROR] ConditionMgr:805 - Attr not supported : Dmpu
2024-10-06 16:55:04,272 [ERROR] ConditionMgr:805 - Attr not supported : Dmpu
2024-10-06 16:55:04,272 [ERROR] ConditionMgr:805 - Attr not supported : Dmpu
2024-10-06 16:55:04,272 [ERROR] ConditionMgr:805 - Attr not supported : Dmpu
2024-10-06 16:55:04,272 [ERROR] ConditionMgr:805 - Attr not supported : Dmpu
2024-10-06 16:55:04,272 [ERROR] ConditionMgr:805 - Attr not supported : Dmpu
2024-10-06 16:55:04,272 [ERROR] ConditionMgr:805 - Attr not supported : Dmpu
2024-10-06 16:55:04,272 [ERROR] ConditionMgr:805 - Attr not supported : Dmpu
2024-10-06 16:55:04,272 [ERROR] ConditionMgr:805 - Attr not supported : Dmpu
2024-10-06 16:55:04,272 [ERROR] ConditionMgr:805 - Attr not supported : Dmpu
2024-10-06 16:55:04,272 [ERROR] ConditionMgr:805 - Attr not supported : Dmpu
2024-10-06 16:55:04,272 [ERROR] ConditionMgr:805 - Attr not supported : Dmpu
2024-10-06 16:55:04,272 [ERROR] ConditionMgr:805 - Attr not supported : Dmpu
2024-10-06 16:55:04,272 [ERROR] ConditionMgr:805 - Attr not supported : Dmpu
2024-10-06 16:55:04,272 [ERROR] ConditionMgr:805 - Attr not supported : Dmpu
2024-10-06 16:55:04,272 [ERROR] ConditionMgr:805 - Attr not supported : Dmpu
2024-10-06 16:55:04,272 [ERROR] ConditionMgr:805 - Attr not supported : Dmpu
2024-10-06 16:55:04,273 [ERROR] ConditionMgr:805 - Attr not supported : Dmpu
2024-10-06 16:55:04,273 [ERROR] ConditionMgr:805 - Attr not supported : Dmpu
2024-10-06 16:55:04,273 [ERROR] ConditionMgr:805 - Attr not supported : Dmpu
2024-10-06 16:55:04,273 [ERROR] ConditionMgr:805 - Attr not supported : Dmpu
2024-10-06 16:55:04,273 [ERROR] ConditionMgr:805 - Attr not supported : Dmpu
2024-10-06 16:55:04,275 [WARN] PackLoader:240 - Cannot read IP mode file for RealThread.X-CUBE-RT-Thread_Nano.4.1.1
2024-10-06 16:55:04,277 [WARN] PackLoader:240 - Cannot read IP mode file for STMicroelectronics.FP-ATR-SIGFOX1.3.2.0
2024-10-06 16:55:04,281 [WARN] PackLoader:240 - Cannot read IP mode file for wolfSSL.I-CUBE-wolfSSL.5.7.2
2024-10-06 16:55:04,286 [WARN] PackLoader:240 - Cannot read IP mode file for STMicroelectronics.X-CUBE-EEPRMA1.5.1.0
2024-10-06 16:55:04,290 [WARN] PackLoader:240 - Cannot read IP mode file for ITTIA_DB.I-CUBE-ITTIADB.8.9.0
2024-10-06 16:55:04,310 [WARN] PackLoader:240 - Cannot read IP mode file for SEGGER.I-CUBE-embOS.1.3.1
2024-10-06 16:55:04,346 [INFO] UserAuth:417 - Internet connection configuration mode: 1
2024-10-06 16:55:04,350 [WARN] PackLoader:240 - Cannot read IP mode file for STMicroelectronics.X-CUBE-ALGOBUILD.1.4.0
2024-10-06 16:55:04,352 [WARN] PackLoader:240 - Cannot read IP mode file for STMicroelectronics.X-CUBE-AI.9.1.0
2024-10-06 16:55:04,364 [WARN] PackLoader:240 - Cannot read IP mode file for STMicroelectronics.X-CUBE-AZRTOS-F4.1.1.0
2024-10-06 16:55:04,368 [WARN] PackLoader:240 - Cannot read IP mode file for STMicroelectronics.X-CUBE-ISPU.2.1.0
2024-10-06 16:55:04,371 [WARN] PackLoader:240 - Cannot read IP mode file for STMicroelectronics.X-CUBE-FREERTOS.1.2.0
2024-10-06 16:55:04,384 [WARN] PackLoader:240 - Cannot read IP mode file for STMicroelectronics.X-CUBE-AZRTOS-L5.2.0.0
2024-10-06 16:55:04,394 [WARN] PackLoader:240 - Cannot read IP mode file for STMicroelectronics.X-CUBE-NFC6.3.1.0
2024-10-06 16:55:04,399 [WARN] PackLoader:240 - Cannot read IP mode file for STMicroelectronics.X-CUBE-DPower.1.2.0
2024-10-06 16:55:04,401 [WARN] PackLoader:240 - Cannot read IP mode file for STMicroelectronics.X-CUBE-AI.9.0.0
2024-10-06 16:55:04,404 [WARN] PackLoader:240 - Cannot read IP mode file for STMicroelectronics.X-CUBE-NFC7.1.0.1
2024-10-06 16:55:04,416 [WARN] ConditionMgr:438 - getConditionDescription Invalid condition id : LAN8742 Phy interface Condition cause : null
2024-10-06 16:55:04,417 [WARN] PackLoader:240 - Cannot read IP mode file for STMicroelectronics.X-CUBE-AZRTOS-L4.2.0.0
2024-10-06 16:55:04,418 [WARN] ConditionMgr:1039 - genDependencies : Invalid condition id : LAN8742 Phy interface Condition cause : null
2024-10-06 16:55:04,418 [WARN] ConditionMgr:1039 - genDependencies : Invalid condition id : LAN8742 Phy interface Condition cause : null
2024-10-06 16:55:04,419 [WARN] ConditionMgr:1039 - genDependencies : Invalid condition id : LAN8742 Phy interface Condition cause : null
2024-10-06 16:55:04,423 [WARN] PackLoader:240 - Cannot read IP mode file for STMicroelectronics.X-CUBE-SFXS2LP1.4.0.0
2024-10-06 16:55:04,453 [WARN] PackLoader:240 - Cannot read IP mode file for STMicroelectronics.X-CUBE-AZRTOS-H7.3.3.0
2024-10-06 16:55:04,471 [WARN] PackLoader:240 - Cannot read IP mode file for STMicroelectronics.X-CUBE-IPS.3.0.0
2024-10-06 16:55:04,487 [INFO] WebApp:186 - Connection restablished
2024-10-06 16:55:04,506 [WARN] ConditionMgr:438 - getConditionDescription Invalid condition id : UX DEVICE CLASS RTOS Condition cause : null
2024-10-06 16:55:04,510 [WARN] ConditionMgr:438 - getConditionDescription Invalid condition id : UX DEVICE CLASS RTOS Condition cause : null
2024-10-06 16:55:04,512 [WARN] PackLoader:240 - Cannot read IP mode file for STMicroelectronics.X-CUBE-AZRTOS-WB.2.0.0
2024-10-06 16:55:04,512 [WARN] ConditionMgr:1039 - genDependencies : Invalid condition id : UX DEVICE CLASS RTOS Condition cause : null
2024-10-06 16:55:04,512 [WARN] ConditionMgr:1039 - genDependencies : Invalid condition id : UX DEVICE CLASS RTOS Condition cause : null
2024-10-06 16:55:04,526 [WARN] ConditionMgr:1039 - genDependencies : Invalid condition id : UX DEVICE CLASS RTOS Condition cause : null
2024-10-06 16:55:04,527 [WARN] ConditionMgr:1039 - genDependencies : Invalid condition id : UX DEVICE CLASS RTOS Condition cause : null
2024-10-06 16:55:04,527 [WARN] ConditionMgr:1039 - genDependencies : Invalid condition id : UX DEVICE CLASS RTOS Condition cause : null
2024-10-06 16:55:04,541 [WARN] PackLoader:240 - Cannot read IP mode file for STMicroelectronics.X-CUBE-GNSS1.7.0.0
2024-10-06 16:55:04,545 [WARN] PackLoader:240 - Cannot read IP mode file for STMicroelectronics.FP-SNS-STBOX1.2.0.0
2024-10-06 16:55:04,553 [WARN] PackLoader:240 - Cannot read IP mode file for STMicroelectronics.X-CUBE-SUBG2.5.0.0
2024-10-06 16:55:04,560 [WARN] PackLoader:240 - Cannot read IP mode file for Cesanta.I-CUBE-Mongoose.7.13.0
2024-10-06 16:55:04,571 [WARN] PackLoader:240 - Cannot read IP mode file for STMicroelectronics.X-CUBE-AZRTOS-G4.2.0.0
2024-10-06 16:55:04,576 [WARN] PackLoader:240 - Cannot read IP mode file for STMicroelectronics.X-CUBE-ALS.1.0.2
2024-10-06 16:55:04,579 [WARN] PackLoader:240 - Cannot read IP mode file for STMicroelectronics.X-CUBE-TOUCHGFX.4.24.1
2024-10-06 16:55:04,581 [WARN] PackLoader:240 - Cannot read IP mode file for wolfSSL.I-CUBE-wolfTPM.3.4.0
2024-10-06 16:55:04,585 [WARN] PackLoader:240 - Cannot read IP mode file for portGmbH.I-Cube-SoM-uGOAL.1.1.0
2024-10-06 16:55:04,600 [WARN] PackLoader:240 - Cannot read IP mode file for STMicroelectronics.X-CUBE-AZRTOS-H7RS.1.0.0
2024-10-06 16:55:04,604 [WARN] PackLoader:240 - Cannot read IP mode file for STMicroelectronics.FP-ATR-ASTRA1.2.0.0
2024-10-06 16:55:04,612 [WARN] PackLoader:240 - Cannot read IP mode file for STMicroelectronics.X-CUBE-TOF1.3.4.2
2024-10-06 16:55:04,637 [WARN] PackLoader:240 - Cannot read IP mode file for Infineon.AIROC-Wi-Fi-Bluetooth-STM32.1.6.1
2024-10-06 16:55:04,642 [WARN] PackLoader:240 - Cannot read IP mode file for wolfSSL.I-CUBE-wolfSSH.1.4.17
2024-10-06 16:55:04,642 [INFO] ThirdParty:978 - Integrity check success = true
2024-10-06 16:55:04,642 [INFO] IntegrityCheckThread:100 - exiting critical section [integrity check]
2024-10-06 16:55:04,643 [INFO] IntegrityCheckThread:103 - End integrity checks thread
2024-10-06 16:55:11,403 [INFO] McuFinderGlobals:63 - Set McuFinder mode to 2 (CubeIDE integrated)
2024-10-06 16:55:11,412 [INFO] MainUpdater:2873 - connection check result : 10
2024-10-06 16:55:11,413 [INFO] MainUpdater:2873 - connection check result : 10
2024-10-06 16:55:11,532 [INFO] RulesReader:64 - Compatibility file has been processed (297 Rules)
2024-10-06 16:55:11,543 [INFO] RulesReader:64 - Compatibility file has been processed (297 Rules)
2024-10-06 16:55:11,545 [INFO] MicroXplorer:468 - Change Database Path : 
2024-10-06 16:55:11,545 [INFO] MicroXplorer:498 - Change Database Version : DB.6.0.121
2024-10-06 16:55:11,556 [WARN] ThirdParty:871 - waiting for thirdparty lock release [close project]
2024-10-06 16:55:11,556 [INFO] ThirdParty:873 - entering critical section [close project]
2024-10-06 16:55:11,557 [INFO] ThirdParty:883 - exiting critical section [close project]
2024-10-06 16:55:11,559 [INFO] PinOutPanel:1561 - setPackage(No Configuration,No Configuration)
2024-10-06 16:55:11,564 [INFO] UtilMem:75 - Begin LoadConfig() Used Memory: 199619560 Bytes (325058560)
2024-10-06 16:55:11,565 [INFO] MicroXplorer:468 - Change Database Path : 
2024-10-06 16:55:11,565 [INFO] MicroXplorer:498 - Change Database Version : DB.6.0.121
2024-10-06 16:55:11,565 [INFO] OpenFileManager:332 - Change cursor
2024-10-06 16:55:11,594 [INFO] Mcu:2032 - Initializing MCU STM32F405RGTx STM32F405RGTx STM32F405RGT6
2024-10-06 16:55:12,475 [INFO] Context:742 - Trying to add GPIOservice into a context  which must be forbidden
2024-10-06 16:55:12,922 [INFO] RtosManager:555 - Registered RTOS mode: class=CMSIS, group=RTOS, mode=CMSIS_V1, owner=FREERTOS
2024-10-06 16:55:12,923 [INFO] RtosManager:555 - Registered RTOS mode: class=CMSIS, group=RTOS2, mode=CMSIS_V2, owner=FREERTOS
2024-10-06 16:55:12,923 [INFO] RtosManager:555 - Registered RTOS mode: class=RTOS, group=Core, mode=CMSIS_V1, owner=FREERTOS
2024-10-06 16:55:12,923 [INFO] RtosManager:555 - Registered RTOS mode: class=RTOS, group=Core, mode=CMSIS_V2, owner=FREERTOS
2024-10-06 16:55:12,923 [WARN] ModelIntegratedComponent:184 - Missing modes for component STMicroelectronics:FreeRTOS:0.0.1:STMicroelectronics:RTOS:FreeRTOS:Core:::10.2.0:
2024-10-06 16:55:12,930 [WARN] ModelIntegratedComponent:63 - No mode defined for component null
2024-10-06 16:55:12,930 [WARN] ModelIntegratedComponent:63 - No mode defined for component null
2024-10-06 16:55:12,930 [WARN] ModelIntegratedComponent:63 - No mode defined for component null
2024-10-06 16:55:12,930 [WARN] ModelIntegratedComponent:63 - No mode defined for component null
2024-10-06 16:55:12,930 [WARN] ModelIntegratedComponent:63 - No mode defined for component null
2024-10-06 16:55:12,930 [WARN] ModelIntegratedComponent:63 - No mode defined for component null
2024-10-06 16:55:12,930 [WARN] ModelIntegratedComponent:63 - No mode defined for component null
2024-10-06 16:55:12,930 [WARN] ModelIntegratedComponent:63 - No mode defined for component null
2024-10-06 16:55:12,930 [WARN] ModelIntegratedComponent:63 - No mode defined for component null
2024-10-06 16:55:12,930 [WARN] ModelIntegratedComponent:63 - No mode defined for component null
2024-10-06 16:55:12,930 [WARN] ModelIntegratedComponent:63 - No mode defined for component null
2024-10-06 16:55:12,930 [WARN] ModelIntegratedComponent:63 - No mode defined for component null
2024-10-06 16:55:12,930 [WARN] ModelIntegratedComponent:63 - No mode defined for component null
2024-10-06 16:55:12,930 [WARN] ModelIntegratedComponent:63 - No mode defined for component null
2024-10-06 16:55:12,930 [WARN] ModelIntegratedComponent:63 - No mode defined for component null
2024-10-06 16:55:12,930 [WARN] ModelIntegratedComponent:63 - No mode defined for component null
2024-10-06 16:55:12,930 [WARN] ModelIntegratedComponent:63 - No mode defined for component null
2024-10-06 16:55:12,930 [WARN] ModelIntegratedComponent:63 - No mode defined for component null
2024-10-06 16:55:12,931 [WARN] ModelIntegratedComponent:63 - No mode defined for component null
2024-10-06 16:55:12,931 [WARN] ModelIntegratedComponent:63 - No mode defined for component null
2024-10-06 16:55:12,931 [WARN] ModelIntegratedComponent:63 - No mode defined for component null
2024-10-06 16:55:12,931 [WARN] ModelIntegratedComponent:63 - No mode defined for component null
2024-10-06 16:55:12,931 [WARN] ModelIntegratedComponent:63 - No mode defined for component null
2024-10-06 16:55:12,931 [WARN] ModelIntegratedComponent:63 - No mode defined for component null
2024-10-06 16:55:12,931 [WARN] ModelIntegratedComponent:63 - No mode defined for component null
2024-10-06 16:55:12,931 [WARN] ModelIntegratedComponent:63 - No mode defined for component null
2024-10-06 16:55:12,931 [WARN] ModelIntegratedComponent:63 - No mode defined for component null
2024-10-06 16:55:12,931 [WARN] ModelIntegratedComponent:63 - No mode defined for component null
2024-10-06 16:55:12,931 [WARN] ModelIntegratedComponent:63 - No mode defined for component null
2024-10-06 16:55:12,931 [WARN] ModelIntegratedComponent:63 - No mode defined for component null
2024-10-06 16:55:12,931 [WARN] ModelIntegratedComponent:63 - No mode defined for component null
2024-10-06 16:55:12,931 [WARN] ModelIntegratedComponent:63 - No mode defined for component null
2024-10-06 16:55:12,931 [WARN] ModelIntegratedComponent:63 - No mode defined for component null
2024-10-06 16:55:12,931 [WARN] ModelIntegratedComponent:63 - No mode defined for component null
2024-10-06 16:55:12,931 [WARN] ModelIntegratedComponent:63 - No mode defined for component null
2024-10-06 16:55:12,931 [WARN] ModelPack:524 - Component already loaded: STMicroelectronics:HAL Drivers:0.0.0:STMicroelectronics:Device:STMicro_Driver:XSPI:HAL::0.0.1:HAL_XSPI
2024-10-06 16:55:12,957 [INFO] ThirdPartyModel:298 - Start build external matchings
2024-10-06 16:55:13,278 [INFO] ThirdPartyModel:316 - End build external matchings
2024-10-06 16:55:13,287 [INFO] RtosManager:919 - Current active RTOS is FREERTOS [Cortex-M4NS]
2024-10-06 16:55:13,293 [WARN] IP:2191 - I2C_Coeff_DF not found: check if there is a RefParameter without a condition.
2024-10-06 16:55:13,293 [WARN] IP:2191 - Analog_Filter not found: check if there is a RefParameter without a condition.
2024-10-06 16:55:13,531 [INFO] ApiDb:581 - Connected to CubeFinder SQLite database (/home/cdelong/.stmcufinder/plugins/mcufinder/mcu/cube-finder-db.db)
2024-10-06 16:55:13,569 [INFO] ApiDb:668 - CubeFinder database Data Model version=2.1
2024-10-06 16:55:13,569 [INFO] ApiDb:669 - CubeFinder database Configuration version=3.0.39
2024-10-06 16:55:13,569 [INFO] ApiDb:670 - CubeFinder database generation date=2024-09-16 (1726485674)
2024-10-06 16:55:13,569 [INFO] ApiDb:671 - CubeFinder database FW Pack versions=[FP-ATR-ASTRA1_V2.0.0, FP-SNS-FLIGHT1_V5.0.2, FP-SNS-MOTENV1_V5.0.0, FP-SNS-MOTENVWB1_V1.4.0, FP-SNS-SMARTAG2_V1.2.0, FP-SNS-STBOX1_V2.0.0, STM32Cube_FW_C0_V1.2.0, STM32Cube_FW_F4_V1.28.1, STM32Cube_FW_F7_V1.17.2, STM32Cube_FW_G0_V1.6.2, STM32Cube_FW_G4_V1.6.0, STM32Cube_FW_H5_V1.3.0, STM32Cube_FW_H7RS_V1.1.0, STM32Cube_FW_H7_V1.11.2, STM32Cube_FW_L0_V1.12.2, STM32Cube_FW_L5_V1.5.1, STM32Cube_FW_U0_V1.1.0, STM32Cube_FW_U5_V1.6.0, STM32Cube_FW_WB0_V1.0.0, STM32Cube_FW_WBA_V1.4.1, STM32Cube_FW_WB_V1.20.0, STM32Cube_FW_WL_V1.3.0, X-CUBE-ALGOBUILD_V1.4.0, X-CUBE-ALS_V1.0.2, X-CUBE-AZRTOS-F4_V1.1.0, X-CUBE-AZRTOS-F7_V1.1.0, X-CUBE-AZRTOS-G0_V1.1.0, X-CUBE-AZRTOS-G4_V2.0.0, X-CUBE-AZRTOS-H7RS_V1.0.0, X-CUBE-AZRTOS-H7_V3.2.0, X-CUBE-AZRTOS-L4_V2.0.0, X-CUBE-AZRTOS-L5_V2.0.0, X-CUBE-AZRTOS-WB_V2.0.0, X-CUBE-AZRTOS-WL_V2.0.0, X-CUBE-BLE1_V7.0.0, X-CUBE-BLE2_V3.3.0, X-CUBE-BLEMGR_V3.1.0, X-CUBE-EEPRMA1_V5.1.0, X-CUBE-FREERTOS_V1.2.0, X-CUBE-GNSS1_V6.0.0, X-CUBE-MEMS1_V11.0.0, X-CUBE-NFC4_V3.0.0, X-CUBE-NFC7_V1.0.1, X-CUBE-SFXS2LP1_V4.0.0, X-CUBE-SUBG2_V5.0.0, X-CUBE-TOF1_V3.4.2]
2024-10-06 16:55:13,616 [INFO] DbBoardsSqlite:226 - include board P-NUCLEO-WB55-NUCLEO as a kit item of type 'Nucleo-64'
2024-10-06 16:55:13,616 [INFO] DbBoardsSqlite:226 - include board P-NUCLEO-WB55-USBDONGLE as a kit item of type 'Nucleo USB Dongle'
2024-10-06 16:55:13,616 [INFO] DbBoardsSqlite:226 - include board STEVAL-IDP005V1 as a kit item of type 'Evaluation Board'
2024-10-06 16:55:13,616 [INFO] DbBoardsSqlite:226 - include board STEVAL-IDP005V2 as a kit item of type 'Evaluation Board'
2024-10-06 16:55:13,643 [INFO] ApiDb:240 - Found 646 in-development CPN: [B-G473E-ZEST1S, B-WB1M-WPAN1, B-WL5M-SUBG1, NUCLEO-C031C6, NUCLEO-C071RB, NUCLEO-H503RB, NUCLEO-H533RE, NUCLEO-H563ZI, NUCLEO-H7S3L8, NUCLEO-U031R8, NUCLEO-U083RC, NUCLEO-U545RE-Q, NUCLEO-U5A5ZJ-Q, NUCLEO-WB05KZ, NUCLEO-WB07CC, NUCLEO-WB09KE, NUCLEO-WBA52CG, NUCLEO-WBA55CG, STEVAL-PROTEUS1, STEVAL-SMARTAG2, STEVAL-STWINBX1, STM320518-EVAL, STM32C0116-DK, STM32C011D6Y3TR, STM32C011D6Y6TR, STM32C011F4P3, STM32C011F4P6, STM32C011F4U3, STM32C011F4U6TR, STM32C011F6P3, STM32C011F6P6, STM32C011F6U3, STM32C011F6U6TR, STM32C011J4M3, STM32C011J4M6, STM32C011J6M3, STM32C011J6M6, STM32C0316-DK, STM32C031C4T3, STM32C031C4T6, STM32C031C4U3, STM32C031C4U6, STM32C031C6T3, STM32C031C6T6, STM32C031C6U3, STM32C031C6U6, STM32C031F4P3, STM32C031F4P6, STM32C031F6P3, STM32C031F6P6, STM32C031G4U3, STM32C031G4U6, STM32C031G6U3, STM32C031G6U6, STM32C031K4T3, STM32C031K4T6, STM32C031K4U3, STM32C031K4U6, STM32C031K6T3, STM32C031K6T6, STM32C031K6U3, STM32C031K6U6, STM32C071C8T6, STM32C071C8T6N, STM32C071C8U6, STM32C071C8U6N, STM32C071CBT6, STM32C071CBT6N, STM32C071CBU6, STM32C071CBU6N, STM32C071F8P6, STM32C071F8P6N, STM32C071FBP6, STM32C071FBP6N, STM32C071FBY6TR, STM32C071G8U6, STM32C071G8U6N, STM32C071GBU6, STM32C071GBU6N, STM32C071K8T6, STM32C071K8T6N, STM32C071K8U6, STM32C071K8U6N, STM32C071KBT6, STM32C071KBT6N, STM32C071KBU6, STM32C071KBU6N, STM32C071R8T6, STM32C071R8T6N, STM32C071RBI6N, STM32C071RBT6, STM32C071RBT6N, STM32G071K8TXN, STM32G071K8UXN, STM32G081GBU6N, STM32G081KBT6N, STM32G081KBUXN, STM32G0B1CCT6N, STM32G0B1KCT6, STM32G0B1NEY6TR, STM32G0B1RCT6N, STM32G0C1CCT6, STM32G0C1CCT6N, STM32G0C1CCU6N, STM32G0C1CET6N, STM32G0C1CEU6N, STM32G0C1KCT6, STM32G0C1NEY6TR, STM32G0C1RCI6N, STM32G0C1RCT6N, STM32G0C1REI6N, STM32G0C1RET6N, STM32G0C1VCI6, STM32G0C1VEI6, STM32G411C6T3, STM32G411C6T6, STM32G411C6U3, STM32G411C6U6, STM32G411C8T3, STM32G411C8T6, STM32G411C8U3, STM32G411C8U6, STM32G411CBT3, STM32G411CBT6, STM32G411CBU3, STM32G411CBU6, STM32G411K6T3, STM32G411K6T6, STM32G411K6U3, STM32G411K6U6, STM32G411K8T3, STM32G411K8T6, STM32G411K8U3, STM32G411K8U6, STM32G411KBT3, STM32G411KBT6, STM32G411KBU3, STM32G411KBU6, STM32G411M6T3, STM32G411M6T6, STM32G411M8T3, STM32G411M8T6, STM32G411MBT3, STM32G411MBT6, STM32G411R6T3, STM32G411R6T6, STM32G411R8T3, STM32G411R8T6, STM32G411RBT3, STM32G411RBT6, STM32G414CBT3, STM32G414CBT6, STM32G414CBU3, STM32G414CBU6, STM32G414CCT3, STM32G414CCT6, STM32G414CCU3, STM32G414CCU6, STM32G414MBT3, STM32G414MBT6, STM32G414MCT3, STM32G414MCT6, STM32G414RBT3, STM32G414RBT6, STM32G414RCT3, STM32G414RCT6, STM32G414VBT3, STM32G414VBT6, STM32G414VCT3, STM32G414VCT6, STM32G431CBT3Z, STM32G431RBT3Z, STM32G471CCT6, STM32G471CCU6, STM32G471CET3, STM32G471CET6, STM32G471CEU3, STM32G471CEU6, STM32G471MCT6, STM32G471MET3, STM32G471MET6, STM32G471MEY6TR, STM32G471QCT6, STM32G471QET3, STM32G471RCT6, STM32G471RET3, STM32G471RET6, STM32G471VCH6, STM32G471VCI6, STM32G471VCT6, STM32G471VEH3, STM32G471VEH6, STM32G471VEI3, STM32G471VEI6, STM32G471VET3, STM32G471VET6, STM32G473QET3Z, STM32G473RET3Z, STM32G474CCT6, STM32G491RET3Z, STM32H503CBT6, STM32H503CBU6, STM32H503EBY6TR, STM32H503KBU6, STM32H503RBT6, STM32H523CCT6, STM32H523CCU6, STM32H523CET6, STM32H523CEU6, STM32H523HEY6TR, STM32H523RCT6, STM32H523RET6, STM32H523VCI6, STM32H523VCT6, STM32H523VEI6, STM32H523VET6, STM32H523ZCJ6, STM32H523ZCT6, STM32H523ZEJ6, STM32H523ZET6, STM32H533CET6, STM32H533CEU6, STM32H533HEY6TR, STM32H533RET6, STM32H533VEI6, STM32H533VET6, STM32H533ZEJ6, STM32H533ZET6, STM32H562AGI6, STM32H562AII6, STM32H562IGK6, STM32H562IGT6, STM32H562IIK6, STM32H562IIT6, STM32H562RGT6, STM32H562RGV6, STM32H562RIT6, STM32H562RIV6, STM32H562VGT6, STM32H562VIT6, STM32H562ZGT6, STM32H562ZIT6, STM32H563AGI6, STM32H563AII3Q, STM32H563AII6, STM32H563IGK6, STM32H563IGT6, STM32H563IIK3Q, STM32H563IIK6, STM32H563IIT3Q, STM32H563IIT6, STM32H563MIY3QTR, STM32H563RGT6, STM32H563RGV6, STM32H563RIT6, STM32H563RIV6, STM32H563VGT6, STM32H563VIT3Q, STM32H563VIT6, STM32H563ZGT6, STM32H563ZIT3Q, STM32H563ZIT6, STM32H573AII3Q, STM32H573AII6, STM32H573I-DK, STM32H573IIK3Q, STM32H573IIK6, STM32H573IIT3Q, STM32H573IIT6, STM32H573MIY3QTR, STM32H573RIT6, STM32H573RIV6, STM32H573VIT3Q, STM32H573VIT6, STM32H573ZIT3Q, STM32H573ZIT6, STM32H7R3A8I6, STM32H7R3I8K6, STM32H7R3I8T6, STM32H7R3L8H6, STM32H7R3L8H6H, STM32H7R3R8V6, STM32H7R3V8H6, STM32H7R3V8T6, STM32H7R3V8Y6TR, STM32H7R3Z8J6, STM32H7R3Z8T6, STM32H7R7A8I6, STM32H7R7I8K6, STM32H7R7I8T6, STM32H7R7L8H6, STM32H7R7L8H6H, STM32H7R7Z8J6, STM32H7S3A8I6, STM32H7S3I8K6, STM32H7S3I8T6, STM32H7S3L8H6, STM32H7S3L8H6H, STM32H7S3R8V6, STM32H7S3V8H6, STM32H7S3V8T6, STM32H7S3V8Y6TR, STM32H7S3Z8J6, STM32H7S3Z8T6, STM32H7S78-DK, STM32H7S7A8I6, STM32H7S7I8K6, STM32H7S7I8T6, STM32H7S7L8H6, STM32H7S7L8H6H, STM32H7S7Z8J6, STM32L4R5QGI6STR, STM32MP131AAE3, STM32MP131AAF3, STM32MP131AAG3, STM32MP131CAE3, STM32MP131CAF3, STM32MP131CAG3, STM32MP131DAE7, STM32MP131DAF7, STM32MP131DAG7, STM32MP131FAE7, STM32MP131FAF7, STM32MP131FAG7, STM32MP133AAE3, STM32MP133AAF3, STM32MP133AAG3, STM32MP133CAE3, STM32MP133CAF3, STM32MP133CAG3, STM32MP133DAE7, STM32MP133DAF7, STM32MP133DAG7, STM32MP133FAE7, STM32MP133FAF7, STM32MP133FAG7, STM32MP135AAE3, STM32MP135AAF3, STM32MP135AAG3, STM32MP135CAE3, STM32MP135CAF3, STM32MP135CAG3, STM32MP135DAE7, STM32MP135DAF7, STM32MP135DAG7, STM32MP135F-DK, STM32MP135FAE7, STM32MP135FAF7, STM32MP135FAF7T, STM32MP135FAF7U, STM32MP135FAG7, STM32MP251AAI3, STM32MP251AAK3, STM32MP251AAL3, STM32MP251CAI3, STM32MP251CAK3, STM32MP251CAL3, STM32MP251DAI3, STM32MP251DAK3, STM32MP251DAL3, STM32MP251FAI3, STM32MP251FAK3, STM32MP251FAL3, STM32MP253AAI3, STM32MP253AAK3, STM32MP253AAL3, STM32MP253CAI3, STM32MP253CAK3, STM32MP253CAL3, STM32MP253DAI3, STM32MP253DAK3, STM32MP253DAL3, STM32MP253FAI3, STM32MP253FAK3, STM32MP253FAL3, STM32MP255AAI3, STM32MP255AAK3, STM32MP255AAL3, STM32MP255CAI3, STM32MP255CAK3, STM32MP255CAL3, STM32MP255DAI3, STM32MP255DAK3, STM32MP255DAL3, STM32MP255FAI3, STM32MP255FAK3, STM32MP255FAL3, STM32MP257AAI3, STM32MP257AAK3, STM32MP257AAL3, STM32MP257CAI3, STM32MP257CAK3, STM32MP257CAL3, STM32MP257DAI3, STM32MP257DAK3, STM32MP257DAL3, STM32MP257F-DK, STM32MP257F-EV1, STM32MP257FAI3, STM32MP257FAK3, STM32MP257FAL3, STM32U031C6T6, STM32U031C6U6, STM32U031C8T6, STM32U031C8U6, STM32U031F4P6, STM32U031F6P6, STM32U031F8P6, STM32U031G6Y6TR, STM32U031G8Y6TR, STM32U031K4U6, STM32U031K6U6, STM32U031K8U6, STM32U031R6I6, STM32U031R6T6, STM32U031R8I6, STM32U031R8T6, STM32U073C8T6, STM32U073C8U6, STM32U073CBT6, STM32U073CBU6, STM32U073CCT6, STM32U073CCU6, STM32U073H8Y6TR, STM32U073HBY6TR, STM32U073HCY6TR, STM32U073K8U6, STM32U073KBU6, STM32U073KCU6, STM32U073M8I6, STM32U073M8T6, STM32U073MBI6, STM32U073MBT6, STM32U073MCI6, STM32U073MCT6, STM32U073R8I6, STM32U073R8T6, STM32U073RBI6, STM32U073RBT6, STM32U073RCI6, STM32U073RCT6, STM32U083C-DK, STM32U083CCT6, STM32U083CCU6, STM32U083HCY6TR, STM32U083KCU6, STM32U083MCI6, STM32U083MCT6, STM32U083RCI6, STM32U083RCT6, STM32U535CBT6, STM32U535CBT6Q, STM32U535CBU6, STM32U535CBU6Q, STM32U535CCT6, STM32U535CCT6Q, STM32U535CCU6, STM32U535CCU6Q, STM32U535CET6, STM32U535CET6Q, STM32U535CEU6, STM32U535CEU6Q, STM32U535JEY6QTR, STM32U535NCY6QTR, STM32U535NEY6QTR, STM32U535RBI6, STM32U535RBI6Q, STM32U535RBT6, STM32U535RBT6Q, STM32U535RCI6, STM32U535RCI6Q, STM32U535RCT6, STM32U535RCT6Q, STM32U535REI6, STM32U535REI6Q, STM32U535RET6, STM32U535RET6Q, STM32U535VCI6, STM32U535VCI6Q, STM32U535VCT6, STM32U535VCT6Q, STM32U535VEI6, STM32U535VEI6Q, STM32U535VET6, STM32U535VET6Q, STM32U545CET6, STM32U545CET6Q, STM32U545CEU6, STM32U545CEU6Q, STM32U545JEY6QTR, STM32U545NEY6QTR, STM32U545REI6, STM32U545REI6Q, STM32U545RET6, STM32U545RET6Q, STM32U545VEI6, STM32U545VEI6Q, STM32U545VET6, STM32U545VET6Q, STM32U595AIH6, STM32U595AIH6Q, STM32U595AJH6, STM32U595AJH6Q, STM32U595QII6, STM32U595QII6Q, STM32U595QJI6, STM32U595QJI6Q, STM32U595RIT6, STM32U595RIT6Q, STM32U595RJT6, STM32U595RJT6Q, STM32U595VIT6, STM32U595VIT6Q, STM32U595VJT6, STM32U595VJT6Q, STM32U595ZIT6, STM32U595ZIT6Q, STM32U595ZIY6QTR, STM32U595ZJT6, STM32U595ZJT6Q, STM32U595ZJY6QTR, STM32U599BJY6QTR, STM32U599NIH6Q, STM32U599NJH6Q, STM32U599VIT6Q, STM32U599VJT6, STM32U599VJT6Q, STM32U599ZIT6Q, STM32U599ZIY6QTR, STM32U599ZJT6Q, STM32U599ZJY6QTR, STM32U5A5AJH6, STM32U5A5AJH6Q, STM32U5A5QII3Q , STM32U5A5QJI6, STM32U5A5QJI6Q, STM32U5A5RJT6, STM32U5A5RJT6Q, STM32U5A5VJT6, STM32U5A5VJT6Q, STM32U5A5ZJT6, STM32U5A5ZJT6Q, STM32U5A5ZJY6QTR, STM32U5A9BJY6QTR, STM32U5A9J-DK, STM32U5A9NJH6Q, STM32U5A9VJT6Q, STM32U5A9ZJT6Q, STM32U5A9ZJY6QTR, STM32U5F7VIT6, STM32U5F7VIT6Q, STM32U5F7VJT6, STM32U5F7VJT6Q, STM32U5F9BJY6QTR, STM32U5F9NJH6Q, STM32U5F9VIT6Q, STM32U5F9VJT6Q, STM32U5F9ZIJ6QTR, STM32U5F9ZIT6Q, STM32U5F9ZJJ6QTR, STM32U5F9ZJT6Q, STM32U5G7VJT6, STM32U5G7VJT6Q, STM32U5G9BJY6QTR, STM32U5G9J-DK1, STM32U5G9J-DK2, STM32U5G9NJH6Q, STM32U5G9VJT6Q, STM32U5G9ZJJ6QTR, STM32U5G9ZJT6Q, STM32WB05KZV6TR, STM32WB05KZV7TR, STM32WB05TZF6TR, STM32WB05TZF7TR, STM32WB06CCF6TR, STM32WB06CCF7TR, STM32WB06CCV6TR, STM32WB06CCV7TR, STM32WB06KCV6TR, STM32WB06KCV7TR, STM32WB07CCF6TR, STM32WB07CCF7TR, STM32WB07CCV6TR, STM32WB07CCV7TR, STM32WB07KCV6TR, STM32WB07KCV7TR, STM32WB09KEV6TR, STM32WB09KEV7TR, STM32WB09TEF6TR, STM32WB09TEF7TR, STM32WB1MMCH6, STM32WBA50KGU6, STM32WBA50KGU6TR, STM32WBA52CEU6, STM32WBA52CEU6TR, STM32WBA52CEU7, STM32WBA52CEU7TR, STM32WBA52CGU6, STM32WBA52CGU6TR, STM32WBA52CGU6U, STM32WBA52CGU7, STM32WBA52CGU7TR, STM32WBA52KEU6, STM32WBA52KEU6TR, STM32WBA52KGU6, STM32WBA52KGU6TR, STM32WBA54CEU6, STM32WBA54CEU6TR, STM32WBA54CEU7, STM32WBA54CEU7TR, STM32WBA54CGU6, STM32WBA54CGU6TR, STM32WBA54CGU7, STM32WBA54CGU7TR, STM32WBA54KEU6, STM32WBA54KEU6TR, STM32WBA54KEU7, STM32WBA54KEU7TR, STM32WBA54KGU6, STM32WBA54KGU6TR, STM32WBA54KGU7, STM32WBA54KGU7TR, STM32WBA55CEU6, STM32WBA55CEU6TR, STM32WBA55CEU7, STM32WBA55CEU7TR, STM32WBA55CGU6, STM32WBA55CGU6TR, STM32WBA55CGU6U, STM32WBA55CGU7, STM32WBA55CGU7TR, STM32WBA55G-DK1, STM32WBA55HEF6, STM32WBA55HEF7, STM32WBA55HGF6, STM32WBA55HGF7, STM32WBA55UEI6, STM32WBA55UEI6TR, STM32WBA55UEI7, STM32WBA55UEI7TR, STM32WBA55UGI6, STM32WBA55UGI6TR, STM32WBA55UGI7, STM32WBA55UGI7TR, STM32WL5MOCH6, STM32WL5MOCH6TR]
2024-10-06 16:55:13,737 [INFO] BoardInfo:889 - No configuration file found for board P-NUCLEO-WB55
2024-10-06 16:55:13,737 [INFO] DbBoards:161 - Kit is not supported: P-NUCLEO-WB55
2024-10-06 16:55:13,741 [INFO] BoardInfo:889 - No configuration file found for board STEVAL-BFA001V1B
2024-10-06 16:55:13,741 [INFO] DbBoards:161 - Kit is not supported: STEVAL-BFA001V1B
2024-10-06 16:55:13,742 [INFO] BoardInfo:889 - No configuration file found for board STEVAL-BFA001V2B
2024-10-06 16:55:13,742 [INFO] DbBoards:161 - Kit is not supported: STEVAL-BFA001V2B
2024-10-06 16:55:13,848 [INFO] DbBoards:168 - Found 201 boards, 198 are supported
2024-10-06 16:55:13,848 [INFO] DbBoards:169 - Found 201 boards, 25 of them is supported for  Bsp
2024-10-06 16:55:13,850 [INFO] ApiDb:668 - CubeFinder database Data Model version=2.1
2024-10-06 16:55:13,850 [INFO] ApiDb:669 - CubeFinder database Configuration version=3.0.39
2024-10-06 16:55:13,850 [INFO] ApiDb:670 - CubeFinder database generation date=2024-09-16 (1726485674)
2024-10-06 16:55:13,850 [INFO] ApiDb:671 - CubeFinder database FW Pack versions=[FP-ATR-ASTRA1_V2.0.0, FP-SNS-FLIGHT1_V5.0.2, FP-SNS-MOTENV1_V5.0.0, FP-SNS-MOTENVWB1_V1.4.0, FP-SNS-SMARTAG2_V1.2.0, FP-SNS-STBOX1_V2.0.0, STM32Cube_FW_C0_V1.2.0, STM32Cube_FW_F4_V1.28.1, STM32Cube_FW_F7_V1.17.2, STM32Cube_FW_G0_V1.6.2, STM32Cube_FW_G4_V1.6.0, STM32Cube_FW_H5_V1.3.0, STM32Cube_FW_H7RS_V1.1.0, STM32Cube_FW_H7_V1.11.2, STM32Cube_FW_L0_V1.12.2, STM32Cube_FW_L5_V1.5.1, STM32Cube_FW_U0_V1.1.0, STM32Cube_FW_U5_V1.6.0, STM32Cube_FW_WB0_V1.0.0, STM32Cube_FW_WBA_V1.4.1, STM32Cube_FW_WB_V1.20.0, STM32Cube_FW_WL_V1.3.0, X-CUBE-ALGOBUILD_V1.4.0, X-CUBE-ALS_V1.0.2, X-CUBE-AZRTOS-F4_V1.1.0, X-CUBE-AZRTOS-F7_V1.1.0, X-CUBE-AZRTOS-G0_V1.1.0, X-CUBE-AZRTOS-G4_V2.0.0, X-CUBE-AZRTOS-H7RS_V1.0.0, X-CUBE-AZRTOS-H7_V3.2.0, X-CUBE-AZRTOS-L4_V2.0.0, X-CUBE-AZRTOS-L5_V2.0.0, X-CUBE-AZRTOS-WB_V2.0.0, X-CUBE-AZRTOS-WL_V2.0.0, X-CUBE-BLE1_V7.0.0, X-CUBE-BLE2_V3.3.0, X-CUBE-BLEMGR_V3.1.0, X-CUBE-EEPRMA1_V5.1.0, X-CUBE-FREERTOS_V1.2.0, X-CUBE-GNSS1_V6.0.0, X-CUBE-MEMS1_V11.0.0, X-CUBE-NFC4_V3.0.0, X-CUBE-NFC7_V1.0.1, X-CUBE-SFXS2LP1_V4.0.0, X-CUBE-SUBG2_V5.0.0, X-CUBE-TOF1_V3.4.2]
2024-10-06 16:55:15,671 [INFO] ApiDb:240 - Found 646 in-development CPN: [B-G473E-ZEST1S, B-WB1M-WPAN1, B-WL5M-SUBG1, NUCLEO-C031C6, NUCLEO-C071RB, NUCLEO-H503RB, NUCLEO-H533RE, NUCLEO-H563ZI, NUCLEO-H7S3L8, NUCLEO-U031R8, NUCLEO-U083RC, NUCLEO-U545RE-Q, NUCLEO-U5A5ZJ-Q, NUCLEO-WB05KZ, NUCLEO-WB07CC, NUCLEO-WB09KE, NUCLEO-WBA52CG, NUCLEO-WBA55CG, STEVAL-PROTEUS1, STEVAL-SMARTAG2, STEVAL-STWINBX1, STM320518-EVAL, STM32C0116-DK, STM32C011D6Y3TR, STM32C011D6Y6TR, STM32C011F4P3, STM32C011F4P6, STM32C011F4U3, STM32C011F4U6TR, STM32C011F6P3, STM32C011F6P6, STM32C011F6U3, STM32C011F6U6TR, STM32C011J4M3, STM32C011J4M6, STM32C011J6M3, STM32C011J6M6, STM32C0316-DK, STM32C031C4T3, STM32C031C4T6, STM32C031C4U3, STM32C031C4U6, STM32C031C6T3, STM32C031C6T6, STM32C031C6U3, STM32C031C6U6, STM32C031F4P3, STM32C031F4P6, STM32C031F6P3, STM32C031F6P6, STM32C031G4U3, STM32C031G4U6, STM32C031G6U3, STM32C031G6U6, STM32C031K4T3, STM32C031K4T6, STM32C031K4U3, STM32C031K4U6, STM32C031K6T3, STM32C031K6T6, STM32C031K6U3, STM32C031K6U6, STM32C071C8T6, STM32C071C8T6N, STM32C071C8U6, STM32C071C8U6N, STM32C071CBT6, STM32C071CBT6N, STM32C071CBU6, STM32C071CBU6N, STM32C071F8P6, STM32C071F8P6N, STM32C071FBP6, STM32C071FBP6N, STM32C071FBY6TR, STM32C071G8U6, STM32C071G8U6N, STM32C071GBU6, STM32C071GBU6N, STM32C071K8T6, STM32C071K8T6N, STM32C071K8U6, STM32C071K8U6N, STM32C071KBT6, STM32C071KBT6N, STM32C071KBU6, STM32C071KBU6N, STM32C071R8T6, STM32C071R8T6N, STM32C071RBI6N, STM32C071RBT6, STM32C071RBT6N, STM32G071K8TXN, STM32G071K8UXN, STM32G081GBU6N, STM32G081KBT6N, STM32G081KBUXN, STM32G0B1CCT6N, STM32G0B1KCT6, STM32G0B1NEY6TR, STM32G0B1RCT6N, STM32G0C1CCT6, STM32G0C1CCT6N, STM32G0C1CCU6N, STM32G0C1CET6N, STM32G0C1CEU6N, STM32G0C1KCT6, STM32G0C1NEY6TR, STM32G0C1RCI6N, STM32G0C1RCT6N, STM32G0C1REI6N, STM32G0C1RET6N, STM32G0C1VCI6, STM32G0C1VEI6, STM32G411C6T3, STM32G411C6T6, STM32G411C6U3, STM32G411C6U6, STM32G411C8T3, STM32G411C8T6, STM32G411C8U3, STM32G411C8U6, STM32G411CBT3, STM32G411CBT6, STM32G411CBU3, STM32G411CBU6, STM32G411K6T3, STM32G411K6T6, STM32G411K6U3, STM32G411K6U6, STM32G411K8T3, STM32G411K8T6, STM32G411K8U3, STM32G411K8U6, STM32G411KBT3, STM32G411KBT6, STM32G411KBU3, STM32G411KBU6, STM32G411M6T3, STM32G411M6T6, STM32G411M8T3, STM32G411M8T6, STM32G411MBT3, STM32G411MBT6, STM32G411R6T3, STM32G411R6T6, STM32G411R8T3, STM32G411R8T6, STM32G411RBT3, STM32G411RBT6, STM32G414CBT3, STM32G414CBT6, STM32G414CBU3, STM32G414CBU6, STM32G414CCT3, STM32G414CCT6, STM32G414CCU3, STM32G414CCU6, STM32G414MBT3, STM32G414MBT6, STM32G414MCT3, STM32G414MCT6, STM32G414RBT3, STM32G414RBT6, STM32G414RCT3, STM32G414RCT6, STM32G414VBT3, STM32G414VBT6, STM32G414VCT3, STM32G414VCT6, STM32G431CBT3Z, STM32G431RBT3Z, STM32G471CCT6, STM32G471CCU6, STM32G471CET3, STM32G471CET6, STM32G471CEU3, STM32G471CEU6, STM32G471MCT6, STM32G471MET3, STM32G471MET6, STM32G471MEY6TR, STM32G471QCT6, STM32G471QET3, STM32G471RCT6, STM32G471RET3, STM32G471RET6, STM32G471VCH6, STM32G471VCI6, STM32G471VCT6, STM32G471VEH3, STM32G471VEH6, STM32G471VEI3, STM32G471VEI6, STM32G471VET3, STM32G471VET6, STM32G473QET3Z, STM32G473RET3Z, STM32G474CCT6, STM32G491RET3Z, STM32H503CBT6, STM32H503CBU6, STM32H503EBY6TR, STM32H503KBU6, STM32H503RBT6, STM32H523CCT6, STM32H523CCU6, STM32H523CET6, STM32H523CEU6, STM32H523HEY6TR, STM32H523RCT6, STM32H523RET6, STM32H523VCI6, STM32H523VCT6, STM32H523VEI6, STM32H523VET6, STM32H523ZCJ6, STM32H523ZCT6, STM32H523ZEJ6, STM32H523ZET6, STM32H533CET6, STM32H533CEU6, STM32H533HEY6TR, STM32H533RET6, STM32H533VEI6, STM32H533VET6, STM32H533ZEJ6, STM32H533ZET6, STM32H562AGI6, STM32H562AII6, STM32H562IGK6, STM32H562IGT6, STM32H562IIK6, STM32H562IIT6, STM32H562RGT6, STM32H562RGV6, STM32H562RIT6, STM32H562RIV6, STM32H562VGT6, STM32H562VIT6, STM32H562ZGT6, STM32H562ZIT6, STM32H563AGI6, STM32H563AII3Q, STM32H563AII6, STM32H563IGK6, STM32H563IGT6, STM32H563IIK3Q, STM32H563IIK6, STM32H563IIT3Q, STM32H563IIT6, STM32H563MIY3QTR, STM32H563RGT6, STM32H563RGV6, STM32H563RIT6, STM32H563RIV6, STM32H563VGT6, STM32H563VIT3Q, STM32H563VIT6, STM32H563ZGT6, STM32H563ZIT3Q, STM32H563ZIT6, STM32H573AII3Q, STM32H573AII6, STM32H573I-DK, STM32H573IIK3Q, STM32H573IIK6, STM32H573IIT3Q, STM32H573IIT6, STM32H573MIY3QTR, STM32H573RIT6, STM32H573RIV6, STM32H573VIT3Q, STM32H573VIT6, STM32H573ZIT3Q, STM32H573ZIT6, STM32H7R3A8I6, STM32H7R3I8K6, STM32H7R3I8T6, STM32H7R3L8H6, STM32H7R3L8H6H, STM32H7R3R8V6, STM32H7R3V8H6, STM32H7R3V8T6, STM32H7R3V8Y6TR, STM32H7R3Z8J6, STM32H7R3Z8T6, STM32H7R7A8I6, STM32H7R7I8K6, STM32H7R7I8T6, STM32H7R7L8H6, STM32H7R7L8H6H, STM32H7R7Z8J6, STM32H7S3A8I6, STM32H7S3I8K6, STM32H7S3I8T6, STM32H7S3L8H6, STM32H7S3L8H6H, STM32H7S3R8V6, STM32H7S3V8H6, STM32H7S3V8T6, STM32H7S3V8Y6TR, STM32H7S3Z8J6, STM32H7S3Z8T6, STM32H7S78-DK, STM32H7S7A8I6, STM32H7S7I8K6, STM32H7S7I8T6, STM32H7S7L8H6, STM32H7S7L8H6H, STM32H7S7Z8J6, STM32L4R5QGI6STR, STM32MP131AAE3, STM32MP131AAF3, STM32MP131AAG3, STM32MP131CAE3, STM32MP131CAF3, STM32MP131CAG3, STM32MP131DAE7, STM32MP131DAF7, STM32MP131DAG7, STM32MP131FAE7, STM32MP131FAF7, STM32MP131FAG7, STM32MP133AAE3, STM32MP133AAF3, STM32MP133AAG3, STM32MP133CAE3, STM32MP133CAF3, STM32MP133CAG3, STM32MP133DAE7, STM32MP133DAF7, STM32MP133DAG7, STM32MP133FAE7, STM32MP133FAF7, STM32MP133FAG7, STM32MP135AAE3, STM32MP135AAF3, STM32MP135AAG3, STM32MP135CAE3, STM32MP135CAF3, STM32MP135CAG3, STM32MP135DAE7, STM32MP135DAF7, STM32MP135DAG7, STM32MP135F-DK, STM32MP135FAE7, STM32MP135FAF7, STM32MP135FAF7T, STM32MP135FAF7U, STM32MP135FAG7, STM32MP251AAI3, STM32MP251AAK3, STM32MP251AAL3, STM32MP251CAI3, STM32MP251CAK3, STM32MP251CAL3, STM32MP251DAI3, STM32MP251DAK3, STM32MP251DAL3, STM32MP251FAI3, STM32MP251FAK3, STM32MP251FAL3, STM32MP253AAI3, STM32MP253AAK3, STM32MP253AAL3, STM32MP253CAI3, STM32MP253CAK3, STM32MP253CAL3, STM32MP253DAI3, STM32MP253DAK3, STM32MP253DAL3, STM32MP253FAI3, STM32MP253FAK3, STM32MP253FAL3, STM32MP255AAI3, STM32MP255AAK3, STM32MP255AAL3, STM32MP255CAI3, STM32MP255CAK3, STM32MP255CAL3, STM32MP255DAI3, STM32MP255DAK3, STM32MP255DAL3, STM32MP255FAI3, STM32MP255FAK3, STM32MP255FAL3, STM32MP257AAI3, STM32MP257AAK3, STM32MP257AAL3, STM32MP257CAI3, STM32MP257CAK3, STM32MP257CAL3, STM32MP257DAI3, STM32MP257DAK3, STM32MP257DAL3, STM32MP257F-DK, STM32MP257F-EV1, STM32MP257FAI3, STM32MP257FAK3, STM32MP257FAL3, STM32U031C6T6, STM32U031C6U6, STM32U031C8T6, STM32U031C8U6, STM32U031F4P6, STM32U031F6P6, STM32U031F8P6, STM32U031G6Y6TR, STM32U031G8Y6TR, STM32U031K4U6, STM32U031K6U6, STM32U031K8U6, STM32U031R6I6, STM32U031R6T6, STM32U031R8I6, STM32U031R8T6, STM32U073C8T6, STM32U073C8U6, STM32U073CBT6, STM32U073CBU6, STM32U073CCT6, STM32U073CCU6, STM32U073H8Y6TR, STM32U073HBY6TR, STM32U073HCY6TR, STM32U073K8U6, STM32U073KBU6, STM32U073KCU6, STM32U073M8I6, STM32U073M8T6, STM32U073MBI6, STM32U073MBT6, STM32U073MCI6, STM32U073MCT6, STM32U073R8I6, STM32U073R8T6, STM32U073RBI6, STM32U073RBT6, STM32U073RCI6, STM32U073RCT6, STM32U083C-DK, STM32U083CCT6, STM32U083CCU6, STM32U083HCY6TR, STM32U083KCU6, STM32U083MCI6, STM32U083MCT6, STM32U083RCI6, STM32U083RCT6, STM32U535CBT6, STM32U535CBT6Q, STM32U535CBU6, STM32U535CBU6Q, STM32U535CCT6, STM32U535CCT6Q, STM32U535CCU6, STM32U535CCU6Q, STM32U535CET6, STM32U535CET6Q, STM32U535CEU6, STM32U535CEU6Q, STM32U535JEY6QTR, STM32U535NCY6QTR, STM32U535NEY6QTR, STM32U535RBI6, STM32U535RBI6Q, STM32U535RBT6, STM32U535RBT6Q, STM32U535RCI6, STM32U535RCI6Q, STM32U535RCT6, STM32U535RCT6Q, STM32U535REI6, STM32U535REI6Q, STM32U535RET6, STM32U535RET6Q, STM32U535VCI6, STM32U535VCI6Q, STM32U535VCT6, STM32U535VCT6Q, STM32U535VEI6, STM32U535VEI6Q, STM32U535VET6, STM32U535VET6Q, STM32U545CET6, STM32U545CET6Q, STM32U545CEU6, STM32U545CEU6Q, STM32U545JEY6QTR, STM32U545NEY6QTR, STM32U545REI6, STM32U545REI6Q, STM32U545RET6, STM32U545RET6Q, STM32U545VEI6, STM32U545VEI6Q, STM32U545VET6, STM32U545VET6Q, STM32U595AIH6, STM32U595AIH6Q, STM32U595AJH6, STM32U595AJH6Q, STM32U595QII6, STM32U595QII6Q, STM32U595QJI6, STM32U595QJI6Q, STM32U595RIT6, STM32U595RIT6Q, STM32U595RJT6, STM32U595RJT6Q, STM32U595VIT6, STM32U595VIT6Q, STM32U595VJT6, STM32U595VJT6Q, STM32U595ZIT6, STM32U595ZIT6Q, STM32U595ZIY6QTR, STM32U595ZJT6, STM32U595ZJT6Q, STM32U595ZJY6QTR, STM32U599BJY6QTR, STM32U599NIH6Q, STM32U599NJH6Q, STM32U599VIT6Q, STM32U599VJT6, STM32U599VJT6Q, STM32U599ZIT6Q, STM32U599ZIY6QTR, STM32U599ZJT6Q, STM32U599ZJY6QTR, STM32U5A5AJH6, STM32U5A5AJH6Q, STM32U5A5QII3Q , STM32U5A5QJI6, STM32U5A5QJI6Q, STM32U5A5RJT6, STM32U5A5RJT6Q, STM32U5A5VJT6, STM32U5A5VJT6Q, STM32U5A5ZJT6, STM32U5A5ZJT6Q, STM32U5A5ZJY6QTR, STM32U5A9BJY6QTR, STM32U5A9J-DK, STM32U5A9NJH6Q, STM32U5A9VJT6Q, STM32U5A9ZJT6Q, STM32U5A9ZJY6QTR, STM32U5F7VIT6, STM32U5F7VIT6Q, STM32U5F7VJT6, STM32U5F7VJT6Q, STM32U5F9BJY6QTR, STM32U5F9NJH6Q, STM32U5F9VIT6Q, STM32U5F9VJT6Q, STM32U5F9ZIJ6QTR, STM32U5F9ZIT6Q, STM32U5F9ZJJ6QTR, STM32U5F9ZJT6Q, STM32U5G7VJT6, STM32U5G7VJT6Q, STM32U5G9BJY6QTR, STM32U5G9J-DK1, STM32U5G9J-DK2, STM32U5G9NJH6Q, STM32U5G9VJT6Q, STM32U5G9ZJJ6QTR, STM32U5G9ZJT6Q, STM32WB05KZV6TR, STM32WB05KZV7TR, STM32WB05TZF6TR, STM32WB05TZF7TR, STM32WB06CCF6TR, STM32WB06CCF7TR, STM32WB06CCV6TR, STM32WB06CCV7TR, STM32WB06KCV6TR, STM32WB06KCV7TR, STM32WB07CCF6TR, STM32WB07CCF7TR, STM32WB07CCV6TR, STM32WB07CCV7TR, STM32WB07KCV6TR, STM32WB07KCV7TR, STM32WB09KEV6TR, STM32WB09KEV7TR, STM32WB09TEF6TR, STM32WB09TEF7TR, STM32WB1MMCH6, STM32WBA50KGU6, STM32WBA50KGU6TR, STM32WBA52CEU6, STM32WBA52CEU6TR, STM32WBA52CEU7, STM32WBA52CEU7TR, STM32WBA52CGU6, STM32WBA52CGU6TR, STM32WBA52CGU6U, STM32WBA52CGU7, STM32WBA52CGU7TR, STM32WBA52KEU6, STM32WBA52KEU6TR, STM32WBA52KGU6, STM32WBA52KGU6TR, STM32WBA54CEU6, STM32WBA54CEU6TR, STM32WBA54CEU7, STM32WBA54CEU7TR, STM32WBA54CGU6, STM32WBA54CGU6TR, STM32WBA54CGU7, STM32WBA54CGU7TR, STM32WBA54KEU6, STM32WBA54KEU6TR, STM32WBA54KEU7, STM32WBA54KEU7TR, STM32WBA54KGU6, STM32WBA54KGU6TR, STM32WBA54KGU7, STM32WBA54KGU7TR, STM32WBA55CEU6, STM32WBA55CEU6TR, STM32WBA55CEU7, STM32WBA55CEU7TR, STM32WBA55CGU6, STM32WBA55CGU6TR, STM32WBA55CGU6U, STM32WBA55CGU7, STM32WBA55CGU7TR, STM32WBA55G-DK1, STM32WBA55HEF6, STM32WBA55HEF7, STM32WBA55HGF6, STM32WBA55HGF7, STM32WBA55UEI6, STM32WBA55UEI6TR, STM32WBA55UEI7, STM32WBA55UEI7TR, STM32WBA55UGI6, STM32WBA55UGI6TR, STM32WBA55UGI7, STM32WBA55UGI7TR, STM32WL5MOCH6, STM32WL5MOCH6TR]
2024-10-06 16:55:15,674 [INFO] DbMcus:218 - Found 4252 MCUs, 4252 are supported
2024-10-06 16:55:15,674 [INFO] ApiDb:423 - Load user favorites file /home/cdelong/.stm32cubeide/favorites.mcus.txt: 0 item(s)
2024-10-06 16:55:15,674 [INFO] ApiDb:427 - User favorites MCUs=[]
2024-10-06 16:55:15,674 [INFO] DbMcus:224 - Set 0 / 0 favorites MCUs
2024-10-06 16:55:15,886 [INFO] ApiDb:423 - Load user favorites file /home/cdelong/.stm32cubeide/favorites.boards.txt: 0 item(s)
2024-10-06 16:55:15,886 [INFO] ApiDb:427 - User favorites Boards=[]
2024-10-06 16:55:15,886 [INFO] DbBoards:198 - Set 0 / 0 favorites Boards
2024-10-06 16:55:15,956 [INFO] UtilMem:75 - End LoadConfig() Used Memory: 418124216 Bytes (533725184)
2024-10-06 16:55:16,255 [WARN] ThirdParty:833 - waiting for thirdparty lock release [change project]
2024-10-06 16:55:16,256 [INFO] ThirdParty:835 - entering critical section [change project]
2024-10-06 16:55:16,256 [INFO] ThirdParty:1030 - CMSIS Pack Vendor :STMicroelectronics USBPD 4.1
2024-10-06 16:55:16,256 [INFO] ThirdParty:1030 - CMSIS Pack Vendor :STMicroelectronics X-CUBE-AZRTOS-H7 3.3.0
2024-10-06 16:55:16,256 [INFO] ThirdParty:1030 - CMSIS Pack Vendor :STMicroelectronics X-CUBE-NFC9 1.0.0
2024-10-06 16:55:16,256 [INFO] ThirdParty:1030 - CMSIS Pack Vendor :STMicroelectronics USB_HOST 2.0.0
2024-10-06 16:55:16,256 [INFO] ThirdParty:1030 - CMSIS Pack Vendor :STMicroelectronics FP-SNS-MOTENVWB1 1.4.0
2024-10-06 16:55:16,256 [INFO] ThirdParty:1030 - CMSIS Pack Vendor :STMicroelectronics X-CUBE-AZRTOS-F4 1.1.0
2024-10-06 16:55:16,256 [INFO] ThirdParty:1030 - CMSIS Pack Vendor :STMicroelectronics LIBJPEG 8.0.0
2024-10-06 16:55:16,256 [INFO] ThirdParty:1030 - CMSIS Pack Vendor :STMicroelectronics X-CUBE-SMBUS 2.1.0
2024-10-06 16:55:16,256 [INFO] ThirdParty:1030 - CMSIS Pack Vendor :STMicroelectronics X-CUBE-WB05N 1.1.0
2024-10-06 16:55:16,256 [INFO] ThirdParty:1030 - CMSIS Pack Vendor :STMicroelectronics USB_DEVICE 3.0.0
2024-10-06 16:55:16,256 [INFO] ThirdParty:1030 - CMSIS Pack Vendor :STMicroelectronics X-CUBE-TCPP 4.1.0
2024-10-06 16:55:16,256 [INFO] ThirdParty:1030 - CMSIS Pack Vendor :STMicroelectronics X-CUBE-ISPU 2.1.0
2024-10-06 16:55:16,256 [INFO] ThirdParty:1030 - CMSIS Pack Vendor :STMicroelectronics X-CUBE-FREERTOS 1.2.0
2024-10-06 16:55:16,256 [INFO] ThirdParty:1030 - CMSIS Pack Vendor :STMicroelectronics X-CUBE-IPS 3.0.0
2024-10-06 16:55:16,256 [INFO] ThirdParty:1030 - CMSIS Pack Vendor :STMicroelectronics X-CUBE-AZRTOS-WB 2.0.0
2024-10-06 16:55:16,256 [INFO] ThirdParty:1030 - CMSIS Pack Vendor :STMicroelectronics X-CUBE-GNSS1 7.0.0
2024-10-06 16:55:16,256 [INFO] ThirdParty:1030 - CMSIS Pack Vendor :STMicroelectronics X-CUBE-AZRTOS-F7 1.1.0
2024-10-06 16:55:16,256 [INFO] ThirdParty:1030 - CMSIS Pack Vendor :STMicroelectronics X-CUBE-AZRTOS-L5 2.0.0
2024-10-06 16:55:16,256 [INFO] ThirdParty:1030 - CMSIS Pack Vendor :STMicroelectronics USB_DEVICE 2.0.0
2024-10-06 16:55:16,256 [INFO] ThirdParty:1030 - CMSIS Pack Vendor :STMicroelectronics X-CUBE-NFC6 3.1.0
2024-10-06 16:55:16,256 [INFO] ThirdParty:1030 - CMSIS Pack Vendor :STMicroelectronics FP-SNS-STBOX1 2.0.0
2024-10-06 16:55:16,257 [INFO] ThirdParty:1030 - CMSIS Pack Vendor :STMicroelectronics X-CUBE-MEMS1 11.0.0
2024-10-06 16:55:16,257 [INFO] ThirdParty:1030 - CMSIS Pack Vendor :STMicroelectronics FreeRTOS 0.0.1
2024-10-06 16:55:16,257 [INFO] ThirdParty:1030 - CMSIS Pack Vendor :STMicroelectronics X-CUBE-AZRTOS-G0 1.1.0
2024-10-06 16:55:16,257 [INFO] ThirdParty:1030 - CMSIS Pack Vendor :STMicroelectronics X-CUBE-SAFEA1 1.2.2
2024-10-06 16:55:16,257 [INFO] ThirdParty:1030 - CMSIS Pack Vendor :STMicroelectronics X-CUBE-NFC4 3.0.0
2024-10-06 16:55:16,257 [INFO] ThirdParty:1030 - CMSIS Pack Vendor :STMicroelectronics X-CUBE-DPower 1.2.0
2024-10-06 16:55:16,257 [INFO] ThirdParty:1030 - CMSIS Pack Vendor :STMicroelectronics X-CUBE-SUBG2 5.0.0
2024-10-06 16:55:16,257 [INFO] ThirdParty:1030 - CMSIS Pack Vendor :STMicroelectronics STM32_WPAN 1.0.0
2024-10-06 16:55:16,257 [INFO] ThirdParty:1030 - CMSIS Pack Vendor :EmbeddedOffice I-CUBE-FS-RTOS 1.0.1
2024-10-06 16:55:16,257 [INFO] ThirdParty:1030 - CMSIS Pack Vendor :STMicroelectronics lwIP 2.0.3
2024-10-06 16:55:16,257 [INFO] ThirdParty:1030 - CMSIS Pack Vendor :STMicroelectronics FP-SNS-FLIGHT1 5.0.2
2024-10-06 16:55:16,257 [INFO] ThirdParty:1030 - CMSIS Pack Vendor :Cesanta I-CUBE-Mongoose 7.13.0
2024-10-06 16:55:16,257 [INFO] ThirdParty:1030 - CMSIS Pack Vendor :STMicroelectronics USB_HOST 1.0.0
2024-10-06 16:55:16,257 [INFO] ThirdParty:1030 - CMSIS Pack Vendor :STMicroelectronics X-CUBE-AI 9.0.0
2024-10-06 16:55:16,257 [INFO] ThirdParty:1030 - CMSIS Pack Vendor :STMicroelectronics X-CUBE-AZRTOS-G4 2.0.0
2024-10-06 16:55:16,257 [INFO] ThirdParty:1030 - CMSIS Pack Vendor :STMicroelectronics PDM2PCM 3.1.0
2024-10-06 16:55:16,257 [INFO] ThirdParty:1030 - CMSIS Pack Vendor :STMicroelectronics PDM2PCM 3.3.0
2024-10-06 16:55:16,257 [INFO] ThirdParty:1030 - CMSIS Pack Vendor :STMicroelectronics X-CUBE-DISPLAY 3.0.0
2024-10-06 16:55:16,257 [INFO] ThirdParty:1030 - CMSIS Pack Vendor :RealThread X-CUBE-RT-Thread_Nano 4.1.1
2024-10-06 16:55:16,257 [INFO] ThirdParty:1030 - CMSIS Pack Vendor :STMicroelectronics X-CUBE-BLE1 7.0.0
2024-10-06 16:55:16,257 [INFO] ThirdParty:1030 - CMSIS Pack Vendor :STMicroelectronics FP-ATR-SIGFOX1 3.2.0
2024-10-06 16:55:16,257 [INFO] ThirdParty:1030 - CMSIS Pack Vendor :STMicroelectronics X-CUBE-NFC10 1.0.0
2024-10-06 16:55:16,257 [INFO] ThirdParty:1030 - CMSIS Pack Vendor :wolfSSL I-CUBE-wolfSSL 5.7.2
2024-10-06 16:55:16,257 [INFO] ThirdParty:1030 - CMSIS Pack Vendor :STMicroelectronics X-CUBE-EEPRMA1 5.1.0
2024-10-06 16:55:16,257 [INFO] ThirdParty:1030 - CMSIS Pack Vendor :STMicroelectronics HAL Drivers 0.0.0
2024-10-06 16:55:16,257 [INFO] ThirdParty:1030 - CMSIS Pack Vendor :STMicroelectronics MBEDTLS 2.16.2
2024-10-06 16:55:16,257 [INFO] ThirdParty:1030 - CMSIS Pack Vendor :STMicroelectronics X-CUBE-ALS 1.0.2
2024-10-06 16:55:16,257 [INFO] ThirdParty:1030 - CMSIS Pack Vendor :emotas I-CUBE-CANOPEN 1.3.0
2024-10-06 16:55:16,258 [INFO] ThirdParty:1030 - CMSIS Pack Vendor :STMicroelectronics X-CUBE-NFC7 1.0.1
2024-10-06 16:55:16,258 [INFO] ThirdParty:1030 - CMSIS Pack Vendor :STMicroelectronics MBEDTLS 2.14.1
2024-10-06 16:55:16,258 [INFO] ThirdParty:1030 - CMSIS Pack Vendor :ITTIA_DB I-CUBE-ITTIADB 8.9.0
2024-10-06 16:55:16,258 [INFO] ThirdParty:1030 - CMSIS Pack Vendor :STMicroelectronics X-CUBE-TOUCHGFX 4.24.1
2024-10-06 16:55:16,258 [INFO] ThirdParty:1030 - CMSIS Pack Vendor :wolfSSL I-CUBE-wolfTPM 3.4.0
2024-10-06 16:55:16,258 [INFO] ThirdParty:1030 - CMSIS Pack Vendor :portGmbH I-Cube-SoM-uGOAL 1.1.0
2024-10-06 16:55:16,258 [INFO] ThirdParty:1030 - CMSIS Pack Vendor :STMicroelectronics X-CUBE-BLEMGR 3.1.0
2024-10-06 16:55:16,258 [INFO] ThirdParty:1030 - CMSIS Pack Vendor :STMicroelectronics ThreadX 1.0.0
2024-10-06 16:55:16,258 [INFO] ThirdParty:1030 - CMSIS Pack Vendor :STMicroelectronics FP-SNS-SMARTAG2 1.2.0
2024-10-06 16:55:16,258 [INFO] ThirdParty:1030 - CMSIS Pack Vendor :STMicroelectronics X-CUBE-AZRTOS-WL 2.0.0
2024-10-06 16:55:16,258 [INFO] ThirdParty:1030 - CMSIS Pack Vendor :SEGGER I-CUBE-embOS 1.3.1
2024-10-06 16:55:16,258 [INFO] ThirdParty:1030 - CMSIS Pack Vendor :STMicroelectronics X-CUBE-ALGOBUILD 1.4.0
2024-10-06 16:55:16,258 [INFO] ThirdParty:1030 - CMSIS Pack Vendor :STMicroelectronics FP-SNS-MOTENV1 5.0.0
2024-10-06 16:55:16,258 [INFO] ThirdParty:1030 - CMSIS Pack Vendor :STMicroelectronics USB_DEVICE 1.0.0
2024-10-06 16:55:16,258 [INFO] ThirdParty:1030 - CMSIS Pack Vendor :STMicroelectronics X-CUBE-AZRTOS-H7RS 1.0.0
2024-10-06 16:55:16,258 [INFO] ThirdParty:1030 - CMSIS Pack Vendor :wolfSSL I-CUBE-wolfMQTT 1.19.0
2024-10-06 16:55:16,258 [INFO] ThirdParty:1030 - CMSIS Pack Vendor :STMicroelectronics X-CUBE-AZRTOS-L4 2.0.0
2024-10-06 16:55:16,258 [INFO] ThirdParty:1030 - CMSIS Pack Vendor :STMicroelectronics ThreadX 0.0.2
2024-10-06 16:55:16,258 [INFO] ThirdParty:1030 - CMSIS Pack Vendor :WES I-CUBE-Cesium 1.3.0
2024-10-06 16:55:16,259 [INFO] ThirdParty:1030 - CMSIS Pack Vendor :STMicroelectronics FP-ATR-ASTRA1 2.0.0
2024-10-06 16:55:16,259 [INFO] ThirdParty:1030 - CMSIS Pack Vendor :STMicroelectronics lwIP 2.1.2
2024-10-06 16:55:16,259 [INFO] ThirdParty:1030 - CMSIS Pack Vendor :STMicroelectronics X-CUBE-SFXS2LP1 4.0.0
2024-10-06 16:55:16,259 [INFO] ThirdParty:1030 - CMSIS Pack Vendor :STMicroelectronics X-CUBE-BLE2 3.3.0
2024-10-06 16:55:16,259 [INFO] ThirdParty:1030 - CMSIS Pack Vendor :STMicroelectronics X-CUBE-TOF1 3.4.2
2024-10-06 16:55:16,259 [INFO] ThirdParty:1030 - CMSIS Pack Vendor :STMicroelectronics X-CUBE-AI 9.1.0
2024-10-06 16:55:16,259 [INFO] ThirdParty:1030 - CMSIS Pack Vendor :Infineon AIROC-Wi-Fi-Bluetooth-STM32 1.6.1
2024-10-06 16:55:16,259 [INFO] ThirdParty:1030 - CMSIS Pack Vendor :STMicroelectronics PDM2PCM 3.2.0
2024-10-06 16:55:16,259 [INFO] ThirdParty:1030 - CMSIS Pack Vendor :wolfSSL I-CUBE-wolfSSH 1.4.17
2024-10-06 16:55:16,259 [INFO] ThirdParty:841 - exiting critical section [change project]
2024-10-06 16:55:16,508 [INFO] PinOutPanel:1561 - setPackage(No Configuration,No Configuration)
2024-10-06 16:55:16,509 [INFO] PinOutPanel:1561 - setPackage(STM32F405RGTx,LQFP64)
2024-10-06 16:55:16,742 [INFO] UtilMem:75 - Before build in PCC Used Memory: 229630584 Bytes (533725184)
2024-10-06 16:55:17,069 [INFO] UtilMem:75 - After build in PCC Used Memory: 346546864 Bytes (533725184)
2024-10-06 16:55:17,114 [INFO] ApiDbMcu:508 - Load IP Config File for FREERTOS
2024-10-06 16:55:17,136 [INFO] IPUIPlugin:80 - create IPUIPlugin
2024-10-06 16:55:17,136 [INFO] IPUIPlugin:80 - create IPUIPlugin
2024-10-06 16:55:17,136 [INFO] IPUIPlugin:80 - create IPUIPlugin
2024-10-06 16:55:17,136 [INFO] IPUIPlugin:80 - create IPUIPlugin
2024-10-06 16:55:17,136 [INFO] IPUIPlugin:80 - create IPUIPlugin
2024-10-06 16:55:17,136 [INFO] IPUIPlugin:80 - create IPUIPlugin
2024-10-06 16:55:17,137 [INFO] IPUIPlugin:80 - create IPUIPlugin
2024-10-06 16:55:17,137 [INFO] IPUIPlugin:80 - create IPUIPlugin
2024-10-06 16:55:17,137 [INFO] IPUIPlugin:80 - create IPUIPlugin
2024-10-06 16:55:17,137 [INFO] IPUIPlugin:80 - create IPUIPlugin
2024-10-06 16:55:17,137 [INFO] IPUIPlugin:80 - create IPUIPlugin
2024-10-06 16:55:17,137 [INFO] IPUIPlugin:80 - create IPUIPlugin
2024-10-06 16:55:17,137 [INFO] IPUIPlugin:80 - create IPUIPlugin
2024-10-06 16:55:17,137 [INFO] IPUIPlugin:80 - create IPUIPlugin
2024-10-06 16:55:17,137 [INFO] IPUIPlugin:80 - create IPUIPlugin
2024-10-06 16:55:17,137 [INFO] IPUIPlugin:80 - create IPUIPlugin
2024-10-06 16:55:17,138 [INFO] IPUIPlugin:80 - create IPUIPlugin
2024-10-06 16:55:17,138 [INFO] IPUIPlugin:80 - create IPUIPlugin
2024-10-06 16:55:17,138 [INFO] IPUIPlugin:80 - create IPUIPlugin
2024-10-06 16:55:17,138 [INFO] IPUIPlugin:80 - create IPUIPlugin
2024-10-06 16:55:17,138 [INFO] IPUIPlugin:80 - create IPUIPlugin
2024-10-06 16:55:17,138 [INFO] IPUIPlugin:80 - create IPUIPlugin
2024-10-06 16:55:17,138 [INFO] IPUIPlugin:80 - create IPUIPlugin
2024-10-06 16:55:17,138 [INFO] IPUIPlugin:80 - create IPUIPlugin
2024-10-06 16:55:17,139 [INFO] IPUIPlugin:80 - create IPUIPlugin
2024-10-06 16:55:17,139 [INFO] IPUIPlugin:80 - create IPUIPlugin
2024-10-06 16:55:17,139 [INFO] IPUIPlugin:80 - create IPUIPlugin
2024-10-06 16:55:17,139 [INFO] IPUIPlugin:80 - create IPUIPlugin
2024-10-06 16:55:17,139 [INFO] IPUIPlugin:80 - create IPUIPlugin
2024-10-06 16:55:17,139 [INFO] IPUIPlugin:80 - create IPUIPlugin
2024-10-06 16:55:17,139 [INFO] IPUIPlugin:80 - create IPUIPlugin
2024-10-06 16:55:17,139 [INFO] IPUIPlugin:80 - create IPUIPlugin
2024-10-06 16:55:17,140 [INFO] IPUIPlugin:80 - create IPUIPlugin
2024-10-06 16:55:17,140 [INFO] IPUIPlugin:80 - create IPUIPlugin
2024-10-06 16:55:17,140 [INFO] IPUIPlugin:80 - create IPUIPlugin
2024-10-06 16:55:17,140 [INFO] IPUIPlugin:80 - create IPUIPlugin
2024-10-06 16:55:17,140 [INFO] IPUIPlugin:80 - create IPUIPlugin
2024-10-06 16:55:17,140 [INFO] IPUIPlugin:80 - create IPUIPlugin
2024-10-06 16:55:17,140 [INFO] IPUIPlugin:80 - create IPUIPlugin
2024-10-06 16:55:17,140 [INFO] IPUIPlugin:80 - create IPUIPlugin
2024-10-06 16:55:17,141 [INFO] IPUIPlugin:80 - create IPUIPlugin
2024-10-06 16:55:17,141 [INFO] IPUIPlugin:80 - create IPUIPlugin
2024-10-06 16:55:17,141 [INFO] IPUIPlugin:80 - create IPUIPlugin
2024-10-06 16:55:17,141 [INFO] IPUIPlugin:80 - create IPUIPlugin
2024-10-06 16:55:17,141 [INFO] IPUIPlugin:80 - create IPUIPlugin
2024-10-06 16:55:17,141 [INFO] IPUIPlugin:80 - create IPUIPlugin
2024-10-06 16:55:17,142 [INFO] IPUIPlugin:80 - create IPUIPlugin
2024-10-06 16:55:17,142 [INFO] IPUIPlugin:80 - create IPUIPlugin
2024-10-06 16:55:17,142 [INFO] IPUIPlugin:80 - create IPUIPlugin
2024-10-06 16:55:17,142 [INFO] IPUIPlugin:80 - create IPUIPlugin
2024-10-06 16:55:17,143 [INFO] IPUIPlugin:80 - create IPUIPlugin
2024-10-06 16:55:17,143 [INFO] IPUIPlugin:80 - create IPUIPlugin
2024-10-06 16:55:17,143 [INFO] IPUIPlugin:80 - create IPUIPlugin
2024-10-06 16:55:17,144 [INFO] IPUIPlugin:80 - create IPUIPlugin
2024-10-06 16:55:17,149 [INFO] ApiDbMcu:508 - Load IP Config File for PDM2PCM
2024-10-06 16:55:17,152 [WARN] IP:2191 - I2C_Coeff_DF not found: check if there is a RefParameter without a condition.
2024-10-06 16:55:17,152 [WARN] IP:2191 - Analog_Filter not found: check if there is a RefParameter without a condition.
2024-10-06 16:55:17,156 [INFO] I2sManager:658 - 9.6E7
2024-10-06 16:55:17,157 [INFO] I2sManager:195 - I2S Clock Value : 9.6E7
2024-10-06 16:55:17,157 [INFO] I2sManager:553 - AudioClock : 46875Divider : 4Odd : 0
2024-10-06 16:55:17,171 [WARN] FreeRTOS:1023 - Null or empty value: should not occur! (nothing added to the table)
2024-10-06 16:55:17,291 [INFO] CADModel:165 - CPN selected for project levelSTM32F405RGT6
2024-10-06 16:55:17,291 [INFO] CADModel:114 - Register for checkConnection events
2024-10-06 16:55:17,292 [INFO] RtosManager:697 - Active RTOS found at IOC load: FREERTOS [Cortex-M4NS]
2024-10-06 16:55:17,336 [INFO] OpenFileManager:363 - Restore cursor
2024-10-06 16:55:17,466 [WARN] IP:2191 - I2C_Coeff_DF not found: check if there is a RefParameter without a condition.
2024-10-06 16:55:17,466 [WARN] IP:2191 - Analog_Filter not found: check if there is a RefParameter without a condition.
2024-10-06 16:55:17,466 [WARN] IP:2191 - I2C_Coeff_DF not found: check if there is a RefParameter without a condition.
2024-10-06 16:55:17,466 [WARN] IP:2191 - Analog_Filter not found: check if there is a RefParameter without a condition.
2024-10-06 16:55:28,744 [ERROR] LogOutputStream:75 - [STDERR_REDIRECT] Exception in thread "AWT-EventQueue-0" java.lang.ClassCastException: class sun.awt.X11.XEmbeddedFrame cannot be cast to class javax.swing.JFrame (sun.awt.X11.XEmbeddedFrame and javax.swing.JFrame are in module java.desktop of loader 'bootstrap')
2024-10-06 16:55:28,750 [ERROR] LogOutputStream:75 - [STDERR_REDIRECT] 	at com.st.microxplorer.plugins.clock.ClockConfigurationView.activatePlugin(ClockConfigurationView.java:425)
2024-10-06 16:55:28,752 [ERROR] LogOutputStream:75 - [STDERR_REDIRECT] 	at com.st.microxplorer.maingui.MainPanel$1.stateChanged(MainPanel.java:374)
2024-10-06 16:55:28,754 [ERROR] LogOutputStream:75 - [STDERR_REDIRECT] 	at java.desktop/javax.swing.JTabbedPane.fireStateChanged(JTabbedPane.java:444)
2024-10-06 16:55:28,755 [ERROR] LogOutputStream:75 - [STDERR_REDIRECT] 	at java.desktop/javax.swing.JTabbedPane$ModelListener.stateChanged(JTabbedPane.java:295)
2024-10-06 16:55:28,758 [ERROR] LogOutputStream:75 - [STDERR_REDIRECT] 	at java.desktop/javax.swing.DefaultSingleSelectionModel.fireStateChanged(DefaultSingleSelectionModel.java:148)
2024-10-06 16:55:28,758 [ERROR] LogOutputStream:75 - [STDERR_REDIRECT] 	at java.desktop/javax.swing.DefaultSingleSelectionModel.setSelectedIndex(DefaultSingleSelectionModel.java:79)
2024-10-06 16:55:28,759 [ERROR] LogOutputStream:75 - [STDERR_REDIRECT] 	at java.desktop/javax.swing.JTabbedPane.setSelectedIndexImpl(JTabbedPane.java:648)
2024-10-06 16:55:28,760 [ERROR] LogOutputStream:75 - [STDERR_REDIRECT] 	at java.desktop/javax.swing.JTabbedPane.setSelectedIndex(JTabbedPane.java:623)
2024-10-06 16:55:28,761 [ERROR] LogOutputStream:75 - [STDERR_REDIRECT] 	at java.desktop/javax.swing.plaf.basic.BasicTabbedPaneUI$Handler.mousePressed(BasicTabbedPaneUI.java:4101)
2024-10-06 16:55:28,761 [ERROR] LogOutputStream:75 - [STDERR_REDIRECT] 	at java.desktop/java.awt.Component.processMouseEvent(Component.java:6623)
2024-10-06 16:55:28,762 [ERROR] LogOutputStream:75 - [STDERR_REDIRECT] 	at java.desktop/javax.swing.JComponent.processMouseEvent(JComponent.java:3389)
2024-10-06 16:55:28,763 [ERROR] LogOutputStream:75 - [STDERR_REDIRECT] 	at java.desktop/java.awt.Component.processEvent(Component.java:6391)
2024-10-06 16:55:28,765 [ERROR] LogOutputStream:75 - [STDERR_REDIRECT] 	at java.desktop/java.awt.Container.processEvent(Container.java:2266)
2024-10-06 16:55:28,769 [ERROR] LogOutputStream:75 - [STDERR_REDIRECT] 	at java.desktop/java.awt.Component.dispatchEventImpl(Component.java:5001)
2024-10-06 16:55:28,770 [ERROR] LogOutputStream:75 - [STDERR_REDIRECT] 	at java.desktop/java.awt.Container.dispatchEventImpl(Container.java:2324)
2024-10-06 16:55:28,770 [ERROR] LogOutputStream:75 - [STDERR_REDIRECT] 	at java.desktop/java.awt.Component.dispatchEvent(Component.java:4833)
2024-10-06 16:55:28,772 [ERROR] LogOutputStream:75 - [STDERR_REDIRECT] 	at java.desktop/java.awt.LightweightDispatcher.retargetMouseEvent(Container.java:4948)
2024-10-06 16:55:28,773 [ERROR] LogOutputStream:75 - [STDERR_REDIRECT] 	at java.desktop/java.awt.LightweightDispatcher.processMouseEvent(Container.java:4572)
2024-10-06 16:55:28,774 [ERROR] LogOutputStream:75 - [STDERR_REDIRECT] 	at java.desktop/java.awt.LightweightDispatcher.dispatchEvent(Container.java:4516)
2024-10-06 16:55:28,774 [ERROR] LogOutputStream:75 - [STDERR_REDIRECT] 	at java.desktop/java.awt.Container.dispatchEventImpl(Container.java:2310)
2024-10-06 16:55:28,775 [ERROR] LogOutputStream:75 - [STDERR_REDIRECT] 	at java.desktop/java.awt.Component.dispatchEvent(Component.java:4833)
2024-10-06 16:55:28,775 [ERROR] LogOutputStream:75 - [STDERR_REDIRECT] 	at java.desktop/java.awt.EventQueue.dispatchEventImpl(EventQueue.java:775)
2024-10-06 16:55:28,776 [ERROR] LogOutputStream:75 - [STDERR_REDIRECT] 	at java.desktop/java.awt.EventQueue$4.run(EventQueue.java:720)
2024-10-06 16:55:28,776 [ERROR] LogOutputStream:75 - [STDERR_REDIRECT] 	at java.desktop/java.awt.EventQueue$4.run(EventQueue.java:714)
2024-10-06 16:55:28,779 [ERROR] LogOutputStream:75 - [STDERR_REDIRECT] 	at java.base/java.security.AccessController.doPrivileged(AccessController.java:399)
2024-10-06 16:55:28,780 [ERROR] LogOutputStream:75 - [STDERR_REDIRECT] 	at java.base/java.security.ProtectionDomain$JavaSecurityAccessImpl.doIntersectionPrivilege(ProtectionDomain.java:86)
2024-10-06 16:55:28,781 [ERROR] LogOutputStream:75 - [STDERR_REDIRECT] 	at java.base/java.security.ProtectionDomain$JavaSecurityAccessImpl.doIntersectionPrivilege(ProtectionDomain.java:97)
2024-10-06 16:55:28,781 [ERROR] LogOutputStream:75 - [STDERR_REDIRECT] 	at java.desktop/java.awt.EventQueue$5.run(EventQueue.java:747)
2024-10-06 16:55:28,782 [ERROR] LogOutputStream:75 - [STDERR_REDIRECT] 	at java.desktop/java.awt.EventQueue$5.run(EventQueue.java:745)
2024-10-06 16:55:28,784 [ERROR] LogOutputStream:75 - [STDERR_REDIRECT] 	at java.base/java.security.AccessController.doPrivileged(AccessController.java:399)
2024-10-06 16:55:28,784 [ERROR] LogOutputStream:75 - [STDERR_REDIRECT] 	at java.base/java.security.ProtectionDomain$JavaSecurityAccessImpl.doIntersectionPrivilege(ProtectionDomain.java:86)
2024-10-06 16:55:28,785 [ERROR] LogOutputStream:75 - [STDERR_REDIRECT] 	at java.desktop/java.awt.EventQueue.dispatchEvent(EventQueue.java:744)
2024-10-06 16:55:28,786 [ERROR] LogOutputStream:75 - [STDERR_REDIRECT] 	at java.desktop/java.awt.EventDispatchThread.pumpOneEventForFilters(EventDispatchThread.java:203)
2024-10-06 16:55:28,787 [ERROR] LogOutputStream:75 - [STDERR_REDIRECT] 	at java.desktop/java.awt.EventDispatchThread.pumpEventsForFilter(EventDispatchThread.java:124)
2024-10-06 16:55:28,788 [ERROR] LogOutputStream:75 - [STDERR_REDIRECT] 	at java.desktop/java.awt.EventDispatchThread.pumpEventsForHierarchy(EventDispatchThread.java:113)
2024-10-06 16:55:28,789 [ERROR] LogOutputStream:75 - [STDERR_REDIRECT] 	at java.desktop/java.awt.EventDispatchThread.pumpEvents(EventDispatchThread.java:109)
2024-10-06 16:55:28,790 [ERROR] LogOutputStream:75 - [STDERR_REDIRECT] 	at java.desktop/java.awt.EventDispatchThread.pumpEvents(EventDispatchThread.java:101)
2024-10-06 16:55:28,791 [ERROR] LogOutputStream:75 - [STDERR_REDIRECT] 	at java.desktop/java.awt.EventDispatchThread.run(EventDispatchThread.java:90)
2024-10-06 16:56:59,965 [INFO] I2sManager:658 - 9.6E7
2024-10-06 16:56:59,965 [INFO] I2sManager:195 - I2S Clock Value : 9.6E7
2024-10-06 16:56:59,967 [INFO] I2sManager:553 - AudioClock : 46875Divider : 4Odd : 0
2024-10-06 16:57:00,080 [WARN] IP:2191 - I2C_Coeff_DF not found: check if there is a RefParameter without a condition.
2024-10-06 16:57:00,080 [WARN] IP:2191 - Analog_Filter not found: check if there is a RefParameter without a condition.
2024-10-06 16:57:00,081 [WARN] IP:2191 - I2C_Coeff_DF not found: check if there is a RefParameter without a condition.
2024-10-06 16:57:00,082 [WARN] IP:2191 - Analog_Filter not found: check if there is a RefParameter without a condition.
2024-10-06 16:57:01,941 [INFO] I2sManager:658 - 9.6E7
2024-10-06 16:57:01,941 [INFO] I2sManager:195 - I2S Clock Value : 9.6E7
2024-10-06 16:57:01,969 [INFO] I2sManager:553 - AudioClock : 46875Divider : 4Odd : 0
2024-10-06 16:57:16,258 [INFO] I2sManager:658 - 9.6E7
2024-10-06 16:57:16,258 [INFO] I2sManager:195 - I2S Clock Value : 9.6E7
2024-10-06 16:57:16,258 [INFO] I2sManager:553 - AudioClock : 46875Divider : 4Odd : 0
2024-10-06 16:57:48,183 [INFO] NvicIntPanel:101 - NVIC parent = com.st.microxplorer.plugins.ip.nvic.MultiNvicIntPanel[,0,0,811x594,layout=javax.swing.BoxLayout,alignmentX=0.0,alignmentY=0.0,border=,flags=9,maximumSize=,minimumSize=,preferredSize=]
2024-10-06 16:58:02,539 [INFO] I2sManager:658 - 9.6E7
2024-10-06 16:58:02,540 [INFO] I2sManager:195 - I2S Clock Value : 9.6E7
2024-10-06 16:58:02,541 [INFO] I2sManager:553 - AudioClock : 46875Divider : 4Odd : 0
2024-10-06 16:58:08,145 [INFO] NvicIntPanel:101 - NVIC parent = com.st.microxplorer.plugins.ip.nvic.MultiNvicIntPanel[,0,0,811x594,layout=javax.swing.BoxLayout,alignmentX=0.0,alignmentY=0.0,border=,flags=9,maximumSize=,minimumSize=,preferredSize=]
2024-10-06 16:58:16,557 [ERROR] LogOutputStream:75 - [STDERR_REDIRECT] Exception in thread "AWT-EventQueue-0" java.lang.ClassCastException: class sun.awt.X11.XEmbeddedFrame cannot be cast to class javax.swing.JFrame (sun.awt.X11.XEmbeddedFrame and javax.swing.JFrame are in module java.desktop of loader 'bootstrap')
2024-10-06 16:58:16,558 [ERROR] LogOutputStream:75 - [STDERR_REDIRECT] 	at com.st.microxplorer.plugins.clock.ClockConfigurationView.activatePlugin(ClockConfigurationView.java:425)
2024-10-06 16:58:16,561 [ERROR] LogOutputStream:75 - [STDERR_REDIRECT] 	at com.st.microxplorer.maingui.MainPanel$1.stateChanged(MainPanel.java:374)
2024-10-06 16:58:16,562 [ERROR] LogOutputStream:75 - [STDERR_REDIRECT] 	at java.desktop/javax.swing.JTabbedPane.fireStateChanged(JTabbedPane.java:444)
2024-10-06 16:58:16,565 [ERROR] LogOutputStream:75 - [STDERR_REDIRECT] 	at java.desktop/javax.swing.JTabbedPane$ModelListener.stateChanged(JTabbedPane.java:295)
2024-10-06 16:58:16,566 [ERROR] LogOutputStream:75 - [STDERR_REDIRECT] 	at java.desktop/javax.swing.DefaultSingleSelectionModel.fireStateChanged(DefaultSingleSelectionModel.java:148)
2024-10-06 16:58:16,567 [ERROR] LogOutputStream:75 - [STDERR_REDIRECT] 	at java.desktop/javax.swing.DefaultSingleSelectionModel.setSelectedIndex(DefaultSingleSelectionModel.java:79)
2024-10-06 16:58:16,568 [ERROR] LogOutputStream:75 - [STDERR_REDIRECT] 	at java.desktop/javax.swing.JTabbedPane.setSelectedIndexImpl(JTabbedPane.java:648)
2024-10-06 16:58:16,569 [ERROR] LogOutputStream:75 - [STDERR_REDIRECT] 	at java.desktop/javax.swing.JTabbedPane.setSelectedIndex(JTabbedPane.java:623)
2024-10-06 16:58:16,569 [ERROR] LogOutputStream:75 - [STDERR_REDIRECT] 	at java.desktop/javax.swing.plaf.basic.BasicTabbedPaneUI$Handler.mousePressed(BasicTabbedPaneUI.java:4101)
2024-10-06 16:58:16,570 [ERROR] LogOutputStream:75 - [STDERR_REDIRECT] 	at java.desktop/java.awt.Component.processMouseEvent(Component.java:6623)
2024-10-06 16:58:16,570 [ERROR] LogOutputStream:75 - [STDERR_REDIRECT] 	at java.desktop/javax.swing.JComponent.processMouseEvent(JComponent.java:3389)
2024-10-06 16:58:16,571 [ERROR] LogOutputStream:75 - [STDERR_REDIRECT] 	at java.desktop/java.awt.Component.processEvent(Component.java:6391)
2024-10-06 16:58:16,571 [ERROR] LogOutputStream:75 - [STDERR_REDIRECT] 	at java.desktop/java.awt.Container.processEvent(Container.java:2266)
2024-10-06 16:58:16,572 [ERROR] LogOutputStream:75 - [STDERR_REDIRECT] 	at java.desktop/java.awt.Component.dispatchEventImpl(Component.java:5001)
2024-10-06 16:58:16,572 [ERROR] LogOutputStream:75 - [STDERR_REDIRECT] 	at java.desktop/java.awt.Container.dispatchEventImpl(Container.java:2324)
2024-10-06 16:58:16,572 [ERROR] LogOutputStream:75 - [STDERR_REDIRECT] 	at java.desktop/java.awt.Component.dispatchEvent(Component.java:4833)
2024-10-06 16:58:16,573 [ERROR] LogOutputStream:75 - [STDERR_REDIRECT] 	at java.desktop/java.awt.LightweightDispatcher.retargetMouseEvent(Container.java:4948)
2024-10-06 16:58:16,573 [ERROR] LogOutputStream:75 - [STDERR_REDIRECT] 	at java.desktop/java.awt.LightweightDispatcher.processMouseEvent(Container.java:4572)
2024-10-06 16:58:16,574 [ERROR] LogOutputStream:75 - [STDERR_REDIRECT] 	at java.desktop/java.awt.LightweightDispatcher.dispatchEvent(Container.java:4516)
2024-10-06 16:58:16,574 [ERROR] LogOutputStream:75 - [STDERR_REDIRECT] 	at java.desktop/java.awt.Container.dispatchEventImpl(Container.java:2310)
2024-10-06 16:58:16,575 [ERROR] LogOutputStream:75 - [STDERR_REDIRECT] 	at java.desktop/java.awt.Component.dispatchEvent(Component.java:4833)
2024-10-06 16:58:16,575 [ERROR] LogOutputStream:75 - [STDERR_REDIRECT] 	at java.desktop/java.awt.EventQueue.dispatchEventImpl(EventQueue.java:775)
2024-10-06 16:58:16,576 [ERROR] LogOutputStream:75 - [STDERR_REDIRECT] 	at java.desktop/java.awt.EventQueue$4.run(EventQueue.java:720)
2024-10-06 16:58:16,576 [ERROR] LogOutputStream:75 - [STDERR_REDIRECT] 	at java.desktop/java.awt.EventQueue$4.run(EventQueue.java:714)
2024-10-06 16:58:16,576 [ERROR] LogOutputStream:75 - [STDERR_REDIRECT] 	at java.base/java.security.AccessController.doPrivileged(AccessController.java:399)
2024-10-06 16:58:16,577 [ERROR] LogOutputStream:75 - [STDERR_REDIRECT] 	at java.base/java.security.ProtectionDomain$JavaSecurityAccessImpl.doIntersectionPrivilege(ProtectionDomain.java:86)
2024-10-06 16:58:16,577 [ERROR] LogOutputStream:75 - [STDERR_REDIRECT] 	at java.base/java.security.ProtectionDomain$JavaSecurityAccessImpl.doIntersectionPrivilege(ProtectionDomain.java:97)
2024-10-06 16:58:16,578 [ERROR] LogOutputStream:75 - [STDERR_REDIRECT] 	at java.desktop/java.awt.EventQueue$5.run(EventQueue.java:747)
2024-10-06 16:58:16,578 [ERROR] LogOutputStream:75 - [STDERR_REDIRECT] 	at java.desktop/java.awt.EventQueue$5.run(EventQueue.java:745)
2024-10-06 16:58:16,578 [ERROR] LogOutputStream:75 - [STDERR_REDIRECT] 	at java.base/java.security.AccessController.doPrivileged(AccessController.java:399)
2024-10-06 16:58:16,579 [ERROR] LogOutputStream:75 - [STDERR_REDIRECT] 	at java.base/java.security.ProtectionDomain$JavaSecurityAccessImpl.doIntersectionPrivilege(ProtectionDomain.java:86)
2024-10-06 16:58:16,579 [ERROR] LogOutputStream:75 - [STDERR_REDIRECT] 	at java.desktop/java.awt.EventQueue.dispatchEvent(EventQueue.java:744)
2024-10-06 16:58:16,580 [ERROR] LogOutputStream:75 - [STDERR_REDIRECT] 	at java.desktop/java.awt.EventDispatchThread.pumpOneEventForFilters(EventDispatchThread.java:203)
2024-10-06 16:58:16,580 [ERROR] LogOutputStream:75 - [STDERR_REDIRECT] 	at java.desktop/java.awt.EventDispatchThread.pumpEventsForFilter(EventDispatchThread.java:124)
2024-10-06 16:58:16,581 [ERROR] LogOutputStream:75 - [STDERR_REDIRECT] 	at java.desktop/java.awt.EventDispatchThread.pumpEventsForHierarchy(EventDispatchThread.java:113)
2024-10-06 16:58:16,581 [ERROR] LogOutputStream:75 - [STDERR_REDIRECT] 	at java.desktop/java.awt.EventDispatchThread.pumpEvents(EventDispatchThread.java:109)
2024-10-06 16:58:16,581 [ERROR] LogOutputStream:75 - [STDERR_REDIRECT] 	at java.desktop/java.awt.EventDispatchThread.pumpEvents(EventDispatchThread.java:101)
2024-10-06 16:58:16,582 [ERROR] LogOutputStream:75 - [STDERR_REDIRECT] 	at java.desktop/java.awt.EventDispatchThread.run(EventDispatchThread.java:90)
2024-10-06 17:00:40,260 [INFO] I2sManager:658 - 9.6E7
2024-10-06 17:00:40,261 [INFO] I2sManager:195 - I2S Clock Value : 9.6E7
2024-10-06 17:00:40,262 [INFO] I2sManager:553 - AudioClock : 46875Divider : 4Odd : 0
2024-10-06 17:02:11,602 [INFO] I2sManager:658 - 9.6E7
2024-10-06 17:02:11,603 [INFO] I2sManager:195 - I2S Clock Value : 9.6E7
2024-10-06 17:02:11,604 [INFO] I2sManager:553 - AudioClock : 7978Divider : 23Odd : 1
2024-10-06 17:02:11,842 [INFO] NvicIntPanel:101 - NVIC parent = com.st.microxplorer.plugins.ip.nvic.MultiNvicIntPanel[,0,0,0x0,invalid,layout=javax.swing.BoxLayout,alignmentX=0.0,alignmentY=0.0,border=,flags=9,maximumSize=,minimumSize=,preferredSize=]
2024-10-06 17:02:18,135 [ERROR] LogOutputStream:75 - [STDERR_REDIRECT] Exception in thread "AWT-EventQueue-0" java.lang.ClassCastException: class sun.awt.X11.XEmbeddedFrame cannot be cast to class javax.swing.JFrame (sun.awt.X11.XEmbeddedFrame and javax.swing.JFrame are in module java.desktop of loader 'bootstrap')
2024-10-06 17:02:18,136 [ERROR] LogOutputStream:75 - [STDERR_REDIRECT] 	at com.st.microxplorer.plugins.clock.ClockConfigurationView.activatePlugin(ClockConfigurationView.java:425)
2024-10-06 17:02:18,137 [ERROR] LogOutputStream:75 - [STDERR_REDIRECT] 	at com.st.microxplorer.maingui.MainPanel$1.stateChanged(MainPanel.java:374)
2024-10-06 17:02:18,138 [ERROR] LogOutputStream:75 - [STDERR_REDIRECT] 	at java.desktop/javax.swing.JTabbedPane.fireStateChanged(JTabbedPane.java:444)
2024-10-06 17:02:18,140 [ERROR] LogOutputStream:75 - [STDERR_REDIRECT] 	at java.desktop/javax.swing.JTabbedPane$ModelListener.stateChanged(JTabbedPane.java:295)
2024-10-06 17:02:18,141 [ERROR] LogOutputStream:75 - [STDERR_REDIRECT] 	at java.desktop/javax.swing.DefaultSingleSelectionModel.fireStateChanged(DefaultSingleSelectionModel.java:148)
2024-10-06 17:02:18,141 [ERROR] LogOutputStream:75 - [STDERR_REDIRECT] 	at java.desktop/javax.swing.DefaultSingleSelectionModel.setSelectedIndex(DefaultSingleSelectionModel.java:79)
2024-10-06 17:02:18,142 [ERROR] LogOutputStream:75 - [STDERR_REDIRECT] 	at java.desktop/javax.swing.JTabbedPane.setSelectedIndexImpl(JTabbedPane.java:648)
2024-10-06 17:02:18,143 [ERROR] LogOutputStream:75 - [STDERR_REDIRECT] 	at java.desktop/javax.swing.JTabbedPane.setSelectedIndex(JTabbedPane.java:623)
2024-10-06 17:02:18,144 [ERROR] LogOutputStream:75 - [STDERR_REDIRECT] 	at java.desktop/javax.swing.plaf.basic.BasicTabbedPaneUI$Handler.mousePressed(BasicTabbedPaneUI.java:4101)
2024-10-06 17:02:18,144 [ERROR] LogOutputStream:75 - [STDERR_REDIRECT] 	at java.desktop/java.awt.Component.processMouseEvent(Component.java:6623)
2024-10-06 17:02:18,144 [ERROR] LogOutputStream:75 - [STDERR_REDIRECT] 	at java.desktop/javax.swing.JComponent.processMouseEvent(JComponent.java:3389)
2024-10-06 17:02:18,145 [ERROR] LogOutputStream:75 - [STDERR_REDIRECT] 	at java.desktop/java.awt.Component.processEvent(Component.java:6391)
2024-10-06 17:02:18,145 [ERROR] LogOutputStream:75 - [STDERR_REDIRECT] 	at java.desktop/java.awt.Container.processEvent(Container.java:2266)
2024-10-06 17:02:18,146 [ERROR] LogOutputStream:75 - [STDERR_REDIRECT] 	at java.desktop/java.awt.Component.dispatchEventImpl(Component.java:5001)
2024-10-06 17:02:18,146 [ERROR] LogOutputStream:75 - [STDERR_REDIRECT] 	at java.desktop/java.awt.Container.dispatchEventImpl(Container.java:2324)
2024-10-06 17:02:18,146 [ERROR] LogOutputStream:75 - [STDERR_REDIRECT] 	at java.desktop/java.awt.Component.dispatchEvent(Component.java:4833)
2024-10-06 17:02:18,147 [ERROR] LogOutputStream:75 - [STDERR_REDIRECT] 	at java.desktop/java.awt.LightweightDispatcher.retargetMouseEvent(Container.java:4948)
2024-10-06 17:02:18,147 [ERROR] LogOutputStream:75 - [STDERR_REDIRECT] 	at java.desktop/java.awt.LightweightDispatcher.processMouseEvent(Container.java:4572)
2024-10-06 17:02:18,148 [ERROR] LogOutputStream:75 - [STDERR_REDIRECT] 	at java.desktop/java.awt.LightweightDispatcher.dispatchEvent(Container.java:4516)
2024-10-06 17:02:18,148 [ERROR] LogOutputStream:75 - [STDERR_REDIRECT] 	at java.desktop/java.awt.Container.dispatchEventImpl(Container.java:2310)
2024-10-06 17:02:18,149 [ERROR] LogOutputStream:75 - [STDERR_REDIRECT] 	at java.desktop/java.awt.Component.dispatchEvent(Component.java:4833)
2024-10-06 17:02:18,149 [ERROR] LogOutputStream:75 - [STDERR_REDIRECT] 	at java.desktop/java.awt.EventQueue.dispatchEventImpl(EventQueue.java:775)
2024-10-06 17:02:18,149 [ERROR] LogOutputStream:75 - [STDERR_REDIRECT] 	at java.desktop/java.awt.EventQueue$4.run(EventQueue.java:720)
2024-10-06 17:02:18,151 [ERROR] LogOutputStream:75 - [STDERR_REDIRECT] 	at java.desktop/java.awt.EventQueue$4.run(EventQueue.java:714)
2024-10-06 17:02:18,151 [ERROR] LogOutputStream:75 - [STDERR_REDIRECT] 	at java.base/java.security.AccessController.doPrivileged(AccessController.java:399)
2024-10-06 17:02:18,152 [ERROR] LogOutputStream:75 - [STDERR_REDIRECT] 	at java.base/java.security.ProtectionDomain$JavaSecurityAccessImpl.doIntersectionPrivilege(ProtectionDomain.java:86)
2024-10-06 17:02:18,152 [ERROR] LogOutputStream:75 - [STDERR_REDIRECT] 	at java.base/java.security.ProtectionDomain$JavaSecurityAccessImpl.doIntersectionPrivilege(ProtectionDomain.java:97)
2024-10-06 17:02:18,152 [ERROR] LogOutputStream:75 - [STDERR_REDIRECT] 	at java.desktop/java.awt.EventQueue$5.run(EventQueue.java:747)
2024-10-06 17:02:18,153 [ERROR] LogOutputStream:75 - [STDERR_REDIRECT] 	at java.desktop/java.awt.EventQueue$5.run(EventQueue.java:745)
2024-10-06 17:02:18,153 [ERROR] LogOutputStream:75 - [STDERR_REDIRECT] 	at java.base/java.security.AccessController.doPrivileged(AccessController.java:399)
2024-10-06 17:02:18,154 [ERROR] LogOutputStream:75 - [STDERR_REDIRECT] 	at java.base/java.security.ProtectionDomain$JavaSecurityAccessImpl.doIntersectionPrivilege(ProtectionDomain.java:86)
2024-10-06 17:02:18,154 [ERROR] LogOutputStream:75 - [STDERR_REDIRECT] 	at java.desktop/java.awt.EventQueue.dispatchEvent(EventQueue.java:744)
2024-10-06 17:02:18,154 [ERROR] LogOutputStream:75 - [STDERR_REDIRECT] 	at java.desktop/java.awt.EventDispatchThread.pumpOneEventForFilters(EventDispatchThread.java:203)
2024-10-06 17:02:18,155 [ERROR] LogOutputStream:75 - [STDERR_REDIRECT] 	at java.desktop/java.awt.EventDispatchThread.pumpEventsForFilter(EventDispatchThread.java:124)
2024-10-06 17:02:18,155 [ERROR] LogOutputStream:75 - [STDERR_REDIRECT] 	at java.desktop/java.awt.EventDispatchThread.pumpEventsForHierarchy(EventDispatchThread.java:113)
2024-10-06 17:02:18,156 [ERROR] LogOutputStream:75 - [STDERR_REDIRECT] 	at java.desktop/java.awt.EventDispatchThread.pumpEvents(EventDispatchThread.java:109)
2024-10-06 17:02:18,156 [ERROR] LogOutputStream:75 - [STDERR_REDIRECT] 	at java.desktop/java.awt.EventDispatchThread.pumpEvents(EventDispatchThread.java:101)
2024-10-06 17:02:18,156 [ERROR] LogOutputStream:75 - [STDERR_REDIRECT] 	at java.desktop/java.awt.EventDispatchThread.run(EventDispatchThread.java:90)
2024-10-06 17:02:27,946 [INFO] I2sManager:658 - 9.6E7
2024-10-06 17:02:27,947 [INFO] I2sManager:195 - I2S Clock Value : 9.6E7
2024-10-06 17:02:27,948 [INFO] I2sManager:553 - AudioClock : 7978Divider : 23Odd : 1
2024-10-06 17:02:28,042 [WARN] IP:2191 - I2C_Coeff_DF not found: check if there is a RefParameter without a condition.
2024-10-06 17:02:28,042 [WARN] IP:2191 - Analog_Filter not found: check if there is a RefParameter without a condition.
2024-10-06 17:02:28,043 [WARN] IP:2191 - I2C_Coeff_DF not found: check if there is a RefParameter without a condition.
2024-10-06 17:02:28,044 [WARN] IP:2191 - Analog_Filter not found: check if there is a RefParameter without a condition.
2024-10-06 17:02:28,103 [INFO] I2sManager:658 - 9.6E7
2024-10-06 17:02:28,103 [INFO] I2sManager:195 - I2S Clock Value : 9.6E7
2024-10-06 17:02:28,105 [INFO] I2sManager:553 - AudioClock : 7978Divider : 23Odd : 1
2024-10-06 17:02:31,324 [INFO] I2sManager:658 - 9.6E7
2024-10-06 17:02:31,325 [INFO] I2sManager:195 - I2S Clock Value : 9.6E7
2024-10-06 17:02:31,325 [INFO] I2sManager:553 - AudioClock : 7978Divider : 23Odd : 1
2024-10-06 17:02:35,491 [INFO] I2sManager:658 - 9.6E7
2024-10-06 17:02:35,491 [INFO] I2sManager:195 - I2S Clock Value : 9.6E7
2024-10-06 17:02:35,492 [INFO] I2sManager:553 - AudioClock : 7978Divider : 23Odd : 1
2024-10-06 17:02:35,714 [INFO] NvicIntPanel:101 - NVIC parent = com.st.microxplorer.plugins.ip.nvic.MultiNvicIntPanel[,0,0,0x0,invalid,layout=javax.swing.BoxLayout,alignmentX=0.0,alignmentY=0.0,border=,flags=9,maximumSize=,minimumSize=,preferredSize=]
2024-10-06 17:03:15,728 [INFO] I2sManager:658 - 9.6E7
2024-10-06 17:03:15,728 [INFO] I2sManager:195 - I2S Clock Value : 9.6E7
2024-10-06 17:03:15,730 [INFO] I2sManager:553 - AudioClock : 7978Divider : 23Odd : 1
2024-10-06 17:03:55,594 [INFO] I2sManager:658 - 9.6E7
2024-10-06 17:03:55,595 [INFO] I2sManager:195 - I2S Clock Value : 9.6E7
2024-10-06 17:03:55,596 [INFO] I2sManager:553 - AudioClock : 7978Divider : 23Odd : 1
2024-10-06 17:04:04,579 [WARN] IP:2191 - I2C_Coeff_DF not found: check if there is a RefParameter without a condition.
2024-10-06 17:04:04,580 [WARN] IP:2191 - Analog_Filter not found: check if there is a RefParameter without a condition.
2024-10-06 17:04:11,803 [WARN] IP:2191 - I2C_Coeff_DF not found: check if there is a RefParameter without a condition.
2024-10-06 17:04:11,804 [WARN] IP:2191 - Analog_Filter not found: check if there is a RefParameter without a condition.
2024-10-06 17:06:03,097 [INFO] I2sManager:658 - 9.6E7
2024-10-06 17:06:03,098 [INFO] I2sManager:195 - I2S Clock Value : 9.6E7
2024-10-06 17:06:03,099 [INFO] I2sManager:553 - AudioClock : 7978Divider : 23Odd : 1
2024-10-06 17:06:10,737 [ERROR] LogOutputStream:75 - [STDERR_REDIRECT] Exception in thread "AWT-EventQueue-0" java.lang.ClassCastException: class sun.awt.X11.XEmbeddedFrame cannot be cast to class javax.swing.JFrame (sun.awt.X11.XEmbeddedFrame and javax.swing.JFrame are in module java.desktop of loader 'bootstrap')
2024-10-06 17:06:10,738 [ERROR] LogOutputStream:75 - [STDERR_REDIRECT] 	at com.st.microxplorer.plugins.clock.ClockConfigurationView.activatePlugin(ClockConfigurationView.java:425)
2024-10-06 17:06:10,740 [ERROR] LogOutputStream:75 - [STDERR_REDIRECT] 	at com.st.microxplorer.maingui.MainPanel$1.stateChanged(MainPanel.java:374)
2024-10-06 17:06:10,741 [ERROR] LogOutputStream:75 - [STDERR_REDIRECT] 	at java.desktop/javax.swing.JTabbedPane.fireStateChanged(JTabbedPane.java:444)
2024-10-06 17:06:10,742 [ERROR] LogOutputStream:75 - [STDERR_REDIRECT] 	at java.desktop/javax.swing.JTabbedPane$ModelListener.stateChanged(JTabbedPane.java:295)
2024-10-06 17:06:10,743 [ERROR] LogOutputStream:75 - [STDERR_REDIRECT] 	at java.desktop/javax.swing.DefaultSingleSelectionModel.fireStateChanged(DefaultSingleSelectionModel.java:148)
2024-10-06 17:06:10,744 [ERROR] LogOutputStream:75 - [STDERR_REDIRECT] 	at java.desktop/javax.swing.DefaultSingleSelectionModel.setSelectedIndex(DefaultSingleSelectionModel.java:79)
2024-10-06 17:06:10,745 [ERROR] LogOutputStream:75 - [STDERR_REDIRECT] 	at java.desktop/javax.swing.JTabbedPane.setSelectedIndexImpl(JTabbedPane.java:648)
2024-10-06 17:06:10,745 [ERROR] LogOutputStream:75 - [STDERR_REDIRECT] 	at java.desktop/javax.swing.JTabbedPane.setSelectedIndex(JTabbedPane.java:623)
2024-10-06 17:06:10,746 [ERROR] LogOutputStream:75 - [STDERR_REDIRECT] 	at java.desktop/javax.swing.plaf.basic.BasicTabbedPaneUI$Handler.mousePressed(BasicTabbedPaneUI.java:4101)
2024-10-06 17:06:10,746 [ERROR] LogOutputStream:75 - [STDERR_REDIRECT] 	at java.desktop/java.awt.Component.processMouseEvent(Component.java:6623)
2024-10-06 17:06:10,747 [ERROR] LogOutputStream:75 - [STDERR_REDIRECT] 	at java.desktop/javax.swing.JComponent.processMouseEvent(JComponent.java:3389)
2024-10-06 17:06:10,747 [ERROR] LogOutputStream:75 - [STDERR_REDIRECT] 	at java.desktop/java.awt.Component.processEvent(Component.java:6391)
2024-10-06 17:06:10,747 [ERROR] LogOutputStream:75 - [STDERR_REDIRECT] 	at java.desktop/java.awt.Container.processEvent(Container.java:2266)
2024-10-06 17:06:10,748 [ERROR] LogOutputStream:75 - [STDERR_REDIRECT] 	at java.desktop/java.awt.Component.dispatchEventImpl(Component.java:5001)
2024-10-06 17:06:10,748 [ERROR] LogOutputStream:75 - [STDERR_REDIRECT] 	at java.desktop/java.awt.Container.dispatchEventImpl(Container.java:2324)
2024-10-06 17:06:10,748 [ERROR] LogOutputStream:75 - [STDERR_REDIRECT] 	at java.desktop/java.awt.Component.dispatchEvent(Component.java:4833)
2024-10-06 17:06:10,749 [ERROR] LogOutputStream:75 - [STDERR_REDIRECT] 	at java.desktop/java.awt.LightweightDispatcher.retargetMouseEvent(Container.java:4948)
2024-10-06 17:06:10,750 [ERROR] LogOutputStream:75 - [STDERR_REDIRECT] 	at java.desktop/java.awt.LightweightDispatcher.processMouseEvent(Container.java:4572)
2024-10-06 17:06:10,750 [ERROR] LogOutputStream:75 - [STDERR_REDIRECT] 	at java.desktop/java.awt.LightweightDispatcher.dispatchEvent(Container.java:4516)
2024-10-06 17:06:10,751 [ERROR] LogOutputStream:75 - [STDERR_REDIRECT] 	at java.desktop/java.awt.Container.dispatchEventImpl(Container.java:2310)
2024-10-06 17:06:10,751 [ERROR] LogOutputStream:75 - [STDERR_REDIRECT] 	at java.desktop/java.awt.Component.dispatchEvent(Component.java:4833)
2024-10-06 17:06:10,751 [ERROR] LogOutputStream:75 - [STDERR_REDIRECT] 	at java.desktop/java.awt.EventQueue.dispatchEventImpl(EventQueue.java:775)
2024-10-06 17:06:10,752 [ERROR] LogOutputStream:75 - [STDERR_REDIRECT] 	at java.desktop/java.awt.EventQueue$4.run(EventQueue.java:720)
2024-10-06 17:06:10,752 [ERROR] LogOutputStream:75 - [STDERR_REDIRECT] 	at java.desktop/java.awt.EventQueue$4.run(EventQueue.java:714)
2024-10-06 17:06:10,752 [ERROR] LogOutputStream:75 - [STDERR_REDIRECT] 	at java.base/java.security.AccessController.doPrivileged(AccessController.java:399)
2024-10-06 17:06:10,753 [ERROR] LogOutputStream:75 - [STDERR_REDIRECT] 	at java.base/java.security.ProtectionDomain$JavaSecurityAccessImpl.doIntersectionPrivilege(ProtectionDomain.java:86)
2024-10-06 17:06:10,753 [ERROR] LogOutputStream:75 - [STDERR_REDIRECT] 	at java.base/java.security.ProtectionDomain$JavaSecurityAccessImpl.doIntersectionPrivilege(ProtectionDomain.java:97)
2024-10-06 17:06:10,754 [ERROR] LogOutputStream:75 - [STDERR_REDIRECT] 	at java.desktop/java.awt.EventQueue$5.run(EventQueue.java:747)
2024-10-06 17:06:10,754 [ERROR] LogOutputStream:75 - [STDERR_REDIRECT] 	at java.desktop/java.awt.EventQueue$5.run(EventQueue.java:745)
2024-10-06 17:06:10,754 [ERROR] LogOutputStream:75 - [STDERR_REDIRECT] 	at java.base/java.security.AccessController.doPrivileged(AccessController.java:399)
2024-10-06 17:06:10,755 [ERROR] LogOutputStream:75 - [STDERR_REDIRECT] 	at java.base/java.security.ProtectionDomain$JavaSecurityAccessImpl.doIntersectionPrivilege(ProtectionDomain.java:86)
2024-10-06 17:06:10,755 [ERROR] LogOutputStream:75 - [STDERR_REDIRECT] 	at java.desktop/java.awt.EventQueue.dispatchEvent(EventQueue.java:744)
2024-10-06 17:06:10,756 [ERROR] LogOutputStream:75 - [STDERR_REDIRECT] 	at java.desktop/java.awt.EventDispatchThread.pumpOneEventForFilters(EventDispatchThread.java:203)
2024-10-06 17:06:10,756 [ERROR] LogOutputStream:75 - [STDERR_REDIRECT] 	at java.desktop/java.awt.EventDispatchThread.pumpEventsForFilter(EventDispatchThread.java:124)
2024-10-06 17:06:10,756 [ERROR] LogOutputStream:75 - [STDERR_REDIRECT] 	at java.desktop/java.awt.EventDispatchThread.pumpEventsForHierarchy(EventDispatchThread.java:113)
2024-10-06 17:06:10,757 [ERROR] LogOutputStream:75 - [STDERR_REDIRECT] 	at java.desktop/java.awt.EventDispatchThread.pumpEvents(EventDispatchThread.java:109)
2024-10-06 17:06:10,757 [ERROR] LogOutputStream:75 - [STDERR_REDIRECT] 	at java.desktop/java.awt.EventDispatchThread.pumpEvents(EventDispatchThread.java:101)
2024-10-06 17:06:10,758 [ERROR] LogOutputStream:75 - [STDERR_REDIRECT] 	at java.desktop/java.awt.EventDispatchThread.run(EventDispatchThread.java:90)
2024-10-06 17:06:15,224 [WARN] IP:2191 - I2C_Coeff_DF not found: check if there is a RefParameter without a condition.
2024-10-06 17:06:15,225 [WARN] IP:2191 - Analog_Filter not found: check if there is a RefParameter without a condition.
2024-10-06 17:06:15,226 [WARN] IP:2191 - I2C_Coeff_DF not found: check if there is a RefParameter without a condition.
2024-10-06 17:06:15,226 [WARN] IP:2191 - Analog_Filter not found: check if there is a RefParameter without a condition.
2024-10-06 17:06:55,935 [INFO] MainUpdater:2873 - connection check result : 10
2024-10-06 17:06:56,671 [INFO] McuFinderGlobals:76 - Set McuFinderConnectedMode to true
2024-10-06 17:06:56,703 [INFO] MultiScanPanel:200 - Auto-refresh data requested => check proxy status ongoing
2024-10-06 17:06:56,710 [INFO] FinderPluginLoader:95 - Searching for filters in installed packs
2024-10-06 17:06:57,737 [INFO] LoadUrlFilesThread:185 - End of LoadServerUrlFiles without Thread
2024-10-06 17:06:57,762 [INFO] DetailPanel:341 - Set advertising image to /home/cdelong/STM32Cube/Repository//en.prom-stm32c071-usb-memories-mcu-finder.png
2024-10-06 17:08:32,653 [INFO] UtilMem:75 - End SaveConfig() Used Memory: 240344064 Bytes (905969664)
2024-10-06 17:08:35,597 [INFO] UtilMem:75 - End SaveConfig() Used Memory: 217603072 Bytes (905969664)
2024-10-06 17:08:39,416 [INFO] UtilMem:75 - End SaveConfig() Used Memory: 397763616 Bytes (905969664)
2024-10-06 17:08:39,665 [INFO] ProjectBuilder:2320 - IP not ready for code generation: Clock
2024-10-06 17:08:54,706 [INFO] BlockDiagram:2766 - set Specific Code input for plugin: FREERTOS
2024-10-06 17:08:54,707 [INFO] BlockDiagram:2766 - set Specific Code input for plugin: SYS
2024-10-06 17:08:54,707 [INFO] BlockDiagram:2766 - set Specific Code input for plugin: RCC
2024-10-06 17:08:54,707 [INFO] BlockDiagram:2766 - set Specific Code input for plugin: I2C
2024-10-06 17:08:54,707 [INFO] BlockDiagram:2766 - set Specific Code input for plugin: USB_OTG_FS
2024-10-06 17:08:54,707 [INFO] BlockDiagram:2766 - set Specific Code input for plugin: NVIC
2024-10-06 17:08:54,708 [INFO] BlockDiagram:2766 - set Specific Code input for plugin: GPIO
2024-10-06 17:08:54,710 [INFO] CodeGenerator:807 - code generatio: config db path: /home/cdelong/st/stm32cubeide_1.16.1/plugins/com.st.stm32cube.common.mx_6.12.1.202409122256//db/
2024-10-06 17:08:54,730 [WARN] IP:2191 - I2C_Coeff_DF not found: check if there is a RefParameter without a condition.
2024-10-06 17:08:54,731 [WARN] IP:2191 - Analog_Filter not found: check if there is a RefParameter without a condition.
2024-10-06 17:08:55,014 [INFO] CodeEngine:255 - oldGeneratedFile, /home/cdelong/Desktop/audio_dsp_board/firmware/audio_dsp_board/MXTmpFiles/license.tmp_save
2024-10-06 17:08:55,222 [INFO] CodeEngine:279 - Generated code: /home/cdelong/Desktop/audio_dsp_board/firmware/audio_dsp_board/MXTmpFiles/license.tmp
2024-10-06 17:08:55,262 [INFO] CodeEngine:255 - oldGeneratedFile, /home/cdelong/Desktop/audio_dsp_board/firmware/audio_dsp_board/MXTmpFiles/gpio.tmp_save
2024-10-06 17:08:55,351 [INFO] CodeEngine:279 - Generated code: /home/cdelong/Desktop/audio_dsp_board/firmware/audio_dsp_board/MXTmpFiles/gpio.tmp
2024-10-06 17:08:55,431 [WARN] IPConfigManager:3005 - Warning: the RefConfig PWREx_EnableUSBVoltageDetector is not available in your config.xml file
2024-10-06 17:08:55,445 [INFO] Middleware:1439 - No code input for Bsp Dependency
2024-10-06 17:08:55,447 [INFO] CodeEngine:255 - oldGeneratedFile, /home/cdelong/Desktop/audio_dsp_board/firmware/audio_dsp_board/MXTmpFiles/rtos_inc.tmp_save
2024-10-06 17:08:55,499 [INFO] CodeEngine:279 - Generated code: /home/cdelong/Desktop/audio_dsp_board/firmware/audio_dsp_board/MXTmpFiles/rtos_inc.tmp
2024-10-06 17:08:55,500 [INFO] CodeEngine:255 - oldGeneratedFile, /home/cdelong/Desktop/audio_dsp_board/firmware/audio_dsp_board/MXTmpFiles/rtos_kernelInit.tmp_save
2024-10-06 17:08:55,548 [INFO] CodeEngine:279 - Generated code: /home/cdelong/Desktop/audio_dsp_board/firmware/audio_dsp_board/MXTmpFiles/rtos_kernelInit.tmp
2024-10-06 17:08:55,549 [INFO] CodeEngine:255 - oldGeneratedFile, /home/cdelong/Desktop/audio_dsp_board/firmware/audio_dsp_board/MXTmpFiles/rtos_kernelStart.tmp_save
2024-10-06 17:08:55,594 [INFO] CodeEngine:279 - Generated code: /home/cdelong/Desktop/audio_dsp_board/firmware/audio_dsp_board/MXTmpFiles/rtos_kernelStart.tmp
2024-10-06 17:08:55,595 [INFO] CodeEngine:255 - oldGeneratedFile, /home/cdelong/Desktop/audio_dsp_board/firmware/audio_dsp_board/MXTmpFiles/rtos_typedefs.tmp_save
2024-10-06 17:08:55,642 [INFO] CodeEngine:279 - Generated code: /home/cdelong/Desktop/audio_dsp_board/firmware/audio_dsp_board/MXTmpFiles/rtos_typedefs.tmp
2024-10-06 17:08:55,643 [INFO] CodeEngine:255 - oldGeneratedFile, /home/cdelong/Desktop/audio_dsp_board/firmware/audio_dsp_board/MXTmpFiles/rtos_vars.tmp_save
2024-10-06 17:08:55,691 [INFO] CodeEngine:279 - Generated code: /home/cdelong/Desktop/audio_dsp_board/firmware/audio_dsp_board/MXTmpFiles/rtos_vars.tmp
2024-10-06 17:08:55,692 [INFO] CodeEngine:255 - oldGeneratedFile, /home/cdelong/Desktop/audio_dsp_board/firmware/audio_dsp_board/MXTmpFiles/rtos_pfp.tmp_save
2024-10-06 17:08:55,764 [INFO] CodeEngine:279 - Generated code: /home/cdelong/Desktop/audio_dsp_board/firmware/audio_dsp_board/MXTmpFiles/rtos_pfp.tmp
2024-10-06 17:08:55,765 [INFO] CodeEngine:255 - oldGeneratedFile, /home/cdelong/Desktop/audio_dsp_board/firmware/audio_dsp_board/MXTmpFiles/rtos_obj_creat.tmp_save
2024-10-06 17:08:55,811 [INFO] CodeEngine:279 - Generated code: /home/cdelong/Desktop/audio_dsp_board/firmware/audio_dsp_board/MXTmpFiles/rtos_obj_creat.tmp
2024-10-06 17:08:55,812 [INFO] CodeEngine:255 - oldGeneratedFile, /home/cdelong/Desktop/audio_dsp_board/firmware/audio_dsp_board/MXTmpFiles/rtos_default_thread.tmp_save
2024-10-06 17:08:55,857 [INFO] CodeEngine:279 - Generated code: /home/cdelong/Desktop/audio_dsp_board/firmware/audio_dsp_board/MXTmpFiles/rtos_default_thread.tmp
2024-10-06 17:08:55,858 [INFO] CodeEngine:255 - oldGeneratedFile, /home/cdelong/Desktop/audio_dsp_board/firmware/audio_dsp_board/MXTmpFiles/rtos_threads.tmp_save
2024-10-06 17:08:55,901 [INFO] CodeEngine:279 - Generated code: /home/cdelong/Desktop/audio_dsp_board/firmware/audio_dsp_board/MXTmpFiles/rtos_threads.tmp
2024-10-06 17:08:55,909 [INFO] Middleware:1439 - No code input for Bsp Dependency
2024-10-06 17:08:55,911 [INFO] CodeEngine:255 - oldGeneratedFile, /home/cdelong/Desktop/audio_dsp_board/firmware/audio_dsp_board/MXTmpFiles/rtos_inc.tmp_save
2024-10-06 17:08:55,955 [INFO] CodeEngine:279 - Generated code: /home/cdelong/Desktop/audio_dsp_board/firmware/audio_dsp_board/MXTmpFiles/rtos_inc.tmp
2024-10-06 17:08:55,956 [INFO] CodeEngine:255 - oldGeneratedFile, /home/cdelong/Desktop/audio_dsp_board/firmware/audio_dsp_board/MXTmpFiles/rtos_kernelInit.tmp_save
2024-10-06 17:08:55,998 [INFO] CodeEngine:279 - Generated code: /home/cdelong/Desktop/audio_dsp_board/firmware/audio_dsp_board/MXTmpFiles/rtos_kernelInit.tmp
2024-10-06 17:08:55,999 [INFO] CodeEngine:255 - oldGeneratedFile, /home/cdelong/Desktop/audio_dsp_board/firmware/audio_dsp_board/MXTmpFiles/rtos_kernelStart.tmp_save
2024-10-06 17:08:56,042 [INFO] CodeEngine:279 - Generated code: /home/cdelong/Desktop/audio_dsp_board/firmware/audio_dsp_board/MXTmpFiles/rtos_kernelStart.tmp
2024-10-06 17:08:56,043 [INFO] CodeEngine:255 - oldGeneratedFile, /home/cdelong/Desktop/audio_dsp_board/firmware/audio_dsp_board/MXTmpFiles/rtos_typedefs.tmp_save
2024-10-06 17:08:56,086 [INFO] CodeEngine:279 - Generated code: /home/cdelong/Desktop/audio_dsp_board/firmware/audio_dsp_board/MXTmpFiles/rtos_typedefs.tmp
2024-10-06 17:08:56,087 [INFO] CodeEngine:255 - oldGeneratedFile, /home/cdelong/Desktop/audio_dsp_board/firmware/audio_dsp_board/MXTmpFiles/rtos_vars.tmp_save
2024-10-06 17:08:56,130 [INFO] CodeEngine:279 - Generated code: /home/cdelong/Desktop/audio_dsp_board/firmware/audio_dsp_board/MXTmpFiles/rtos_vars.tmp
2024-10-06 17:08:56,131 [INFO] CodeEngine:255 - oldGeneratedFile, /home/cdelong/Desktop/audio_dsp_board/firmware/audio_dsp_board/MXTmpFiles/rtos_pfp.tmp_save
2024-10-06 17:08:56,172 [INFO] CodeEngine:279 - Generated code: /home/cdelong/Desktop/audio_dsp_board/firmware/audio_dsp_board/MXTmpFiles/rtos_pfp.tmp
2024-10-06 17:08:56,172 [INFO] CodeEngine:255 - oldGeneratedFile, /home/cdelong/Desktop/audio_dsp_board/firmware/audio_dsp_board/MXTmpFiles/rtos_obj_creat.tmp_save
2024-10-06 17:08:56,215 [INFO] CodeEngine:279 - Generated code: /home/cdelong/Desktop/audio_dsp_board/firmware/audio_dsp_board/MXTmpFiles/rtos_obj_creat.tmp
2024-10-06 17:08:56,216 [INFO] CodeEngine:255 - oldGeneratedFile, /home/cdelong/Desktop/audio_dsp_board/firmware/audio_dsp_board/MXTmpFiles/rtos_default_thread.tmp_save
2024-10-06 17:08:56,255 [INFO] CodeEngine:279 - Generated code: /home/cdelong/Desktop/audio_dsp_board/firmware/audio_dsp_board/MXTmpFiles/rtos_default_thread.tmp
2024-10-06 17:08:56,256 [INFO] CodeEngine:255 - oldGeneratedFile, /home/cdelong/Desktop/audio_dsp_board/firmware/audio_dsp_board/MXTmpFiles/rtos_threads.tmp_save
2024-10-06 17:08:56,295 [INFO] CodeEngine:279 - Generated code: /home/cdelong/Desktop/audio_dsp_board/firmware/audio_dsp_board/MXTmpFiles/rtos_threads.tmp
2024-10-06 17:08:56,296 [INFO] CodeEngine:255 - oldGeneratedFile, /home/cdelong/Desktop/audio_dsp_board/firmware/audio_dsp_board/Core/Inc/FreeRTOSConfig.h_save
2024-10-06 17:08:56,353 [INFO] CodeEngine:279 - Generated code: /home/cdelong/Desktop/audio_dsp_board/firmware/audio_dsp_board/Core/Inc/FreeRTOSConfig.h
2024-10-06 17:08:56,354 [INFO] CodeEngine:255 - oldGeneratedFile, /home/cdelong/Desktop/audio_dsp_board/firmware/audio_dsp_board/Core/Src/freertos.c_save
2024-10-06 17:08:56,399 [INFO] CodeEngine:279 - Generated code: /home/cdelong/Desktop/audio_dsp_board/firmware/audio_dsp_board/Core/Src/freertos.c
2024-10-06 17:08:56,404 [INFO] CodeEngine:255 - oldGeneratedFile, /home/cdelong/Desktop/audio_dsp_board/firmware/audio_dsp_board/Core/Src/stm32f4xx_it.c_save
2024-10-06 17:08:56,468 [INFO] CodeEngine:279 - Generated code: /home/cdelong/Desktop/audio_dsp_board/firmware/audio_dsp_board/Core/Src/stm32f4xx_it.c
2024-10-06 17:08:56,469 [INFO] CodeEngine:255 - oldGeneratedFile, /home/cdelong/Desktop/audio_dsp_board/firmware/audio_dsp_board/Core/Inc/stm32f4xx_it.h_save
2024-10-06 17:08:56,512 [INFO] CodeEngine:279 - Generated code: /home/cdelong/Desktop/audio_dsp_board/firmware/audio_dsp_board/Core/Inc/stm32f4xx_it.h
2024-10-06 17:08:56,517 [INFO] CodeEngine:255 - oldGeneratedFile, /home/cdelong/Desktop/audio_dsp_board/firmware/audio_dsp_board/Core/Src/stm32f4xx_hal_msp.c_save
2024-10-06 17:08:56,600 [INFO] CodeEngine:279 - Generated code: /home/cdelong/Desktop/audio_dsp_board/firmware/audio_dsp_board/Core/Src/stm32f4xx_hal_msp.c
2024-10-06 17:08:56,601 [INFO] CodeEngine:255 - oldGeneratedFile, /home/cdelong/Desktop/audio_dsp_board/firmware/audio_dsp_board/MXTmpFiles/system.tmp_save
2024-10-06 17:08:56,642 [INFO] CodeEngine:279 - Generated code: /home/cdelong/Desktop/audio_dsp_board/firmware/audio_dsp_board/MXTmpFiles/system.tmp
2024-10-06 17:08:56,645 [INFO] CodeEngine:311 - oldGeneratedFile, /home/cdelong/Desktop/audio_dsp_board/firmware/audio_dsp_board/Core/Inc/stm32f4xx_hal_conf.h_save
2024-10-06 17:08:56,693 [INFO] CodeEngine:335 - Generated code: /home/cdelong/Desktop/audio_dsp_board/firmware/audio_dsp_board/Core/Inc/stm32f4xx_hal_conf.h
2024-10-06 17:08:56,718 [WARN] IPConfigManager:3554 - IP not found : USB_OTG
2024-10-06 17:08:56,718 [WARN] CodeGenerator:4002 - IP not found : null
2024-10-06 17:08:56,720 [INFO] CodeEngine:255 - oldGeneratedFile, /home/cdelong/Desktop/audio_dsp_board/firmware/audio_dsp_board/Core/Inc/main.h_save
2024-10-06 17:08:56,774 [INFO] CodeEngine:279 - Generated code: /home/cdelong/Desktop/audio_dsp_board/firmware/audio_dsp_board/Core/Inc/main.h
2024-10-06 17:08:56,775 [INFO] CodeEngine:255 - oldGeneratedFile, /home/cdelong/Desktop/audio_dsp_board/firmware/audio_dsp_board/Core/Src/main.c_save
2024-10-06 17:08:56,859 [INFO] CodeEngine:279 - Generated code: /home/cdelong/Desktop/audio_dsp_board/firmware/audio_dsp_board/Core/Src/main.c
2024-10-06 17:08:57,099 [INFO] ProjectBuilder:3249 - Time for Copy HAL[1] : 40mS.
2024-10-06 17:08:57,103 [INFO] ProjectBuilder:4828 - Project Generator version: 4.5.0-B34
2024-10-06 17:08:57,169 [INFO] ConfigFileManager:1531 - The Die is : DIE413
2024-10-06 17:08:57,178 [INFO] ApiDbMcu:508 - Load IP Config File for FATFS
2024-10-06 17:08:57,182 [INFO] ApiDbMcu:508 - Load IP Config File for LIBJPEG
2024-10-06 17:08:57,217 [INFO] ApiDbMcu:508 - Load IP Config File for MBEDTLS
2024-10-06 17:08:57,248 [INFO] ApiDbMcu:508 - Load IP Config File for USB_DEVICE
2024-10-06 17:08:57,257 [INFO] ApiDbMcu:508 - Load IP Config File for USB_HOST
2024-10-06 17:08:57,473 [INFO] LogOutputStream:77 - [STDOUT_REDIRECT] 
2024-10-06 17:08:57,969 [INFO] ProjectBuilder:5097 - Time for Generating toolchain IDE Files: 866mS.
2024-10-06 17:08:57,970 [INFO] ProjectBuilder:3107 - Time for Copy CMSIS : 1mS.
2024-10-06 17:08:57,970 [INFO] ProjectBuilder:3107 - Time for Copy CMSIS : 0mS.
2024-10-06 17:08:58,599 [INFO] MainUpdater:2873 - connection check result : 10
2024-10-06 17:08:58,599 [INFO] MainUpdater:2873 - connection check result : 10
2024-10-06 17:08:58,628 [INFO] MicroXplorer:468 - Change Database Path : 
2024-10-06 17:08:58,628 [INFO] MicroXplorer:498 - Change Database Version : DB.6.0.121
2024-10-06 17:08:58,634 [ERROR] ProjectManagerView:394 - 
java.lang.NullPointerException: Cannot invoke "javax.swing.JTextField.getText()" because the return value of "java.util.List.get(int)" is null
	at com.st.microxplorer.plugins.projectmanager.gui.ProjectChoiceTab$10.caretUpdate(ProjectChoiceTab.java:2622) ~[filemanager.jar:?]
	at javax.swing.text.JTextComponent.fireCaretUpdate(JTextComponent.java:412) ~[?:?]
	at javax.swing.text.JTextComponent$MutableCaretEvent.fire(JTextComponent.java:4491) ~[?:?]
	at javax.swing.text.JTextComponent$MutableCaretEvent.stateChanged(JTextComponent.java:4513) ~[?:?]
	at javax.swing.text.DefaultCaret.fireStateChanged(DefaultCaret.java:842) ~[?:?]
	at javax.swing.text.DefaultCaret.changeCaretPosition(DefaultCaret.java:1313) ~[?:?]
	at javax.swing.text.DefaultCaret.handleSetDot(DefaultCaret.java:1212) ~[?:?]
	at javax.swing.text.DefaultCaret.setDot(DefaultCaret.java:1193) ~[?:?]
	at javax.swing.text.DefaultCaret$Handler.insertUpdate(DefaultCaret.java:1789) ~[?:?]
	at javax.swing.text.AbstractDocument.fireInsertUpdate(AbstractDocument.java:226) ~[?:?]
	at javax.swing.text.AbstractDocument.handleInsertString(AbstractDocument.java:780) ~[?:?]
	at javax.swing.text.AbstractDocument.insertString(AbstractDocument.java:739) ~[?:?]
	at javax.swing.text.PlainDocument.insertString(PlainDocument.java:131) ~[?:?]
	at javax.swing.text.AbstractDocument.replace(AbstractDocument.java:698) ~[?:?]
	at javax.swing.text.JTextComponent.setText(JTextComponent.java:1729) ~[?:?]
	at com.st.microxplorer.plugins.projectmanager.gui.ProjectChoiceTab.createHeapStackFields(ProjectChoiceTab.java:972) ~[filemanager.jar:?]
	at com.st.microxplorer.plugins.projectmanager.gui.ProjectChoiceTab.buildLinkSettingsPanel(ProjectChoiceTab.java:3597) ~[filemanager.jar:?]
	at com.st.microxplorer.plugins.projectmanager.gui.ProjectChoiceTab.defineWindowsFields(ProjectChoiceTab.java:1940) ~[filemanager.jar:?]
	at com.st.microxplorer.plugins.projectmanager.gui.ProjectChoiceTab.updateSettings(ProjectChoiceTab.java:550) ~[filemanager.jar:?]
	at com.st.microxplorer.plugins.projectmanager.gui.ProjectSettingsPanel.UpdateDialog(ProjectSettingsPanel.java:245) ~[filemanager.jar:?]
	at com.st.microxplorer.plugins.projectmanager.ProjectManagerView.propertyChange(ProjectManagerView.java:391) ~[filemanager.jar:?]
	at java.beans.PropertyChangeSupport.fire(PropertyChangeSupport.java:343) ~[?:?]
	at java.beans.PropertyChangeSupport.firePropertyChange(PropertyChangeSupport.java:335) ~[?:?]
	at java.beans.PropertyChangeSupport.firePropertyChange(PropertyChangeSupport.java:268) ~[?:?]
	at com.st.microxplorer.util.MXPropertyChangeSupport.firePropertyChange(MXPropertyChangeSupport.java:54) ~[STM32CubeMX.jar:?]
	at com.st.microxplorer.mxsystem.MxSystem.closeConfig(MxSystem.java:900) ~[STM32CubeMX.jar:?]
	at com.st.microxplorer.maingui.MainPanel.closeConfig(MainPanel.java:781) ~[STM32CubeMX.jar:?]
	at com.st.microxplorer.plugins.filemanager.engine.OpenFileManager.loadConfigurationFile(OpenFileManager.java:265) ~[filemanager.jar:?]
	at com.st.microxplorer.plugins.filemanager.engine.MainFileManager.userLoadConfig(MainFileManager.java:352) ~[filemanager.jar:?]
	at com.st.microxplorer.plugins.filemanager.engine.MainFileManager.userLoadConfig(MainFileManager.java:330) ~[filemanager.jar:?]
	at com.st.microxplorer.plugins.filemanager.FileManagerView.getSpecificTask(FileManagerView.java:246) ~[filemanager.jar:?]
	at com.st.stm32cube.common.mx.editor.CubeMxEditor.getMxTabbedPaneInstance(CubeMxEditor.java:1198) ~[com.st.stm32cube.common.mx_6.12.1.202409122256/:?]
	at com.st.stm32cube.common.mx.editor.CubeMxEditor$12$1.createSwingComponent(CubeMxEditor.java:1068) ~[com.st.stm32cube.common.mx_6.12.1.202409122256/:?]
	at com.st.stm32cube.common.mx.oss.core.awtswtbridge.EmbeddedSwingComposite.doComponentCreation(EmbeddedSwingComposite.java:492) ~[com.st.stm32cube.common.mx.oss_6.12.1.202409122256/:?]
	at com.st.stm32cube.common.mx.oss.core.awtswtbridge.EmbeddedSwingComposite$4.run(EmbeddedSwingComposite.java:291) ~[com.st.stm32cube.common.mx.oss_6.12.1.202409122256/:?]
	at com.st.stm32cube.common.mx.oss.core.awtswtbridge.AwtEnvironment$2.run(AwtEnvironment.java:166) ~[com.st.stm32cube.common.mx.oss_6.12.1.202409122256/:?]
	at java.awt.event.InvocationEvent.dispatch(InvocationEvent.java:318) ~[?:?]
	at java.awt.EventQueue.dispatchEventImpl(EventQueue.java:773) ~[?:?]
	at java.awt.EventQueue$4.run(EventQueue.java:720) ~[?:?]
	at java.awt.EventQueue$4.run(EventQueue.java:714) ~[?:?]
	at java.security.AccessController.doPrivileged(AccessController.java:399) ~[?:?]
	at java.security.ProtectionDomain$JavaSecurityAccessImpl.doIntersectionPrivilege(ProtectionDomain.java:86) ~[?:?]
	at java.awt.EventQueue.dispatchEvent(EventQueue.java:742) ~[?:?]
	at java.awt.EventDispatchThread.pumpOneEventForFilters(EventDispatchThread.java:203) ~[?:?]
	at java.awt.EventDispatchThread.pumpEventsForFilter(EventDispatchThread.java:124) ~[?:?]
	at java.awt.EventDispatchThread.pumpEventsForHierarchy(EventDispatchThread.java:113) ~[?:?]
	at java.awt.EventDispatchThread.pumpEvents(EventDispatchThread.java:109) ~[?:?]
	at java.awt.EventDispatchThread.pumpEvents(EventDispatchThread.java:101) ~[?:?]
	at java.awt.EventDispatchThread.run(EventDispatchThread.java:90) ~[?:?]
2024-10-06 17:08:58,638 [WARN] ThirdParty:871 - waiting for thirdparty lock release [close project]
2024-10-06 17:08:58,639 [INFO] ThirdParty:873 - entering critical section [close project]
2024-10-06 17:08:58,645 [INFO] ThirdParty:883 - exiting critical section [close project]
2024-10-06 17:08:58,647 [INFO] PinOutPanel:1561 - setPackage(No Configuration,No Configuration)
2024-10-06 17:08:58,654 [WARN] IpParametersView:151 - Warning: This peripheral hasn't parameters
2024-10-06 17:08:58,660 [WARN] MainPanel:284 - <html><b><center>Warning: This peripheral has no parameters to be configured<br></b></html>
2024-10-06 17:08:58,667 [INFO] UtilMem:75 - Begin LoadConfig() Used Memory: 650553560 Bytes (905969664)
2024-10-06 17:08:58,667 [INFO] MicroXplorer:468 - Change Database Path : 
2024-10-06 17:08:58,667 [INFO] MicroXplorer:498 - Change Database Version : DB.6.0.121
2024-10-06 17:08:58,667 [INFO] OpenFileManager:332 - Change cursor
2024-10-06 17:08:58,686 [INFO] RulesReader:64 - Compatibility file has been processed (297 Rules)
2024-10-06 17:08:58,689 [INFO] Mcu:2032 - Initializing MCU STM32F405RGTx STM32F405RGTx STM32F405RGT7
2024-10-06 17:08:59,441 [INFO] Context:742 - Trying to add GPIOservice into a context  which must be forbidden
2024-10-06 17:08:59,656 [INFO] ImportTextPane:205 - (OptionalMessage_ERROR) Unable to find key (Mcu.ThirdPartyNb) in loaded IOC file
2024-10-06 17:08:59,656 [INFO] ImportTextPane:205 - (OptionalMessage_ERROR) Unable to find key (Mcu.PinsNb) in loaded IOC file
2024-10-06 17:08:59,656 [INFO] ImportTextPane:205 - (OptionalMessage_ERROR) Unable to find key (Mcu.IPNb) in loaded IOC file
2024-10-06 17:08:59,722 [INFO] RtosManager:555 - Registered RTOS mode: class=CMSIS, group=RTOS, mode=CMSIS_V1, owner=FREERTOS
2024-10-06 17:08:59,722 [INFO] RtosManager:555 - Registered RTOS mode: class=CMSIS, group=RTOS2, mode=CMSIS_V2, owner=FREERTOS
2024-10-06 17:08:59,722 [INFO] RtosManager:555 - Registered RTOS mode: class=RTOS, group=Core, mode=CMSIS_V1, owner=FREERTOS
2024-10-06 17:08:59,722 [INFO] RtosManager:555 - Registered RTOS mode: class=RTOS, group=Core, mode=CMSIS_V2, owner=FREERTOS
2024-10-06 17:08:59,722 [WARN] ModelIntegratedComponent:184 - Missing modes for component STMicroelectronics:FreeRTOS:0.0.1:STMicroelectronics:RTOS:FreeRTOS:Core:::10.2.0:
2024-10-06 17:08:59,727 [WARN] ModelIntegratedComponent:63 - No mode defined for component null
2024-10-06 17:08:59,728 [WARN] ModelIntegratedComponent:63 - No mode defined for component null
2024-10-06 17:08:59,728 [WARN] ModelIntegratedComponent:63 - No mode defined for component null
2024-10-06 17:08:59,728 [WARN] ModelIntegratedComponent:63 - No mode defined for component null
2024-10-06 17:08:59,728 [WARN] ModelIntegratedComponent:63 - No mode defined for component null
2024-10-06 17:08:59,728 [WARN] ModelIntegratedComponent:63 - No mode defined for component null
2024-10-06 17:08:59,728 [WARN] ModelIntegratedComponent:63 - No mode defined for component null
2024-10-06 17:08:59,728 [WARN] ModelIntegratedComponent:63 - No mode defined for component null
2024-10-06 17:08:59,728 [WARN] ModelIntegratedComponent:63 - No mode defined for component null
2024-10-06 17:08:59,728 [WARN] ModelIntegratedComponent:63 - No mode defined for component null
2024-10-06 17:08:59,728 [WARN] ModelIntegratedComponent:63 - No mode defined for component null
2024-10-06 17:08:59,728 [WARN] ModelIntegratedComponent:63 - No mode defined for component null
2024-10-06 17:08:59,728 [WARN] ModelIntegratedComponent:63 - No mode defined for component null
2024-10-06 17:08:59,728 [WARN] ModelIntegratedComponent:63 - No mode defined for component null
2024-10-06 17:08:59,728 [WARN] ModelIntegratedComponent:63 - No mode defined for component null
2024-10-06 17:08:59,728 [WARN] ModelIntegratedComponent:63 - No mode defined for component null
2024-10-06 17:08:59,728 [WARN] ModelIntegratedComponent:63 - No mode defined for component null
2024-10-06 17:08:59,728 [WARN] ModelIntegratedComponent:63 - No mode defined for component null
2024-10-06 17:08:59,728 [WARN] ModelIntegratedComponent:63 - No mode defined for component null
2024-10-06 17:08:59,728 [WARN] ModelIntegratedComponent:63 - No mode defined for component null
2024-10-06 17:08:59,728 [WARN] ModelIntegratedComponent:63 - No mode defined for component null
2024-10-06 17:08:59,728 [WARN] ModelIntegratedComponent:63 - No mode defined for component null
2024-10-06 17:08:59,728 [WARN] ModelIntegratedComponent:63 - No mode defined for component null
2024-10-06 17:08:59,728 [WARN] ModelIntegratedComponent:63 - No mode defined for component null
2024-10-06 17:08:59,728 [WARN] ModelIntegratedComponent:63 - No mode defined for component null
2024-10-06 17:08:59,728 [WARN] ModelIntegratedComponent:63 - No mode defined for component null
2024-10-06 17:08:59,728 [WARN] ModelIntegratedComponent:63 - No mode defined for component null
2024-10-06 17:08:59,728 [WARN] ModelIntegratedComponent:63 - No mode defined for component null
2024-10-06 17:08:59,728 [WARN] ModelIntegratedComponent:63 - No mode defined for component null
2024-10-06 17:08:59,728 [WARN] ModelIntegratedComponent:63 - No mode defined for component null
2024-10-06 17:08:59,728 [WARN] ModelIntegratedComponent:63 - No mode defined for component null
2024-10-06 17:08:59,728 [WARN] ModelIntegratedComponent:63 - No mode defined for component null
2024-10-06 17:08:59,728 [WARN] ModelIntegratedComponent:63 - No mode defined for component null
2024-10-06 17:08:59,728 [WARN] ModelIntegratedComponent:63 - No mode defined for component null
2024-10-06 17:08:59,728 [WARN] ModelIntegratedComponent:63 - No mode defined for component null
2024-10-06 17:08:59,729 [WARN] ModelPack:524 - Component already loaded: STMicroelectronics:HAL Drivers:0.0.0:STMicroelectronics:Device:STMicro_Driver:XSPI:HAL::0.0.1:HAL_XSPI
2024-10-06 17:08:59,737 [INFO] ThirdPartyModel:298 - Start build external matchings
2024-10-06 17:09:00,062 [INFO] ThirdPartyModel:316 - End build external matchings
2024-10-06 17:09:00,213 [INFO] UtilMem:75 - End LoadConfig() Used Memory: 307245168 Bytes (905969664)
2024-10-06 17:09:00,223 [WARN] ThirdParty:833 - waiting for thirdparty lock release [change project]
2024-10-06 17:09:00,223 [INFO] ThirdParty:835 - entering critical section [change project]
2024-10-06 17:09:00,223 [INFO] ThirdParty:1030 - CMSIS Pack Vendor :STMicroelectronics USBPD 4.1
2024-10-06 17:09:00,224 [INFO] ThirdParty:1030 - CMSIS Pack Vendor :STMicroelectronics X-CUBE-AZRTOS-H7 3.3.0
2024-10-06 17:09:00,224 [INFO] ThirdParty:1030 - CMSIS Pack Vendor :STMicroelectronics X-CUBE-NFC9 1.0.0
2024-10-06 17:09:00,224 [INFO] ThirdParty:1030 - CMSIS Pack Vendor :STMicroelectronics USB_HOST 2.0.0
2024-10-06 17:09:00,224 [INFO] ThirdParty:1030 - CMSIS Pack Vendor :STMicroelectronics FP-SNS-MOTENVWB1 1.4.0
2024-10-06 17:09:00,224 [INFO] ThirdParty:1030 - CMSIS Pack Vendor :STMicroelectronics X-CUBE-AZRTOS-F4 1.1.0
2024-10-06 17:09:00,224 [INFO] ThirdParty:1030 - CMSIS Pack Vendor :STMicroelectronics LIBJPEG 8.0.0
2024-10-06 17:09:00,224 [INFO] ThirdParty:1030 - CMSIS Pack Vendor :STMicroelectronics X-CUBE-SMBUS 2.1.0
2024-10-06 17:09:00,224 [INFO] ThirdParty:1030 - CMSIS Pack Vendor :STMicroelectronics X-CUBE-WB05N 1.1.0
2024-10-06 17:09:00,224 [INFO] ThirdParty:1030 - CMSIS Pack Vendor :STMicroelectronics USB_DEVICE 3.0.0
2024-10-06 17:09:00,224 [INFO] ThirdParty:1030 - CMSIS Pack Vendor :STMicroelectronics X-CUBE-TCPP 4.1.0
2024-10-06 17:09:00,224 [INFO] ThirdParty:1030 - CMSIS Pack Vendor :STMicroelectronics X-CUBE-ISPU 2.1.0
2024-10-06 17:09:00,224 [INFO] ThirdParty:1030 - CMSIS Pack Vendor :STMicroelectronics X-CUBE-FREERTOS 1.2.0
2024-10-06 17:09:00,224 [INFO] ThirdParty:1030 - CMSIS Pack Vendor :STMicroelectronics X-CUBE-IPS 3.0.0
2024-10-06 17:09:00,224 [INFO] ThirdParty:1030 - CMSIS Pack Vendor :STMicroelectronics X-CUBE-AZRTOS-WB 2.0.0
2024-10-06 17:09:00,224 [INFO] ThirdParty:1030 - CMSIS Pack Vendor :STMicroelectronics X-CUBE-GNSS1 7.0.0
2024-10-06 17:09:00,224 [INFO] ThirdParty:1030 - CMSIS Pack Vendor :STMicroelectronics X-CUBE-AZRTOS-F7 1.1.0
2024-10-06 17:09:00,224 [INFO] ThirdParty:1030 - CMSIS Pack Vendor :STMicroelectronics X-CUBE-AZRTOS-L5 2.0.0
2024-10-06 17:09:00,224 [INFO] ThirdParty:1030 - CMSIS Pack Vendor :STMicroelectronics USB_DEVICE 2.0.0
2024-10-06 17:09:00,224 [INFO] ThirdParty:1030 - CMSIS Pack Vendor :STMicroelectronics X-CUBE-NFC6 3.1.0
2024-10-06 17:09:00,224 [INFO] ThirdParty:1030 - CMSIS Pack Vendor :STMicroelectronics FP-SNS-STBOX1 2.0.0
2024-10-06 17:09:00,224 [INFO] ThirdParty:1030 - CMSIS Pack Vendor :STMicroelectronics X-CUBE-MEMS1 11.0.0
2024-10-06 17:09:00,224 [INFO] ThirdParty:1030 - CMSIS Pack Vendor :STMicroelectronics FreeRTOS 0.0.1
2024-10-06 17:09:00,224 [INFO] ThirdParty:1030 - CMSIS Pack Vendor :STMicroelectronics X-CUBE-AZRTOS-G0 1.1.0
2024-10-06 17:09:00,224 [INFO] ThirdParty:1030 - CMSIS Pack Vendor :STMicroelectronics X-CUBE-SAFEA1 1.2.2
2024-10-06 17:09:00,224 [INFO] ThirdParty:1030 - CMSIS Pack Vendor :STMicroelectronics X-CUBE-NFC4 3.0.0
2024-10-06 17:09:00,224 [INFO] ThirdParty:1030 - CMSIS Pack Vendor :STMicroelectronics X-CUBE-DPower 1.2.0
2024-10-06 17:09:00,224 [INFO] ThirdParty:1030 - CMSIS Pack Vendor :STMicroelectronics X-CUBE-SUBG2 5.0.0
2024-10-06 17:09:00,224 [INFO] ThirdParty:1030 - CMSIS Pack Vendor :STMicroelectronics STM32_WPAN 1.0.0
2024-10-06 17:09:00,224 [INFO] ThirdParty:1030 - CMSIS Pack Vendor :EmbeddedOffice I-CUBE-FS-RTOS 1.0.1
2024-10-06 17:09:00,225 [INFO] ThirdParty:1030 - CMSIS Pack Vendor :STMicroelectronics lwIP 2.0.3
2024-10-06 17:09:00,225 [INFO] ThirdParty:1030 - CMSIS Pack Vendor :STMicroelectronics FP-SNS-FLIGHT1 5.0.2
2024-10-06 17:09:00,225 [INFO] ThirdParty:1030 - CMSIS Pack Vendor :Cesanta I-CUBE-Mongoose 7.13.0
2024-10-06 17:09:00,225 [INFO] ThirdParty:1030 - CMSIS Pack Vendor :STMicroelectronics USB_HOST 1.0.0
2024-10-06 17:09:00,225 [INFO] ThirdParty:1030 - CMSIS Pack Vendor :STMicroelectronics X-CUBE-AI 9.0.0
2024-10-06 17:09:00,225 [INFO] ThirdParty:1030 - CMSIS Pack Vendor :STMicroelectronics X-CUBE-AZRTOS-G4 2.0.0
2024-10-06 17:09:00,225 [INFO] ThirdParty:1030 - CMSIS Pack Vendor :STMicroelectronics PDM2PCM 3.1.0
2024-10-06 17:09:00,225 [INFO] ThirdParty:1030 - CMSIS Pack Vendor :STMicroelectronics PDM2PCM 3.3.0
2024-10-06 17:09:00,225 [INFO] ThirdParty:1030 - CMSIS Pack Vendor :STMicroelectronics X-CUBE-DISPLAY 3.0.0
2024-10-06 17:09:00,225 [INFO] ThirdParty:1030 - CMSIS Pack Vendor :RealThread X-CUBE-RT-Thread_Nano 4.1.1
2024-10-06 17:09:00,225 [INFO] ThirdParty:1030 - CMSIS Pack Vendor :STMicroelectronics X-CUBE-BLE1 7.0.0
2024-10-06 17:09:00,225 [INFO] ThirdParty:1030 - CMSIS Pack Vendor :STMicroelectronics FP-ATR-SIGFOX1 3.2.0
2024-10-06 17:09:00,225 [INFO] ThirdParty:1030 - CMSIS Pack Vendor :STMicroelectronics X-CUBE-NFC10 1.0.0
2024-10-06 17:09:00,225 [INFO] ThirdParty:1030 - CMSIS Pack Vendor :wolfSSL I-CUBE-wolfSSL 5.7.2
2024-10-06 17:09:00,225 [INFO] ThirdParty:1030 - CMSIS Pack Vendor :STMicroelectronics X-CUBE-EEPRMA1 5.1.0
2024-10-06 17:09:00,225 [INFO] ThirdParty:1030 - CMSIS Pack Vendor :STMicroelectronics HAL Drivers 0.0.0
2024-10-06 17:09:00,225 [INFO] ThirdParty:1030 - CMSIS Pack Vendor :STMicroelectronics MBEDTLS 2.16.2
2024-10-06 17:09:00,225 [INFO] ThirdParty:1030 - CMSIS Pack Vendor :STMicroelectronics X-CUBE-ALS 1.0.2
2024-10-06 17:09:00,225 [INFO] ThirdParty:1030 - CMSIS Pack Vendor :emotas I-CUBE-CANOPEN 1.3.0
2024-10-06 17:09:00,225 [INFO] ThirdParty:1030 - CMSIS Pack Vendor :STMicroelectronics X-CUBE-NFC7 1.0.1
2024-10-06 17:09:00,225 [INFO] ThirdParty:1030 - CMSIS Pack Vendor :STMicroelectronics MBEDTLS 2.14.1
2024-10-06 17:09:00,225 [INFO] ThirdParty:1030 - CMSIS Pack Vendor :ITTIA_DB I-CUBE-ITTIADB 8.9.0
2024-10-06 17:09:00,225 [INFO] ThirdParty:1030 - CMSIS Pack Vendor :STMicroelectronics X-CUBE-TOUCHGFX 4.24.1
2024-10-06 17:09:00,225 [INFO] ThirdParty:1030 - CMSIS Pack Vendor :wolfSSL I-CUBE-wolfTPM 3.4.0
2024-10-06 17:09:00,225 [INFO] ThirdParty:1030 - CMSIS Pack Vendor :portGmbH I-Cube-SoM-uGOAL 1.1.0
2024-10-06 17:09:00,225 [INFO] ThirdParty:1030 - CMSIS Pack Vendor :STMicroelectronics X-CUBE-BLEMGR 3.1.0
2024-10-06 17:09:00,225 [INFO] ThirdParty:1030 - CMSIS Pack Vendor :STMicroelectronics ThreadX 1.0.0
2024-10-06 17:09:00,225 [INFO] ThirdParty:1030 - CMSIS Pack Vendor :STMicroelectronics FP-SNS-SMARTAG2 1.2.0
2024-10-06 17:09:00,226 [INFO] ThirdParty:1030 - CMSIS Pack Vendor :STMicroelectronics X-CUBE-AZRTOS-WL 2.0.0
2024-10-06 17:09:00,226 [INFO] ThirdParty:1030 - CMSIS Pack Vendor :SEGGER I-CUBE-embOS 1.3.1
2024-10-06 17:09:00,226 [INFO] ThirdParty:1030 - CMSIS Pack Vendor :STMicroelectronics X-CUBE-ALGOBUILD 1.4.0
2024-10-06 17:09:00,226 [INFO] ThirdParty:1030 - CMSIS Pack Vendor :STMicroelectronics FP-SNS-MOTENV1 5.0.0
2024-10-06 17:09:00,226 [INFO] ThirdParty:1030 - CMSIS Pack Vendor :STMicroelectronics USB_DEVICE 1.0.0
2024-10-06 17:09:00,226 [INFO] ThirdParty:1030 - CMSIS Pack Vendor :STMicroelectronics X-CUBE-AZRTOS-H7RS 1.0.0
2024-10-06 17:09:00,226 [INFO] ThirdParty:1030 - CMSIS Pack Vendor :wolfSSL I-CUBE-wolfMQTT 1.19.0
2024-10-06 17:09:00,226 [INFO] ThirdParty:1030 - CMSIS Pack Vendor :STMicroelectronics X-CUBE-AZRTOS-L4 2.0.0
2024-10-06 17:09:00,226 [INFO] ThirdParty:1030 - CMSIS Pack Vendor :STMicroelectronics ThreadX 0.0.2
2024-10-06 17:09:00,226 [INFO] ThirdParty:1030 - CMSIS Pack Vendor :WES I-CUBE-Cesium 1.3.0
2024-10-06 17:09:00,226 [INFO] ThirdParty:1030 - CMSIS Pack Vendor :STMicroelectronics FP-ATR-ASTRA1 2.0.0
2024-10-06 17:09:00,226 [INFO] ThirdParty:1030 - CMSIS Pack Vendor :STMicroelectronics lwIP 2.1.2
2024-10-06 17:09:00,226 [INFO] ThirdParty:1030 - CMSIS Pack Vendor :STMicroelectronics X-CUBE-SFXS2LP1 4.0.0
2024-10-06 17:09:00,226 [INFO] ThirdParty:1030 - CMSIS Pack Vendor :STMicroelectronics X-CUBE-BLE2 3.3.0
2024-10-06 17:09:00,226 [INFO] ThirdParty:1030 - CMSIS Pack Vendor :STMicroelectronics X-CUBE-TOF1 3.4.2
2024-10-06 17:09:00,226 [INFO] ThirdParty:1030 - CMSIS Pack Vendor :STMicroelectronics X-CUBE-AI 9.1.0
2024-10-06 17:09:00,226 [INFO] ThirdParty:1030 - CMSIS Pack Vendor :Infineon AIROC-Wi-Fi-Bluetooth-STM32 1.6.1
2024-10-06 17:09:00,226 [INFO] ThirdParty:1030 - CMSIS Pack Vendor :STMicroelectronics PDM2PCM 3.2.0
2024-10-06 17:09:00,226 [INFO] ThirdParty:1030 - CMSIS Pack Vendor :wolfSSL I-CUBE-wolfSSH 1.4.17
2024-10-06 17:09:00,228 [INFO] ThirdParty:841 - exiting critical section [change project]
2024-10-06 17:09:00,458 [INFO] PinOutPanel:1561 - setPackage(No Configuration,No Configuration)
2024-10-06 17:09:00,459 [INFO] PinOutPanel:1561 - setPackage(STM32F405RGTx,LQFP64)
2024-10-06 17:09:00,573 [INFO] UtilMem:75 - Before build in PCC Used Memory: 480732176 Bytes (905969664)
2024-10-06 17:09:00,687 [INFO] UtilMem:75 - After build in PCC Used Memory: 527918096 Bytes (905969664)
2024-10-06 17:09:00,701 [INFO] IPUIPlugin:80 - create IPUIPlugin
2024-10-06 17:09:00,701 [INFO] IPUIPlugin:80 - create IPUIPlugin
2024-10-06 17:09:00,701 [INFO] IPUIPlugin:80 - create IPUIPlugin
2024-10-06 17:09:00,701 [INFO] IPUIPlugin:80 - create IPUIPlugin
2024-10-06 17:09:00,701 [INFO] IPUIPlugin:80 - create IPUIPlugin
2024-10-06 17:09:00,701 [INFO] IPUIPlugin:80 - create IPUIPlugin
2024-10-06 17:09:00,701 [INFO] IPUIPlugin:80 - create IPUIPlugin
2024-10-06 17:09:00,702 [INFO] IPUIPlugin:80 - create IPUIPlugin
2024-10-06 17:09:00,702 [INFO] IPUIPlugin:80 - create IPUIPlugin
2024-10-06 17:09:00,702 [INFO] IPUIPlugin:80 - create IPUIPlugin
2024-10-06 17:09:00,702 [INFO] IPUIPlugin:80 - create IPUIPlugin
2024-10-06 17:09:00,702 [INFO] IPUIPlugin:80 - create IPUIPlugin
2024-10-06 17:09:00,702 [INFO] IPUIPlugin:80 - create IPUIPlugin
2024-10-06 17:09:00,702 [INFO] IPUIPlugin:80 - create IPUIPlugin
2024-10-06 17:09:00,702 [INFO] IPUIPlugin:80 - create IPUIPlugin
2024-10-06 17:09:00,702 [INFO] IPUIPlugin:80 - create IPUIPlugin
2024-10-06 17:09:00,702 [INFO] IPUIPlugin:80 - create IPUIPlugin
2024-10-06 17:09:00,702 [INFO] IPUIPlugin:80 - create IPUIPlugin
2024-10-06 17:09:00,703 [INFO] IPUIPlugin:80 - create IPUIPlugin
2024-10-06 17:09:00,703 [INFO] IPUIPlugin:80 - create IPUIPlugin
2024-10-06 17:09:00,703 [INFO] IPUIPlugin:80 - create IPUIPlugin
2024-10-06 17:09:00,703 [INFO] IPUIPlugin:80 - create IPUIPlugin
2024-10-06 17:09:00,703 [INFO] IPUIPlugin:80 - create IPUIPlugin
2024-10-06 17:09:00,703 [INFO] IPUIPlugin:80 - create IPUIPlugin
2024-10-06 17:09:00,703 [INFO] IPUIPlugin:80 - create IPUIPlugin
2024-10-06 17:09:00,703 [INFO] IPUIPlugin:80 - create IPUIPlugin
2024-10-06 17:09:00,703 [INFO] IPUIPlugin:80 - create IPUIPlugin
2024-10-06 17:09:00,703 [INFO] IPUIPlugin:80 - create IPUIPlugin
2024-10-06 17:09:00,704 [INFO] IPUIPlugin:80 - create IPUIPlugin
2024-10-06 17:09:00,704 [INFO] IPUIPlugin:80 - create IPUIPlugin
2024-10-06 17:09:00,704 [INFO] IPUIPlugin:80 - create IPUIPlugin
2024-10-06 17:09:00,704 [INFO] IPUIPlugin:80 - create IPUIPlugin
2024-10-06 17:09:00,704 [INFO] IPUIPlugin:80 - create IPUIPlugin
2024-10-06 17:09:00,704 [INFO] IPUIPlugin:80 - create IPUIPlugin
2024-10-06 17:09:00,704 [INFO] IPUIPlugin:80 - create IPUIPlugin
2024-10-06 17:09:00,704 [INFO] IPUIPlugin:80 - create IPUIPlugin
2024-10-06 17:09:00,705 [INFO] IPUIPlugin:80 - create IPUIPlugin
2024-10-06 17:09:00,705 [INFO] IPUIPlugin:80 - create IPUIPlugin
2024-10-06 17:09:00,705 [INFO] IPUIPlugin:80 - create IPUIPlugin
2024-10-06 17:09:00,705 [INFO] IPUIPlugin:80 - create IPUIPlugin
2024-10-06 17:09:00,705 [INFO] IPUIPlugin:80 - create IPUIPlugin
2024-10-06 17:09:00,705 [INFO] IPUIPlugin:80 - create IPUIPlugin
2024-10-06 17:09:00,705 [INFO] IPUIPlugin:80 - create IPUIPlugin
2024-10-06 17:09:00,706 [INFO] IPUIPlugin:80 - create IPUIPlugin
2024-10-06 17:09:00,706 [INFO] IPUIPlugin:80 - create IPUIPlugin
2024-10-06 17:09:00,706 [INFO] IPUIPlugin:80 - create IPUIPlugin
2024-10-06 17:09:00,706 [INFO] IPUIPlugin:80 - create IPUIPlugin
2024-10-06 17:09:00,706 [INFO] IPUIPlugin:80 - create IPUIPlugin
2024-10-06 17:09:00,706 [INFO] IPUIPlugin:80 - create IPUIPlugin
2024-10-06 17:09:00,707 [INFO] IPUIPlugin:80 - create IPUIPlugin
2024-10-06 17:09:00,707 [INFO] IPUIPlugin:80 - create IPUIPlugin
2024-10-06 17:09:00,707 [INFO] IPUIPlugin:80 - create IPUIPlugin
2024-10-06 17:09:00,707 [INFO] IPUIPlugin:80 - create IPUIPlugin
2024-10-06 17:09:00,708 [INFO] IPUIPlugin:80 - create IPUIPlugin
2024-10-06 17:09:00,709 [INFO] ApiDbMcu:508 - Load IP Config File for PDM2PCM
2024-10-06 17:09:00,721 [INFO] CADModel:165 - CPN selected for project levelSTM32F405RGT7
2024-10-06 17:09:00,721 [INFO] CADModel:114 - Register for checkConnection events
2024-10-06 17:09:00,759 [INFO] OpenFileManager:363 - Restore cursor
2024-10-06 17:09:01,015 [INFO] UtilMem:75 - End SaveConfig() Used Memory: 619670544 Bytes (905969664)
2024-10-06 17:09:01,037 [INFO] UtilMem:75 - End SaveConfig() Used Memory: 640115728 Bytes (905969664)
2024-10-06 17:09:01,109 [INFO] BlockDiagram:2766 - set Specific Code input for plugin: RCC
2024-10-06 17:09:01,109 [INFO] BlockDiagram:2766 - set Specific Code input for plugin: NVIC
2024-10-06 17:09:01,109 [INFO] CodeGenerator:807 - code generatio: config db path: /home/cdelong/st/stm32cubeide_1.16.1/plugins/com.st.stm32cube.common.mx_6.12.1.202409122256//db/
2024-10-06 17:09:01,162 [INFO] CodeEngine:255 - oldGeneratedFile, /home/cdelong/Desktop/audio_dsp_board/temp/MXTmpFiles/license.tmp_save
2024-10-06 17:09:01,207 [INFO] CodeEngine:279 - Generated code: /home/cdelong/Desktop/audio_dsp_board/temp/MXTmpFiles/license.tmp
2024-10-06 17:09:01,211 [INFO] CodeEngine:255 - oldGeneratedFile, /home/cdelong/Desktop/audio_dsp_board/temp/Core/Src/stm32f4xx_it.c_save
2024-10-06 17:09:01,257 [INFO] CodeEngine:279 - Generated code: /home/cdelong/Desktop/audio_dsp_board/temp/Core/Src/stm32f4xx_it.c
2024-10-06 17:09:01,258 [INFO] CodeEngine:255 - oldGeneratedFile, /home/cdelong/Desktop/audio_dsp_board/temp/Core/Inc/stm32f4xx_it.h_save
2024-10-06 17:09:01,300 [INFO] CodeEngine:279 - Generated code: /home/cdelong/Desktop/audio_dsp_board/temp/Core/Inc/stm32f4xx_it.h
2024-10-06 17:09:01,322 [INFO] CodeEngine:255 - oldGeneratedFile, /home/cdelong/Desktop/audio_dsp_board/temp/Core/Src/stm32f4xx_hal_msp.c_save
2024-10-06 17:09:01,381 [INFO] CodeEngine:279 - Generated code: /home/cdelong/Desktop/audio_dsp_board/temp/Core/Src/stm32f4xx_hal_msp.c
2024-10-06 17:09:01,382 [INFO] CodeEngine:255 - oldGeneratedFile, /home/cdelong/Desktop/audio_dsp_board/temp/MXTmpFiles/system.tmp_save
2024-10-06 17:09:01,430 [INFO] CodeEngine:279 - Generated code: /home/cdelong/Desktop/audio_dsp_board/temp/MXTmpFiles/system.tmp
2024-10-06 17:09:01,433 [INFO] CodeEngine:311 - oldGeneratedFile, /home/cdelong/Desktop/audio_dsp_board/temp/Core/Inc/stm32f4xx_hal_conf.h_save
2024-10-06 17:09:01,478 [INFO] CodeEngine:335 - Generated code: /home/cdelong/Desktop/audio_dsp_board/temp/Core/Inc/stm32f4xx_hal_conf.h
2024-10-06 17:09:01,499 [INFO] CodeEngine:255 - oldGeneratedFile, /home/cdelong/Desktop/audio_dsp_board/temp/Core/Inc/main.h_save
2024-10-06 17:09:01,543 [INFO] CodeEngine:279 - Generated code: /home/cdelong/Desktop/audio_dsp_board/temp/Core/Inc/main.h
2024-10-06 17:09:01,544 [INFO] CodeEngine:255 - oldGeneratedFile, /home/cdelong/Desktop/audio_dsp_board/temp/Core/Src/main.c_save
2024-10-06 17:09:01,610 [INFO] CodeEngine:279 - Generated code: /home/cdelong/Desktop/audio_dsp_board/temp/Core/Src/main.c
2024-10-06 17:09:01,786 [INFO] ProjectBuilder:3249 - Time for Copy HAL[1] : 15mS.
2024-10-06 17:09:01,788 [INFO] ProjectBuilder:4828 - Project Generator version: 4.5.0-B34
2024-10-06 17:09:01,849 [INFO] ConfigFileManager:1531 - The Die is : DIE413
2024-10-06 17:09:01,855 [INFO] ApiDbMcu:508 - Load IP Config File for FATFS
2024-10-06 17:09:01,875 [INFO] ApiDbMcu:508 - Load IP Config File for FREERTOS
2024-10-06 17:09:01,878 [INFO] ApiDbMcu:508 - Load IP Config File for LIBJPEG
2024-10-06 17:09:01,908 [INFO] ApiDbMcu:508 - Load IP Config File for MBEDTLS
2024-10-06 17:09:01,935 [INFO] ApiDbMcu:508 - Load IP Config File for USB_DEVICE
2024-10-06 17:09:01,942 [INFO] ApiDbMcu:508 - Load IP Config File for USB_HOST
2024-10-06 17:09:05,380 [INFO] ProjectBuilder:5097 - Time for Generating toolchain IDE Files: 3591mS.
2024-10-06 17:09:05,380 [INFO] ProjectBuilder:3107 - Time for Copy CMSIS : 0mS.
2024-10-06 17:09:05,380 [INFO] ProjectBuilder:3107 - Time for Copy CMSIS : 0mS.
2024-10-06 17:09:05,871 [INFO] McuFinderGlobals:76 - Set McuFinderConnectedMode to true
2024-10-06 17:09:05,873 [INFO] ApiDb:448 - Save user favorites file /home/cdelong/.stm32cubeide/favorites.mcus.txt: 0 item(s)
2024-10-06 17:09:05,873 [INFO] ApiDb:452 - User favorites MCUs=[]
2024-10-06 17:09:54,490 [WARN] IP:2191 - I2C_Coeff_DF not found: check if there is a RefParameter without a condition.
2024-10-06 17:09:54,491 [WARN] IP:2191 - Analog_Filter not found: check if there is a RefParameter without a condition.
2024-10-06 17:09:54,520 [WARN] IP:2191 - I2C_Coeff_DF not found: check if there is a RefParameter without a condition.
2024-10-06 17:09:54,520 [WARN] IP:2191 - Analog_Filter not found: check if there is a RefParameter without a condition.
2024-10-06 17:09:54,521 [WARN] IP:2191 - I2C_Coeff_DF not found: check if there is a RefParameter without a condition.
2024-10-06 17:09:54,521 [WARN] IP:2191 - Analog_Filter not found: check if there is a RefParameter without a condition.
2024-10-06 17:09:54,566 [WARN] IP:2191 - I2C_Coeff_DF not found: check if there is a RefParameter without a condition.
2024-10-06 17:09:54,566 [WARN] IP:2191 - Analog_Filter not found: check if there is a RefParameter without a condition.
2024-10-06 17:09:54,567 [WARN] IP:2191 - I2C_Coeff_DF not found: check if there is a RefParameter without a condition.
2024-10-06 17:09:54,567 [WARN] IP:2191 - Analog_Filter not found: check if there is a RefParameter without a condition.
2024-10-06 17:10:08,324 [WARN] IP:2191 - I2C_Coeff_DF not found: check if there is a RefParameter without a condition.
2024-10-06 17:10:08,325 [WARN] IP:2191 - Analog_Filter not found: check if there is a RefParameter without a condition.
2024-10-06 17:10:08,326 [WARN] IP:2191 - I2C_Coeff_DF not found: check if there is a RefParameter without a condition.
2024-10-06 17:10:08,326 [WARN] IP:2191 - Analog_Filter not found: check if there is a RefParameter without a condition.
2024-10-06 17:10:40,889 [INFO] I2sManager:658 - 9.6E7
2024-10-06 17:10:40,889 [INFO] I2sManager:195 - I2S Clock Value : 9.6E7
2024-10-06 17:10:40,890 [INFO] I2sManager:553 - AudioClock : 8000Divider : 187Odd : 1
2024-10-06 17:10:40,936 [INFO] I2sManager:658 - 9.6E7
2024-10-06 17:10:40,936 [INFO] I2sManager:195 - I2S Clock Value : 9.6E7
2024-10-06 17:10:40,936 [INFO] I2sManager:553 - AudioClock : 8000Divider : 187Odd : 1
2024-10-06 17:10:49,540 [INFO] I2sManager:658 - 9.6E7
2024-10-06 17:10:49,540 [INFO] I2sManager:195 - I2S Clock Value : 9.6E7
2024-10-06 17:10:49,540 [INFO] I2sManager:553 - AudioClock : 8000Divider : 187Odd : 1
2024-10-06 17:10:51,701 [INFO] I2sManager:658 - 9.6E7
2024-10-06 17:10:51,701 [INFO] I2sManager:195 - I2S Clock Value : 9.6E7
2024-10-06 17:10:51,702 [INFO] I2sManager:553 - AudioClock : 8000Divider : 187Odd : 1
2024-10-06 17:11:42,693 [INFO] UtilMem:75 - End SaveConfig() Used Memory: 666377272 Bytes (1042284544)
2024-10-06 17:11:46,584 [INFO] UtilMem:75 - End SaveConfig() Used Memory: 696263736 Bytes (1042284544)
2024-10-06 17:11:49,597 [INFO] UtilMem:75 - End SaveConfig() Used Memory: 780672056 Bytes (1042284544)
2024-10-06 17:11:49,677 [INFO] BlockDiagram:2766 - set Specific Code input for plugin: I2S
2024-10-06 17:11:49,677 [INFO] BlockDiagram:2766 - set Specific Code input for plugin: SYS
2024-10-06 17:11:49,677 [INFO] BlockDiagram:2766 - set Specific Code input for plugin: RCC
2024-10-06 17:11:49,677 [INFO] BlockDiagram:2766 - set Specific Code input for plugin: I2C
2024-10-06 17:11:49,677 [INFO] BlockDiagram:2766 - set Specific Code input for plugin: NVIC
2024-10-06 17:11:49,677 [INFO] BlockDiagram:2766 - set Specific Code input for plugin: DMA
2024-10-06 17:11:49,677 [INFO] BlockDiagram:2766 - set Specific Code input for plugin: GPIO
2024-10-06 17:11:49,678 [INFO] CodeGenerator:807 - code generatio: config db path: /home/cdelong/st/stm32cubeide_1.16.1/plugins/com.st.stm32cube.common.mx_6.12.1.202409122256//db/
2024-10-06 17:11:49,678 [WARN] IP:2191 - I2C_Coeff_DF not found: check if there is a RefParameter without a condition.
2024-10-06 17:11:49,679 [WARN] IP:2191 - Analog_Filter not found: check if there is a RefParameter without a condition.
2024-10-06 17:11:49,740 [INFO] CodeEngine:255 - oldGeneratedFile, /home/cdelong/Desktop/audio_dsp_board/temp/MXTmpFiles/license.tmp_save
2024-10-06 17:11:49,780 [INFO] CodeEngine:279 - Generated code: /home/cdelong/Desktop/audio_dsp_board/temp/MXTmpFiles/license.tmp
2024-10-06 17:11:49,791 [INFO] CodeEngine:255 - oldGeneratedFile, /home/cdelong/Desktop/audio_dsp_board/temp/MXTmpFiles/gpio.tmp_save
2024-10-06 17:11:49,832 [INFO] CodeEngine:279 - Generated code: /home/cdelong/Desktop/audio_dsp_board/temp/MXTmpFiles/gpio.tmp
2024-10-06 17:11:49,894 [INFO] CodeEngine:255 - oldGeneratedFile, /home/cdelong/Desktop/audio_dsp_board/temp/MXTmpFiles/dma.tmp_save
2024-10-06 17:11:49,941 [INFO] CodeEngine:279 - Generated code: /home/cdelong/Desktop/audio_dsp_board/temp/MXTmpFiles/dma.tmp
2024-10-06 17:11:49,942 [INFO] CodeEngine:255 - oldGeneratedFile, /home/cdelong/Desktop/audio_dsp_board/temp/MXTmpFiles/dma_GV.tmp_save
2024-10-06 17:11:49,984 [INFO] CodeEngine:279 - Generated code: /home/cdelong/Desktop/audio_dsp_board/temp/MXTmpFiles/dma_GV.tmp
2024-10-06 17:11:49,988 [INFO] CodeEngine:255 - oldGeneratedFile, /home/cdelong/Desktop/audio_dsp_board/temp/Core/Src/stm32f4xx_it.c_save
2024-10-06 17:11:50,043 [INFO] CodeEngine:279 - Generated code: /home/cdelong/Desktop/audio_dsp_board/temp/Core/Src/stm32f4xx_it.c
2024-10-06 17:11:50,044 [INFO] CodeEngine:255 - oldGeneratedFile, /home/cdelong/Desktop/audio_dsp_board/temp/Core/Inc/stm32f4xx_it.h_save
2024-10-06 17:11:50,087 [INFO] CodeEngine:279 - Generated code: /home/cdelong/Desktop/audio_dsp_board/temp/Core/Inc/stm32f4xx_it.h
2024-10-06 17:11:50,091 [INFO] CodeEngine:255 - oldGeneratedFile, /home/cdelong/Desktop/audio_dsp_board/temp/Core/Src/stm32f4xx_hal_msp.c_save
2024-10-06 17:11:50,158 [INFO] CodeEngine:279 - Generated code: /home/cdelong/Desktop/audio_dsp_board/temp/Core/Src/stm32f4xx_hal_msp.c
2024-10-06 17:11:50,159 [INFO] CodeEngine:255 - oldGeneratedFile, /home/cdelong/Desktop/audio_dsp_board/temp/MXTmpFiles/system.tmp_save
2024-10-06 17:11:50,200 [INFO] CodeEngine:279 - Generated code: /home/cdelong/Desktop/audio_dsp_board/temp/MXTmpFiles/system.tmp
2024-10-06 17:11:50,202 [INFO] CodeEngine:311 - oldGeneratedFile, /home/cdelong/Desktop/audio_dsp_board/temp/Core/Inc/stm32f4xx_hal_conf.h_save
2024-10-06 17:11:50,246 [INFO] CodeEngine:335 - Generated code: /home/cdelong/Desktop/audio_dsp_board/temp/Core/Inc/stm32f4xx_hal_conf.h
2024-10-06 17:11:50,252 [INFO] CodeEngine:255 - oldGeneratedFile, /home/cdelong/Desktop/audio_dsp_board/temp/Core/Inc/main.h_save
2024-10-06 17:11:50,292 [INFO] CodeEngine:279 - Generated code: /home/cdelong/Desktop/audio_dsp_board/temp/Core/Inc/main.h
2024-10-06 17:11:50,292 [INFO] CodeEngine:255 - oldGeneratedFile, /home/cdelong/Desktop/audio_dsp_board/temp/Core/Src/main.c_save
2024-10-06 17:11:50,351 [INFO] CodeEngine:279 - Generated code: /home/cdelong/Desktop/audio_dsp_board/temp/Core/Src/main.c
2024-10-06 17:11:50,492 [INFO] ProjectBuilder:3249 - Time for Copy HAL[1] : 16mS.
2024-10-06 17:11:50,492 [INFO] ProjectBuilder:4828 - Project Generator version: 4.5.0-B34
2024-10-06 17:11:50,550 [INFO] ConfigFileManager:1531 - The Die is : DIE413
2024-10-06 17:11:50,905 [INFO] ProjectBuilder:5097 - Time for Generating toolchain IDE Files: 413mS.
2024-10-06 17:11:50,906 [INFO] ProjectBuilder:3107 - Time for Copy CMSIS : 1mS.
2024-10-06 17:11:50,906 [INFO] ProjectBuilder:3107 - Time for Copy CMSIS : 0mS.
2024-10-06 17:11:51,585 [INFO] MainUpdater:2873 - connection check result : 10
2024-10-06 17:11:51,586 [INFO] MainUpdater:2873 - connection check result : 10
2024-10-06 17:11:51,630 [INFO] I2sManager:658 - 9.6E7
2024-10-06 17:11:51,630 [INFO] I2sManager:195 - I2S Clock Value : 9.6E7
2024-10-06 17:11:51,630 [INFO] I2sManager:553 - AudioClock : 8000Divider : 187Odd : 1
2024-10-06 17:11:51,634 [INFO] MicroXplorer:468 - Change Database Path : 
2024-10-06 17:11:51,634 [INFO] MicroXplorer:498 - Change Database Version : DB.6.0.121
2024-10-06 17:11:51,650 [ERROR] ProjectManagerView:394 - 
java.lang.NullPointerException: Cannot invoke "javax.swing.JTextField.getText()" because the return value of "java.util.List.get(int)" is null
	at com.st.microxplorer.plugins.projectmanager.gui.ProjectChoiceTab$10.caretUpdate(ProjectChoiceTab.java:2622) ~[filemanager.jar:?]
	at javax.swing.text.JTextComponent.fireCaretUpdate(JTextComponent.java:412) ~[?:?]
	at javax.swing.text.JTextComponent$MutableCaretEvent.fire(JTextComponent.java:4491) ~[?:?]
	at javax.swing.text.JTextComponent$MutableCaretEvent.stateChanged(JTextComponent.java:4513) ~[?:?]
	at javax.swing.text.DefaultCaret.fireStateChanged(DefaultCaret.java:842) ~[?:?]
	at javax.swing.text.DefaultCaret.changeCaretPosition(DefaultCaret.java:1313) ~[?:?]
	at javax.swing.text.DefaultCaret.handleSetDot(DefaultCaret.java:1212) ~[?:?]
	at javax.swing.text.DefaultCaret.setDot(DefaultCaret.java:1193) ~[?:?]
	at javax.swing.text.DefaultCaret$Handler.insertUpdate(DefaultCaret.java:1789) ~[?:?]
	at javax.swing.text.AbstractDocument.fireInsertUpdate(AbstractDocument.java:226) ~[?:?]
	at javax.swing.text.AbstractDocument.handleInsertString(AbstractDocument.java:780) ~[?:?]
	at javax.swing.text.AbstractDocument.insertString(AbstractDocument.java:739) ~[?:?]
	at javax.swing.text.PlainDocument.insertString(PlainDocument.java:131) ~[?:?]
	at javax.swing.text.AbstractDocument.replace(AbstractDocument.java:698) ~[?:?]
	at javax.swing.text.JTextComponent.setText(JTextComponent.java:1729) ~[?:?]
	at com.st.microxplorer.plugins.projectmanager.gui.ProjectChoiceTab.createHeapStackFields(ProjectChoiceTab.java:972) ~[filemanager.jar:?]
	at com.st.microxplorer.plugins.projectmanager.gui.ProjectChoiceTab.buildLinkSettingsPanel(ProjectChoiceTab.java:3597) ~[filemanager.jar:?]
	at com.st.microxplorer.plugins.projectmanager.gui.ProjectChoiceTab.defineWindowsFields(ProjectChoiceTab.java:1940) ~[filemanager.jar:?]
	at com.st.microxplorer.plugins.projectmanager.gui.ProjectChoiceTab.updateSettings(ProjectChoiceTab.java:550) ~[filemanager.jar:?]
	at com.st.microxplorer.plugins.projectmanager.gui.ProjectSettingsPanel.UpdateDialog(ProjectSettingsPanel.java:245) ~[filemanager.jar:?]
	at com.st.microxplorer.plugins.projectmanager.ProjectManagerView.propertyChange(ProjectManagerView.java:391) ~[filemanager.jar:?]
	at java.beans.PropertyChangeSupport.fire(PropertyChangeSupport.java:343) ~[?:?]
	at java.beans.PropertyChangeSupport.firePropertyChange(PropertyChangeSupport.java:335) ~[?:?]
	at java.beans.PropertyChangeSupport.firePropertyChange(PropertyChangeSupport.java:268) ~[?:?]
	at com.st.microxplorer.util.MXPropertyChangeSupport.firePropertyChange(MXPropertyChangeSupport.java:54) ~[STM32CubeMX.jar:?]
	at com.st.microxplorer.mxsystem.MxSystem.closeConfig(MxSystem.java:900) ~[STM32CubeMX.jar:?]
	at com.st.microxplorer.maingui.MainPanel.closeConfig(MainPanel.java:781) ~[STM32CubeMX.jar:?]
	at com.st.microxplorer.plugins.filemanager.engine.OpenFileManager.loadConfigurationFile(OpenFileManager.java:265) ~[filemanager.jar:?]
	at com.st.microxplorer.plugins.filemanager.engine.MainFileManager.userLoadConfig(MainFileManager.java:352) ~[filemanager.jar:?]
	at com.st.microxplorer.plugins.filemanager.engine.MainFileManager.userLoadConfig(MainFileManager.java:330) ~[filemanager.jar:?]
	at com.st.microxplorer.plugins.filemanager.FileManagerView.getSpecificTask(FileManagerView.java:246) ~[filemanager.jar:?]
	at com.st.stm32cube.common.mx.editor.CubeMxEditor.getMxTabbedPaneInstance(CubeMxEditor.java:1198) ~[com.st.stm32cube.common.mx_6.12.1.202409122256/:?]
	at com.st.stm32cube.common.mx.editor.CubeMxEditor$12$1.createSwingComponent(CubeMxEditor.java:1068) ~[com.st.stm32cube.common.mx_6.12.1.202409122256/:?]
	at com.st.stm32cube.common.mx.oss.core.awtswtbridge.EmbeddedSwingComposite.doComponentCreation(EmbeddedSwingComposite.java:492) ~[com.st.stm32cube.common.mx.oss_6.12.1.202409122256/:?]
	at com.st.stm32cube.common.mx.oss.core.awtswtbridge.EmbeddedSwingComposite$4.run(EmbeddedSwingComposite.java:291) ~[com.st.stm32cube.common.mx.oss_6.12.1.202409122256/:?]
	at com.st.stm32cube.common.mx.oss.core.awtswtbridge.AwtEnvironment$2.run(AwtEnvironment.java:166) ~[com.st.stm32cube.common.mx.oss_6.12.1.202409122256/:?]
	at java.awt.event.InvocationEvent.dispatch(InvocationEvent.java:318) ~[?:?]
	at java.awt.EventQueue.dispatchEventImpl(EventQueue.java:773) ~[?:?]
	at java.awt.EventQueue$4.run(EventQueue.java:720) ~[?:?]
	at java.awt.EventQueue$4.run(EventQueue.java:714) ~[?:?]
	at java.security.AccessController.doPrivileged(AccessController.java:399) ~[?:?]
	at java.security.ProtectionDomain$JavaSecurityAccessImpl.doIntersectionPrivilege(ProtectionDomain.java:86) ~[?:?]
	at java.awt.EventQueue.dispatchEvent(EventQueue.java:742) ~[?:?]
	at java.awt.EventDispatchThread.pumpOneEventForFilters(EventDispatchThread.java:203) ~[?:?]
	at java.awt.EventDispatchThread.pumpEventsForFilter(EventDispatchThread.java:124) ~[?:?]
	at java.awt.EventDispatchThread.pumpEventsForHierarchy(EventDispatchThread.java:113) ~[?:?]
	at java.awt.EventDispatchThread.pumpEvents(EventDispatchThread.java:109) ~[?:?]
	at java.awt.EventDispatchThread.pumpEvents(EventDispatchThread.java:101) ~[?:?]
	at java.awt.EventDispatchThread.run(EventDispatchThread.java:90) ~[?:?]
2024-10-06 17:11:51,652 [WARN] ThirdParty:871 - waiting for thirdparty lock release [close project]
2024-10-06 17:11:51,653 [INFO] ThirdParty:873 - entering critical section [close project]
2024-10-06 17:11:51,653 [INFO] ThirdParty:883 - exiting critical section [close project]
2024-10-06 17:11:51,656 [INFO] PinOutPanel:1561 - setPackage(No Configuration,No Configuration)
2024-10-06 17:11:51,666 [WARN] IpParametersView:151 - Warning: This peripheral hasn't parameters
2024-10-06 17:11:51,673 [WARN] MainPanel:284 - <html><b><center>Warning: This peripheral has no parameters to be configured<br></b></html>
2024-10-06 17:11:51,678 [INFO] UtilMem:75 - Begin LoadConfig() Used Memory: 672217968 Bytes (1042284544)
2024-10-06 17:11:51,679 [INFO] MicroXplorer:468 - Change Database Path : 
2024-10-06 17:11:51,680 [INFO] MicroXplorer:498 - Change Database Version : DB.6.0.121
2024-10-06 17:11:51,680 [INFO] OpenFileManager:332 - Change cursor
2024-10-06 17:11:51,711 [INFO] RulesReader:64 - Compatibility file has been processed (297 Rules)
2024-10-06 17:11:51,716 [INFO] Mcu:2032 - Initializing MCU STM32F405RGTx STM32F405RGTx STM32F405RGT6
2024-10-06 17:11:52,808 [INFO] Context:742 - Trying to add GPIOservice into a context  which must be forbidden
2024-10-06 17:11:52,997 [INFO] RtosManager:555 - Registered RTOS mode: class=CMSIS, group=RTOS, mode=CMSIS_V1, owner=FREERTOS
2024-10-06 17:11:52,997 [INFO] RtosManager:555 - Registered RTOS mode: class=CMSIS, group=RTOS2, mode=CMSIS_V2, owner=FREERTOS
2024-10-06 17:11:52,997 [INFO] RtosManager:555 - Registered RTOS mode: class=RTOS, group=Core, mode=CMSIS_V1, owner=FREERTOS
2024-10-06 17:11:52,997 [INFO] RtosManager:555 - Registered RTOS mode: class=RTOS, group=Core, mode=CMSIS_V2, owner=FREERTOS
2024-10-06 17:11:52,997 [WARN] ModelIntegratedComponent:184 - Missing modes for component STMicroelectronics:FreeRTOS:0.0.1:STMicroelectronics:RTOS:FreeRTOS:Core:::10.2.0:
2024-10-06 17:11:53,000 [WARN] ModelIntegratedComponent:63 - No mode defined for component null
2024-10-06 17:11:53,000 [WARN] ModelIntegratedComponent:63 - No mode defined for component null
2024-10-06 17:11:53,000 [WARN] ModelIntegratedComponent:63 - No mode defined for component null
2024-10-06 17:11:53,000 [WARN] ModelIntegratedComponent:63 - No mode defined for component null
2024-10-06 17:11:53,000 [WARN] ModelIntegratedComponent:63 - No mode defined for component null
2024-10-06 17:11:53,000 [WARN] ModelIntegratedComponent:63 - No mode defined for component null
2024-10-06 17:11:53,000 [WARN] ModelIntegratedComponent:63 - No mode defined for component null
2024-10-06 17:11:53,000 [WARN] ModelIntegratedComponent:63 - No mode defined for component null
2024-10-06 17:11:53,000 [WARN] ModelIntegratedComponent:63 - No mode defined for component null
2024-10-06 17:11:53,000 [WARN] ModelIntegratedComponent:63 - No mode defined for component null
2024-10-06 17:11:53,000 [WARN] ModelIntegratedComponent:63 - No mode defined for component null
2024-10-06 17:11:53,000 [WARN] ModelIntegratedComponent:63 - No mode defined for component null
2024-10-06 17:11:53,000 [WARN] ModelIntegratedComponent:63 - No mode defined for component null
2024-10-06 17:11:53,000 [WARN] ModelIntegratedComponent:63 - No mode defined for component null
2024-10-06 17:11:53,000 [WARN] ModelIntegratedComponent:63 - No mode defined for component null
2024-10-06 17:11:53,000 [WARN] ModelIntegratedComponent:63 - No mode defined for component null
2024-10-06 17:11:53,000 [WARN] ModelIntegratedComponent:63 - No mode defined for component null
2024-10-06 17:11:53,000 [WARN] ModelIntegratedComponent:63 - No mode defined for component null
2024-10-06 17:11:53,000 [WARN] ModelIntegratedComponent:63 - No mode defined for component null
2024-10-06 17:11:53,000 [WARN] ModelIntegratedComponent:63 - No mode defined for component null
2024-10-06 17:11:53,001 [WARN] ModelIntegratedComponent:63 - No mode defined for component null
2024-10-06 17:11:53,001 [WARN] ModelIntegratedComponent:63 - No mode defined for component null
2024-10-06 17:11:53,001 [WARN] ModelIntegratedComponent:63 - No mode defined for component null
2024-10-06 17:11:53,001 [WARN] ModelIntegratedComponent:63 - No mode defined for component null
2024-10-06 17:11:53,001 [WARN] ModelIntegratedComponent:63 - No mode defined for component null
2024-10-06 17:11:53,001 [WARN] ModelIntegratedComponent:63 - No mode defined for component null
2024-10-06 17:11:53,001 [WARN] ModelIntegratedComponent:63 - No mode defined for component null
2024-10-06 17:11:53,001 [WARN] ModelIntegratedComponent:63 - No mode defined for component null
2024-10-06 17:11:53,001 [WARN] ModelIntegratedComponent:63 - No mode defined for component null
2024-10-06 17:11:53,001 [WARN] ModelIntegratedComponent:63 - No mode defined for component null
2024-10-06 17:11:53,001 [WARN] ModelIntegratedComponent:63 - No mode defined for component null
2024-10-06 17:11:53,001 [WARN] ModelIntegratedComponent:63 - No mode defined for component null
2024-10-06 17:11:53,001 [WARN] ModelIntegratedComponent:63 - No mode defined for component null
2024-10-06 17:11:53,001 [WARN] ModelIntegratedComponent:63 - No mode defined for component null
2024-10-06 17:11:53,001 [WARN] ModelIntegratedComponent:63 - No mode defined for component null
2024-10-06 17:11:53,001 [WARN] ModelPack:524 - Component already loaded: STMicroelectronics:HAL Drivers:0.0.0:STMicroelectronics:Device:STMicro_Driver:XSPI:HAL::0.0.1:HAL_XSPI
2024-10-06 17:11:53,009 [INFO] ThirdPartyModel:298 - Start build external matchings
2024-10-06 17:11:53,291 [INFO] ThirdPartyModel:316 - End build external matchings
2024-10-06 17:11:53,296 [INFO] RtosManager:919 - Current active RTOS is FREERTOS [Cortex-M4NS]
2024-10-06 17:11:53,299 [WARN] IP:2191 - I2C_Coeff_DF not found: check if there is a RefParameter without a condition.
2024-10-06 17:11:53,299 [WARN] IP:2191 - Analog_Filter not found: check if there is a RefParameter without a condition.
2024-10-06 17:11:53,432 [INFO] UtilMem:75 - End LoadConfig() Used Memory: 329002496 Bytes (1042284544)
2024-10-06 17:11:53,462 [WARN] ThirdParty:833 - waiting for thirdparty lock release [change project]
2024-10-06 17:11:53,462 [INFO] ThirdParty:835 - entering critical section [change project]
2024-10-06 17:11:53,462 [INFO] ThirdParty:1030 - CMSIS Pack Vendor :STMicroelectronics USBPD 4.1
2024-10-06 17:11:53,463 [INFO] ThirdParty:1030 - CMSIS Pack Vendor :STMicroelectronics X-CUBE-AZRTOS-H7 3.3.0
2024-10-06 17:11:53,463 [INFO] ThirdParty:1030 - CMSIS Pack Vendor :STMicroelectronics X-CUBE-NFC9 1.0.0
2024-10-06 17:11:53,463 [INFO] ThirdParty:1030 - CMSIS Pack Vendor :STMicroelectronics USB_HOST 2.0.0
2024-10-06 17:11:53,463 [INFO] ThirdParty:1030 - CMSIS Pack Vendor :STMicroelectronics FP-SNS-MOTENVWB1 1.4.0
2024-10-06 17:11:53,463 [INFO] ThirdParty:1030 - CMSIS Pack Vendor :STMicroelectronics X-CUBE-AZRTOS-F4 1.1.0
2024-10-06 17:11:53,463 [INFO] ThirdParty:1030 - CMSIS Pack Vendor :STMicroelectronics LIBJPEG 8.0.0
2024-10-06 17:11:53,463 [INFO] ThirdParty:1030 - CMSIS Pack Vendor :STMicroelectronics X-CUBE-SMBUS 2.1.0
2024-10-06 17:11:53,463 [INFO] ThirdParty:1030 - CMSIS Pack Vendor :STMicroelectronics X-CUBE-WB05N 1.1.0
2024-10-06 17:11:53,463 [INFO] ThirdParty:1030 - CMSIS Pack Vendor :STMicroelectronics USB_DEVICE 3.0.0
2024-10-06 17:11:53,463 [INFO] ThirdParty:1030 - CMSIS Pack Vendor :STMicroelectronics X-CUBE-TCPP 4.1.0
2024-10-06 17:11:53,463 [INFO] ThirdParty:1030 - CMSIS Pack Vendor :STMicroelectronics X-CUBE-ISPU 2.1.0
2024-10-06 17:11:53,463 [INFO] ThirdParty:1030 - CMSIS Pack Vendor :STMicroelectronics X-CUBE-FREERTOS 1.2.0
2024-10-06 17:11:53,463 [INFO] ThirdParty:1030 - CMSIS Pack Vendor :STMicroelectronics X-CUBE-IPS 3.0.0
2024-10-06 17:11:53,464 [INFO] ThirdParty:1030 - CMSIS Pack Vendor :STMicroelectronics X-CUBE-AZRTOS-WB 2.0.0
2024-10-06 17:11:53,464 [INFO] ThirdParty:1030 - CMSIS Pack Vendor :STMicroelectronics X-CUBE-GNSS1 7.0.0
2024-10-06 17:11:53,464 [INFO] ThirdParty:1030 - CMSIS Pack Vendor :STMicroelectronics X-CUBE-AZRTOS-F7 1.1.0
2024-10-06 17:11:53,464 [INFO] ThirdParty:1030 - CMSIS Pack Vendor :STMicroelectronics X-CUBE-AZRTOS-L5 2.0.0
2024-10-06 17:11:53,464 [INFO] ThirdParty:1030 - CMSIS Pack Vendor :STMicroelectronics USB_DEVICE 2.0.0
2024-10-06 17:11:53,464 [INFO] ThirdParty:1030 - CMSIS Pack Vendor :STMicroelectronics X-CUBE-NFC6 3.1.0
2024-10-06 17:11:53,464 [INFO] ThirdParty:1030 - CMSIS Pack Vendor :STMicroelectronics FP-SNS-STBOX1 2.0.0
2024-10-06 17:11:53,464 [INFO] ThirdParty:1030 - CMSIS Pack Vendor :STMicroelectronics X-CUBE-MEMS1 11.0.0
2024-10-06 17:11:53,464 [INFO] ThirdParty:1030 - CMSIS Pack Vendor :STMicroelectronics FreeRTOS 0.0.1
2024-10-06 17:11:53,464 [INFO] ThirdParty:1030 - CMSIS Pack Vendor :STMicroelectronics X-CUBE-AZRTOS-G0 1.1.0
2024-10-06 17:11:53,464 [INFO] ThirdParty:1030 - CMSIS Pack Vendor :STMicroelectronics X-CUBE-SAFEA1 1.2.2
2024-10-06 17:11:53,464 [INFO] ThirdParty:1030 - CMSIS Pack Vendor :STMicroelectronics X-CUBE-NFC4 3.0.0
2024-10-06 17:11:53,465 [INFO] ThirdParty:1030 - CMSIS Pack Vendor :STMicroelectronics X-CUBE-DPower 1.2.0
2024-10-06 17:11:53,465 [INFO] ThirdParty:1030 - CMSIS Pack Vendor :STMicroelectronics X-CUBE-SUBG2 5.0.0
2024-10-06 17:11:53,465 [INFO] ThirdParty:1030 - CMSIS Pack Vendor :STMicroelectronics STM32_WPAN 1.0.0
2024-10-06 17:11:53,465 [INFO] ThirdParty:1030 - CMSIS Pack Vendor :EmbeddedOffice I-CUBE-FS-RTOS 1.0.1
2024-10-06 17:11:53,465 [INFO] ThirdParty:1030 - CMSIS Pack Vendor :STMicroelectronics lwIP 2.0.3
2024-10-06 17:11:53,465 [INFO] ThirdParty:1030 - CMSIS Pack Vendor :STMicroelectronics FP-SNS-FLIGHT1 5.0.2
2024-10-06 17:11:53,465 [INFO] ThirdParty:1030 - CMSIS Pack Vendor :Cesanta I-CUBE-Mongoose 7.13.0
2024-10-06 17:11:53,465 [INFO] ThirdParty:1030 - CMSIS Pack Vendor :STMicroelectronics USB_HOST 1.0.0
2024-10-06 17:11:53,465 [INFO] ThirdParty:1030 - CMSIS Pack Vendor :STMicroelectronics X-CUBE-AI 9.0.0
2024-10-06 17:11:53,465 [INFO] ThirdParty:1030 - CMSIS Pack Vendor :STMicroelectronics X-CUBE-AZRTOS-G4 2.0.0
2024-10-06 17:11:53,465 [INFO] ThirdParty:1030 - CMSIS Pack Vendor :STMicroelectronics PDM2PCM 3.1.0
2024-10-06 17:11:53,465 [INFO] ThirdParty:1030 - CMSIS Pack Vendor :STMicroelectronics PDM2PCM 3.3.0
2024-10-06 17:11:53,465 [INFO] ThirdParty:1030 - CMSIS Pack Vendor :STMicroelectronics X-CUBE-DISPLAY 3.0.0
2024-10-06 17:11:53,466 [INFO] ThirdParty:1030 - CMSIS Pack Vendor :RealThread X-CUBE-RT-Thread_Nano 4.1.1
2024-10-06 17:11:53,466 [INFO] ThirdParty:1030 - CMSIS Pack Vendor :STMicroelectronics X-CUBE-BLE1 7.0.0
2024-10-06 17:11:53,466 [INFO] ThirdParty:1030 - CMSIS Pack Vendor :STMicroelectronics FP-ATR-SIGFOX1 3.2.0
2024-10-06 17:11:53,466 [INFO] ThirdParty:1030 - CMSIS Pack Vendor :STMicroelectronics X-CUBE-NFC10 1.0.0
2024-10-06 17:11:53,466 [INFO] ThirdParty:1030 - CMSIS Pack Vendor :wolfSSL I-CUBE-wolfSSL 5.7.2
2024-10-06 17:11:53,466 [INFO] ThirdParty:1030 - CMSIS Pack Vendor :STMicroelectronics X-CUBE-EEPRMA1 5.1.0
2024-10-06 17:11:53,466 [INFO] ThirdParty:1030 - CMSIS Pack Vendor :STMicroelectronics HAL Drivers 0.0.0
2024-10-06 17:11:53,466 [INFO] ThirdParty:1030 - CMSIS Pack Vendor :STMicroelectronics MBEDTLS 2.16.2
2024-10-06 17:11:53,466 [INFO] ThirdParty:1030 - CMSIS Pack Vendor :STMicroelectronics X-CUBE-ALS 1.0.2
2024-10-06 17:11:53,466 [INFO] ThirdParty:1030 - CMSIS Pack Vendor :emotas I-CUBE-CANOPEN 1.3.0
2024-10-06 17:11:53,525 [INFO] ThirdParty:1030 - CMSIS Pack Vendor :STMicroelectronics X-CUBE-NFC7 1.0.1
2024-10-06 17:11:53,525 [INFO] ThirdParty:1030 - CMSIS Pack Vendor :STMicroelectronics MBEDTLS 2.14.1
2024-10-06 17:11:53,525 [INFO] ThirdParty:1030 - CMSIS Pack Vendor :ITTIA_DB I-CUBE-ITTIADB 8.9.0
2024-10-06 17:11:53,525 [INFO] ThirdParty:1030 - CMSIS Pack Vendor :STMicroelectronics X-CUBE-TOUCHGFX 4.24.1
2024-10-06 17:11:53,526 [INFO] ThirdParty:1030 - CMSIS Pack Vendor :wolfSSL I-CUBE-wolfTPM 3.4.0
2024-10-06 17:11:53,526 [INFO] ThirdParty:1030 - CMSIS Pack Vendor :portGmbH I-Cube-SoM-uGOAL 1.1.0
2024-10-06 17:11:53,526 [INFO] ThirdParty:1030 - CMSIS Pack Vendor :STMicroelectronics X-CUBE-BLEMGR 3.1.0
2024-10-06 17:11:53,526 [INFO] ThirdParty:1030 - CMSIS Pack Vendor :STMicroelectronics ThreadX 1.0.0
2024-10-06 17:11:53,526 [INFO] ThirdParty:1030 - CMSIS Pack Vendor :STMicroelectronics FP-SNS-SMARTAG2 1.2.0
2024-10-06 17:11:53,526 [INFO] ThirdParty:1030 - CMSIS Pack Vendor :STMicroelectronics X-CUBE-AZRTOS-WL 2.0.0
2024-10-06 17:11:53,526 [INFO] ThirdParty:1030 - CMSIS Pack Vendor :SEGGER I-CUBE-embOS 1.3.1
2024-10-06 17:11:53,526 [INFO] ThirdParty:1030 - CMSIS Pack Vendor :STMicroelectronics X-CUBE-ALGOBUILD 1.4.0
2024-10-06 17:11:53,526 [INFO] ThirdParty:1030 - CMSIS Pack Vendor :STMicroelectronics FP-SNS-MOTENV1 5.0.0
2024-10-06 17:11:53,526 [INFO] ThirdParty:1030 - CMSIS Pack Vendor :STMicroelectronics USB_DEVICE 1.0.0
2024-10-06 17:11:53,526 [INFO] ThirdParty:1030 - CMSIS Pack Vendor :STMicroelectronics X-CUBE-AZRTOS-H7RS 1.0.0
2024-10-06 17:11:53,526 [INFO] ThirdParty:1030 - CMSIS Pack Vendor :wolfSSL I-CUBE-wolfMQTT 1.19.0
2024-10-06 17:11:53,526 [INFO] ThirdParty:1030 - CMSIS Pack Vendor :STMicroelectronics X-CUBE-AZRTOS-L4 2.0.0
2024-10-06 17:11:53,526 [INFO] ThirdParty:1030 - CMSIS Pack Vendor :STMicroelectronics ThreadX 0.0.2
2024-10-06 17:11:53,527 [INFO] ThirdParty:1030 - CMSIS Pack Vendor :WES I-CUBE-Cesium 1.3.0
2024-10-06 17:11:53,527 [INFO] ThirdParty:1030 - CMSIS Pack Vendor :STMicroelectronics FP-ATR-ASTRA1 2.0.0
2024-10-06 17:11:53,527 [INFO] ThirdParty:1030 - CMSIS Pack Vendor :STMicroelectronics lwIP 2.1.2
2024-10-06 17:11:53,527 [INFO] ThirdParty:1030 - CMSIS Pack Vendor :STMicroelectronics X-CUBE-SFXS2LP1 4.0.0
2024-10-06 17:11:53,527 [INFO] ThirdParty:1030 - CMSIS Pack Vendor :STMicroelectronics X-CUBE-BLE2 3.3.0
2024-10-06 17:11:53,527 [INFO] ThirdParty:1030 - CMSIS Pack Vendor :STMicroelectronics X-CUBE-TOF1 3.4.2
2024-10-06 17:11:53,527 [INFO] ThirdParty:1030 - CMSIS Pack Vendor :STMicroelectronics X-CUBE-AI 9.1.0
2024-10-06 17:11:53,527 [INFO] ThirdParty:1030 - CMSIS Pack Vendor :Infineon AIROC-Wi-Fi-Bluetooth-STM32 1.6.1
2024-10-06 17:11:53,527 [INFO] ThirdParty:1030 - CMSIS Pack Vendor :STMicroelectronics PDM2PCM 3.2.0
2024-10-06 17:11:53,527 [INFO] ThirdParty:1030 - CMSIS Pack Vendor :wolfSSL I-CUBE-wolfSSH 1.4.17
2024-10-06 17:11:53,527 [INFO] ThirdParty:841 - exiting critical section [change project]
2024-10-06 17:11:54,029 [INFO] PinOutPanel:1561 - setPackage(No Configuration,No Configuration)
2024-10-06 17:11:54,029 [INFO] PinOutPanel:1561 - setPackage(STM32F405RGTx,LQFP64)
2024-10-06 17:11:54,151 [INFO] UtilMem:75 - Before build in PCC Used Memory: 514137912 Bytes (1042284544)
2024-10-06 17:11:54,240 [INFO] UtilMem:75 - After build in PCC Used Memory: 559681960 Bytes (1042284544)
2024-10-06 17:11:54,260 [INFO] ApiDbMcu:508 - Load IP Config File for FREERTOS
2024-10-06 17:11:54,273 [INFO] IPUIPlugin:80 - create IPUIPlugin
2024-10-06 17:11:54,273 [INFO] IPUIPlugin:80 - create IPUIPlugin
2024-10-06 17:11:54,273 [INFO] IPUIPlugin:80 - create IPUIPlugin
2024-10-06 17:11:54,273 [INFO] IPUIPlugin:80 - create IPUIPlugin
2024-10-06 17:11:54,273 [INFO] IPUIPlugin:80 - create IPUIPlugin
2024-10-06 17:11:54,273 [INFO] IPUIPlugin:80 - create IPUIPlugin
2024-10-06 17:11:54,273 [INFO] IPUIPlugin:80 - create IPUIPlugin
2024-10-06 17:11:54,273 [INFO] IPUIPlugin:80 - create IPUIPlugin
2024-10-06 17:11:54,273 [INFO] IPUIPlugin:80 - create IPUIPlugin
2024-10-06 17:11:54,273 [INFO] IPUIPlugin:80 - create IPUIPlugin
2024-10-06 17:11:54,274 [INFO] IPUIPlugin:80 - create IPUIPlugin
2024-10-06 17:11:54,274 [INFO] IPUIPlugin:80 - create IPUIPlugin
2024-10-06 17:11:54,274 [INFO] IPUIPlugin:80 - create IPUIPlugin
2024-10-06 17:11:54,274 [INFO] IPUIPlugin:80 - create IPUIPlugin
2024-10-06 17:11:54,274 [INFO] IPUIPlugin:80 - create IPUIPlugin
2024-10-06 17:11:54,274 [INFO] IPUIPlugin:80 - create IPUIPlugin
2024-10-06 17:11:54,274 [INFO] IPUIPlugin:80 - create IPUIPlugin
2024-10-06 17:11:54,274 [INFO] IPUIPlugin:80 - create IPUIPlugin
2024-10-06 17:11:54,274 [INFO] IPUIPlugin:80 - create IPUIPlugin
2024-10-06 17:11:54,274 [INFO] IPUIPlugin:80 - create IPUIPlugin
2024-10-06 17:11:54,274 [INFO] IPUIPlugin:80 - create IPUIPlugin
2024-10-06 17:11:54,275 [INFO] IPUIPlugin:80 - create IPUIPlugin
2024-10-06 17:11:54,275 [INFO] IPUIPlugin:80 - create IPUIPlugin
2024-10-06 17:11:54,275 [INFO] IPUIPlugin:80 - create IPUIPlugin
2024-10-06 17:11:54,275 [INFO] IPUIPlugin:80 - create IPUIPlugin
2024-10-06 17:11:54,275 [INFO] IPUIPlugin:80 - create IPUIPlugin
2024-10-06 17:11:54,275 [INFO] IPUIPlugin:80 - create IPUIPlugin
2024-10-06 17:11:54,275 [INFO] IPUIPlugin:80 - create IPUIPlugin
2024-10-06 17:11:54,275 [INFO] IPUIPlugin:80 - create IPUIPlugin
2024-10-06 17:11:54,275 [INFO] IPUIPlugin:80 - create IPUIPlugin
2024-10-06 17:11:54,276 [INFO] IPUIPlugin:80 - create IPUIPlugin
2024-10-06 17:11:54,276 [INFO] IPUIPlugin:80 - create IPUIPlugin
2024-10-06 17:11:54,276 [INFO] IPUIPlugin:80 - create IPUIPlugin
2024-10-06 17:11:54,276 [INFO] IPUIPlugin:80 - create IPUIPlugin
2024-10-06 17:11:54,276 [INFO] IPUIPlugin:80 - create IPUIPlugin
2024-10-06 17:11:54,276 [INFO] IPUIPlugin:80 - create IPUIPlugin
2024-10-06 17:11:54,276 [INFO] IPUIPlugin:80 - create IPUIPlugin
2024-10-06 17:11:54,276 [INFO] IPUIPlugin:80 - create IPUIPlugin
2024-10-06 17:11:54,277 [INFO] IPUIPlugin:80 - create IPUIPlugin
2024-10-06 17:11:54,277 [INFO] IPUIPlugin:80 - create IPUIPlugin
2024-10-06 17:11:54,277 [INFO] IPUIPlugin:80 - create IPUIPlugin
2024-10-06 17:11:54,277 [INFO] IPUIPlugin:80 - create IPUIPlugin
2024-10-06 17:11:54,277 [INFO] IPUIPlugin:80 - create IPUIPlugin
2024-10-06 17:11:54,277 [INFO] IPUIPlugin:80 - create IPUIPlugin
2024-10-06 17:11:54,277 [INFO] IPUIPlugin:80 - create IPUIPlugin
2024-10-06 17:11:54,278 [INFO] IPUIPlugin:80 - create IPUIPlugin
2024-10-06 17:11:54,278 [INFO] IPUIPlugin:80 - create IPUIPlugin
2024-10-06 17:11:54,278 [INFO] IPUIPlugin:80 - create IPUIPlugin
2024-10-06 17:11:54,278 [INFO] IPUIPlugin:80 - create IPUIPlugin
2024-10-06 17:11:54,278 [INFO] IPUIPlugin:80 - create IPUIPlugin
2024-10-06 17:11:54,279 [INFO] IPUIPlugin:80 - create IPUIPlugin
2024-10-06 17:11:54,279 [INFO] IPUIPlugin:80 - create IPUIPlugin
2024-10-06 17:11:54,279 [INFO] IPUIPlugin:80 - create IPUIPlugin
2024-10-06 17:11:54,279 [INFO] IPUIPlugin:80 - create IPUIPlugin
2024-10-06 17:11:54,281 [INFO] ApiDbMcu:508 - Load IP Config File for PDM2PCM
2024-10-06 17:11:54,281 [WARN] IP:2191 - I2C_Coeff_DF not found: check if there is a RefParameter without a condition.
2024-10-06 17:11:54,281 [WARN] IP:2191 - Analog_Filter not found: check if there is a RefParameter without a condition.
2024-10-06 17:11:54,285 [WARN] FreeRTOS:1023 - Null or empty value: should not occur! (nothing added to the table)
2024-10-06 17:11:54,313 [INFO] CADModel:165 - CPN selected for project levelSTM32F405RGT6
2024-10-06 17:11:54,313 [INFO] CADModel:114 - Register for checkConnection events
2024-10-06 17:11:54,314 [INFO] RtosManager:697 - Active RTOS found at IOC load: FREERTOS [Cortex-M4NS]
2024-10-06 17:11:54,389 [INFO] OpenFileManager:363 - Restore cursor
2024-10-06 17:11:54,502 [WARN] IP:2191 - I2C_Coeff_DF not found: check if there is a RefParameter without a condition.
2024-10-06 17:11:54,502 [WARN] IP:2191 - Analog_Filter not found: check if there is a RefParameter without a condition.
2024-10-06 17:11:54,502 [WARN] IP:2191 - I2C_Coeff_DF not found: check if there is a RefParameter without a condition.
2024-10-06 17:11:54,502 [WARN] IP:2191 - Analog_Filter not found: check if there is a RefParameter without a condition.
2024-10-06 17:12:30,007 [INFO] MainUpdater:2873 - connection check result : 10
2024-10-06 17:12:30,007 [INFO] MainUpdater:2873 - connection check result : 10
2024-10-06 17:12:30,077 [INFO] MicroXplorer:468 - Change Database Path : 
2024-10-06 17:12:30,077 [INFO] MicroXplorer:498 - Change Database Version : DB.6.0.121
2024-10-06 17:12:30,089 [ERROR] ProjectManagerView:394 - 
java.lang.NullPointerException: Cannot invoke "javax.swing.JTextField.getText()" because the return value of "java.util.List.get(int)" is null
	at com.st.microxplorer.plugins.projectmanager.gui.ProjectChoiceTab$10.caretUpdate(ProjectChoiceTab.java:2622) ~[filemanager.jar:?]
	at javax.swing.text.JTextComponent.fireCaretUpdate(JTextComponent.java:412) ~[?:?]
	at javax.swing.text.JTextComponent$MutableCaretEvent.fire(JTextComponent.java:4491) ~[?:?]
	at javax.swing.text.JTextComponent$MutableCaretEvent.stateChanged(JTextComponent.java:4513) ~[?:?]
	at javax.swing.text.DefaultCaret.fireStateChanged(DefaultCaret.java:842) ~[?:?]
	at javax.swing.text.DefaultCaret.changeCaretPosition(DefaultCaret.java:1313) ~[?:?]
	at javax.swing.text.DefaultCaret.handleSetDot(DefaultCaret.java:1212) ~[?:?]
	at javax.swing.text.DefaultCaret.setDot(DefaultCaret.java:1193) ~[?:?]
	at javax.swing.text.DefaultCaret$Handler.insertUpdate(DefaultCaret.java:1789) ~[?:?]
	at javax.swing.text.AbstractDocument.fireInsertUpdate(AbstractDocument.java:226) ~[?:?]
	at javax.swing.text.AbstractDocument.handleInsertString(AbstractDocument.java:780) ~[?:?]
	at javax.swing.text.AbstractDocument.insertString(AbstractDocument.java:739) ~[?:?]
	at javax.swing.text.PlainDocument.insertString(PlainDocument.java:131) ~[?:?]
	at javax.swing.text.AbstractDocument.replace(AbstractDocument.java:698) ~[?:?]
	at javax.swing.text.JTextComponent.setText(JTextComponent.java:1729) ~[?:?]
	at com.st.microxplorer.plugins.projectmanager.gui.ProjectChoiceTab.createHeapStackFields(ProjectChoiceTab.java:972) ~[filemanager.jar:?]
	at com.st.microxplorer.plugins.projectmanager.gui.ProjectChoiceTab.buildLinkSettingsPanel(ProjectChoiceTab.java:3597) ~[filemanager.jar:?]
	at com.st.microxplorer.plugins.projectmanager.gui.ProjectChoiceTab.defineWindowsFields(ProjectChoiceTab.java:1940) ~[filemanager.jar:?]
	at com.st.microxplorer.plugins.projectmanager.gui.ProjectChoiceTab.updateSettings(ProjectChoiceTab.java:550) ~[filemanager.jar:?]
	at com.st.microxplorer.plugins.projectmanager.gui.ProjectSettingsPanel.UpdateDialog(ProjectSettingsPanel.java:245) ~[filemanager.jar:?]
	at com.st.microxplorer.plugins.projectmanager.ProjectManagerView.propertyChange(ProjectManagerView.java:391) ~[filemanager.jar:?]
	at java.beans.PropertyChangeSupport.fire(PropertyChangeSupport.java:343) ~[?:?]
	at java.beans.PropertyChangeSupport.firePropertyChange(PropertyChangeSupport.java:335) ~[?:?]
	at java.beans.PropertyChangeSupport.firePropertyChange(PropertyChangeSupport.java:268) ~[?:?]
	at com.st.microxplorer.util.MXPropertyChangeSupport.firePropertyChange(MXPropertyChangeSupport.java:54) ~[STM32CubeMX.jar:?]
	at com.st.microxplorer.mxsystem.MxSystem.closeConfig(MxSystem.java:900) ~[STM32CubeMX.jar:?]
	at com.st.microxplorer.maingui.MainPanel.closeConfig(MainPanel.java:781) ~[STM32CubeMX.jar:?]
	at com.st.microxplorer.plugins.filemanager.engine.OpenFileManager.loadConfigurationFile(OpenFileManager.java:265) ~[filemanager.jar:?]
	at com.st.microxplorer.plugins.filemanager.engine.MainFileManager.userLoadConfig(MainFileManager.java:352) ~[filemanager.jar:?]
	at com.st.microxplorer.plugins.filemanager.engine.MainFileManager.userLoadConfig(MainFileManager.java:330) ~[filemanager.jar:?]
	at com.st.microxplorer.plugins.filemanager.FileManagerView.getSpecificTask(FileManagerView.java:246) ~[filemanager.jar:?]
	at com.st.stm32cube.common.mx.editor.CubeMxEditor.getMxTabbedPaneInstance(CubeMxEditor.java:1198) ~[com.st.stm32cube.common.mx_6.12.1.202409122256/:?]
	at com.st.stm32cube.common.mx.editor.CubeMxEditor$12$1.createSwingComponent(CubeMxEditor.java:1068) ~[com.st.stm32cube.common.mx_6.12.1.202409122256/:?]
	at com.st.stm32cube.common.mx.oss.core.awtswtbridge.EmbeddedSwingComposite.doComponentCreation(EmbeddedSwingComposite.java:492) ~[com.st.stm32cube.common.mx.oss_6.12.1.202409122256/:?]
	at com.st.stm32cube.common.mx.oss.core.awtswtbridge.EmbeddedSwingComposite$4.run(EmbeddedSwingComposite.java:291) ~[com.st.stm32cube.common.mx.oss_6.12.1.202409122256/:?]
	at com.st.stm32cube.common.mx.oss.core.awtswtbridge.AwtEnvironment$2.run(AwtEnvironment.java:166) ~[com.st.stm32cube.common.mx.oss_6.12.1.202409122256/:?]
	at java.awt.event.InvocationEvent.dispatch(InvocationEvent.java:318) ~[?:?]
	at java.awt.EventQueue.dispatchEventImpl(EventQueue.java:773) ~[?:?]
	at java.awt.EventQueue$4.run(EventQueue.java:720) ~[?:?]
	at java.awt.EventQueue$4.run(EventQueue.java:714) ~[?:?]
	at java.security.AccessController.doPrivileged(AccessController.java:399) ~[?:?]
	at java.security.ProtectionDomain$JavaSecurityAccessImpl.doIntersectionPrivilege(ProtectionDomain.java:86) ~[?:?]
	at java.awt.EventQueue.dispatchEvent(EventQueue.java:742) ~[?:?]
	at java.awt.EventDispatchThread.pumpOneEventForFilters(EventDispatchThread.java:203) ~[?:?]
	at java.awt.EventDispatchThread.pumpEventsForFilter(EventDispatchThread.java:124) ~[?:?]
	at java.awt.EventDispatchThread.pumpEventsForHierarchy(EventDispatchThread.java:113) ~[?:?]
	at java.awt.EventDispatchThread.pumpEvents(EventDispatchThread.java:109) ~[?:?]
	at java.awt.EventDispatchThread.pumpEvents(EventDispatchThread.java:101) ~[?:?]
	at java.awt.EventDispatchThread.run(EventDispatchThread.java:90) ~[?:?]
2024-10-06 17:12:30,090 [WARN] ThirdParty:871 - waiting for thirdparty lock release [close project]
2024-10-06 17:12:30,090 [INFO] ThirdParty:873 - entering critical section [close project]
2024-10-06 17:12:30,091 [INFO] ThirdParty:883 - exiting critical section [close project]
2024-10-06 17:12:30,092 [INFO] PinOutPanel:1561 - setPackage(No Configuration,No Configuration)
2024-10-06 17:12:30,099 [WARN] IpParametersView:151 - Warning: This peripheral hasn't parameters
2024-10-06 17:12:30,103 [WARN] MainPanel:284 - <html><b><center>Warning: This peripheral has no parameters to be configured<br></b></html>
2024-10-06 17:12:30,105 [INFO] UtilMem:75 - Begin LoadConfig() Used Memory: 397847456 Bytes (1042284544)
2024-10-06 17:12:30,106 [INFO] MicroXplorer:468 - Change Database Path : 
2024-10-06 17:12:30,106 [INFO] MicroXplorer:498 - Change Database Version : DB.6.0.121
2024-10-06 17:12:30,106 [INFO] OpenFileManager:332 - Change cursor
2024-10-06 17:12:30,114 [INFO] Mcu:2032 - Initializing MCU STM32F405RGTx STM32F405RGTx STM32F405RGT7
2024-10-06 17:12:31,895 [INFO] Context:742 - Trying to add GPIOservice into a context  which must be forbidden
2024-10-06 17:12:32,359 [INFO] RtosManager:555 - Registered RTOS mode: class=CMSIS, group=RTOS, mode=CMSIS_V1, owner=FREERTOS
2024-10-06 17:12:32,360 [INFO] RtosManager:555 - Registered RTOS mode: class=CMSIS, group=RTOS2, mode=CMSIS_V2, owner=FREERTOS
2024-10-06 17:12:32,360 [INFO] RtosManager:555 - Registered RTOS mode: class=RTOS, group=Core, mode=CMSIS_V1, owner=FREERTOS
2024-10-06 17:12:32,360 [INFO] RtosManager:555 - Registered RTOS mode: class=RTOS, group=Core, mode=CMSIS_V2, owner=FREERTOS
2024-10-06 17:12:32,360 [WARN] ModelIntegratedComponent:184 - Missing modes for component STMicroelectronics:FreeRTOS:0.0.1:STMicroelectronics:RTOS:FreeRTOS:Core:::10.2.0:
2024-10-06 17:12:32,365 [WARN] ModelIntegratedComponent:63 - No mode defined for component null
2024-10-06 17:12:32,365 [WARN] ModelIntegratedComponent:63 - No mode defined for component null
2024-10-06 17:12:32,365 [WARN] ModelIntegratedComponent:63 - No mode defined for component null
2024-10-06 17:12:32,365 [WARN] ModelIntegratedComponent:63 - No mode defined for component null
2024-10-06 17:12:32,365 [WARN] ModelIntegratedComponent:63 - No mode defined for component null
2024-10-06 17:12:32,365 [WARN] ModelIntegratedComponent:63 - No mode defined for component null
2024-10-06 17:12:32,365 [WARN] ModelIntegratedComponent:63 - No mode defined for component null
2024-10-06 17:12:32,365 [WARN] ModelIntegratedComponent:63 - No mode defined for component null
2024-10-06 17:12:32,365 [WARN] ModelIntegratedComponent:63 - No mode defined for component null
2024-10-06 17:12:32,365 [WARN] ModelIntegratedComponent:63 - No mode defined for component null
2024-10-06 17:12:32,365 [WARN] ModelIntegratedComponent:63 - No mode defined for component null
2024-10-06 17:12:32,365 [WARN] ModelIntegratedComponent:63 - No mode defined for component null
2024-10-06 17:12:32,365 [WARN] ModelIntegratedComponent:63 - No mode defined for component null
2024-10-06 17:12:32,365 [WARN] ModelIntegratedComponent:63 - No mode defined for component null
2024-10-06 17:12:32,365 [WARN] ModelIntegratedComponent:63 - No mode defined for component null
2024-10-06 17:12:32,365 [WARN] ModelIntegratedComponent:63 - No mode defined for component null
2024-10-06 17:12:32,365 [WARN] ModelIntegratedComponent:63 - No mode defined for component null
2024-10-06 17:12:32,365 [WARN] ModelIntegratedComponent:63 - No mode defined for component null
2024-10-06 17:12:32,365 [WARN] ModelIntegratedComponent:63 - No mode defined for component null
2024-10-06 17:12:32,365 [WARN] ModelIntegratedComponent:63 - No mode defined for component null
2024-10-06 17:12:32,365 [WARN] ModelIntegratedComponent:63 - No mode defined for component null
2024-10-06 17:12:32,365 [WARN] ModelIntegratedComponent:63 - No mode defined for component null
2024-10-06 17:12:32,365 [WARN] ModelIntegratedComponent:63 - No mode defined for component null
2024-10-06 17:12:32,365 [WARN] ModelIntegratedComponent:63 - No mode defined for component null
2024-10-06 17:12:32,365 [WARN] ModelIntegratedComponent:63 - No mode defined for component null
2024-10-06 17:12:32,365 [WARN] ModelIntegratedComponent:63 - No mode defined for component null
2024-10-06 17:12:32,365 [WARN] ModelIntegratedComponent:63 - No mode defined for component null
2024-10-06 17:12:32,365 [WARN] ModelIntegratedComponent:63 - No mode defined for component null
2024-10-06 17:12:32,365 [WARN] ModelIntegratedComponent:63 - No mode defined for component null
2024-10-06 17:12:32,365 [WARN] ModelIntegratedComponent:63 - No mode defined for component null
2024-10-06 17:12:32,365 [WARN] ModelIntegratedComponent:63 - No mode defined for component null
2024-10-06 17:12:32,365 [WARN] ModelIntegratedComponent:63 - No mode defined for component null
2024-10-06 17:12:32,365 [WARN] ModelIntegratedComponent:63 - No mode defined for component null
2024-10-06 17:12:32,365 [WARN] ModelIntegratedComponent:63 - No mode defined for component null
2024-10-06 17:12:32,365 [WARN] ModelIntegratedComponent:63 - No mode defined for component null
2024-10-06 17:12:32,365 [WARN] ModelPack:524 - Component already loaded: STMicroelectronics:HAL Drivers:0.0.0:STMicroelectronics:Device:STMicro_Driver:XSPI:HAL::0.0.1:HAL_XSPI
2024-10-06 17:12:32,374 [INFO] ThirdPartyModel:298 - Start build external matchings
2024-10-06 17:12:32,665 [INFO] ThirdPartyModel:316 - End build external matchings
2024-10-06 17:12:32,671 [INFO] ImportTextPane:205 - (OptionalMessage_ERROR) IP (DMA) : Parameter (Instance) has Id (I2S2_EXT_RX) currently not set
2024-10-06 17:12:32,671 [INFO] ImportTextPane:205 - (OptionalMessage_ERROR) IP (DMA) : Parameter (Channel) has Id (I2S2_EXT_RX) currently not set
2024-10-06 17:12:32,671 [INFO] ImportTextPane:205 - (OptionalMessage_ERROR) IP (DMA) : Parameter (Direction) has Id (I2S2_EXT_RX) currently not set
2024-10-06 17:12:32,671 [INFO] ImportTextPane:205 - (OptionalMessage_ERROR) IP (DMA) : Parameter (PeriphInc) has Id (I2S2_EXT_RX) currently not set
2024-10-06 17:12:32,671 [INFO] ImportTextPane:205 - (OptionalMessage_ERROR) IP (DMA) : Parameter (MemInc) has Id (I2S2_EXT_RX) currently not set
2024-10-06 17:12:32,671 [INFO] ImportTextPane:205 - (OptionalMessage_ERROR) IP (DMA) : Parameter (PeriphDataAlignment) has Id (I2S2_EXT_RX) currently not set
2024-10-06 17:12:32,671 [INFO] ImportTextPane:205 - (OptionalMessage_ERROR) IP (DMA) : Parameter (MemDataAlignment) has Id (I2S2_EXT_RX) currently not set
2024-10-06 17:12:32,671 [INFO] ImportTextPane:205 - (OptionalMessage_ERROR) IP (DMA) : Parameter (Mode) has Id (I2S2_EXT_RX) currently not set
2024-10-06 17:12:32,671 [INFO] ImportTextPane:205 - (OptionalMessage_ERROR) IP (DMA) : Parameter (Priority) has Id (I2S2_EXT_RX) currently not set
2024-10-06 17:12:32,671 [INFO] ImportTextPane:205 - (OptionalMessage_ERROR) IP (DMA) : Parameter (FIFOMode) has Id (I2S2_EXT_RX) currently not set
2024-10-06 17:12:32,820 [INFO] UtilMem:75 - End LoadConfig() Used Memory: 777136328 Bytes (1042284544)
2024-10-06 17:12:32,855 [WARN] ThirdParty:833 - waiting for thirdparty lock release [change project]
2024-10-06 17:12:32,855 [INFO] ThirdParty:835 - entering critical section [change project]
2024-10-06 17:12:32,855 [INFO] ThirdParty:1030 - CMSIS Pack Vendor :STMicroelectronics USBPD 4.1
2024-10-06 17:12:32,855 [INFO] ThirdParty:1030 - CMSIS Pack Vendor :STMicroelectronics X-CUBE-AZRTOS-H7 3.3.0
2024-10-06 17:12:32,855 [INFO] ThirdParty:1030 - CMSIS Pack Vendor :STMicroelectronics X-CUBE-NFC9 1.0.0
2024-10-06 17:12:32,855 [INFO] ThirdParty:1030 - CMSIS Pack Vendor :STMicroelectronics USB_HOST 2.0.0
2024-10-06 17:12:32,855 [INFO] ThirdParty:1030 - CMSIS Pack Vendor :STMicroelectronics FP-SNS-MOTENVWB1 1.4.0
2024-10-06 17:12:32,856 [INFO] ThirdParty:1030 - CMSIS Pack Vendor :STMicroelectronics X-CUBE-AZRTOS-F4 1.1.0
2024-10-06 17:12:32,856 [INFO] ThirdParty:1030 - CMSIS Pack Vendor :STMicroelectronics LIBJPEG 8.0.0
2024-10-06 17:12:32,856 [INFO] ThirdParty:1030 - CMSIS Pack Vendor :STMicroelectronics X-CUBE-SMBUS 2.1.0
2024-10-06 17:12:32,856 [INFO] ThirdParty:1030 - CMSIS Pack Vendor :STMicroelectronics X-CUBE-WB05N 1.1.0
2024-10-06 17:12:32,856 [INFO] ThirdParty:1030 - CMSIS Pack Vendor :STMicroelectronics USB_DEVICE 3.0.0
2024-10-06 17:12:32,856 [INFO] ThirdParty:1030 - CMSIS Pack Vendor :STMicroelectronics X-CUBE-TCPP 4.1.0
2024-10-06 17:12:32,856 [INFO] ThirdParty:1030 - CMSIS Pack Vendor :STMicroelectronics X-CUBE-ISPU 2.1.0
2024-10-06 17:12:32,856 [INFO] ThirdParty:1030 - CMSIS Pack Vendor :STMicroelectronics X-CUBE-FREERTOS 1.2.0
2024-10-06 17:12:32,856 [INFO] ThirdParty:1030 - CMSIS Pack Vendor :STMicroelectronics X-CUBE-IPS 3.0.0
2024-10-06 17:12:32,856 [INFO] ThirdParty:1030 - CMSIS Pack Vendor :STMicroelectronics X-CUBE-AZRTOS-WB 2.0.0
2024-10-06 17:12:32,856 [INFO] ThirdParty:1030 - CMSIS Pack Vendor :STMicroelectronics X-CUBE-GNSS1 7.0.0
2024-10-06 17:12:32,856 [INFO] ThirdParty:1030 - CMSIS Pack Vendor :STMicroelectronics X-CUBE-AZRTOS-F7 1.1.0
2024-10-06 17:12:32,856 [INFO] ThirdParty:1030 - CMSIS Pack Vendor :STMicroelectronics X-CUBE-AZRTOS-L5 2.0.0
2024-10-06 17:12:32,856 [INFO] ThirdParty:1030 - CMSIS Pack Vendor :STMicroelectronics USB_DEVICE 2.0.0
2024-10-06 17:12:32,856 [INFO] ThirdParty:1030 - CMSIS Pack Vendor :STMicroelectronics X-CUBE-NFC6 3.1.0
2024-10-06 17:12:32,857 [INFO] ThirdParty:1030 - CMSIS Pack Vendor :STMicroelectronics FP-SNS-STBOX1 2.0.0
2024-10-06 17:12:32,857 [INFO] ThirdParty:1030 - CMSIS Pack Vendor :STMicroelectronics X-CUBE-MEMS1 11.0.0
2024-10-06 17:12:32,857 [INFO] ThirdParty:1030 - CMSIS Pack Vendor :STMicroelectronics FreeRTOS 0.0.1
2024-10-06 17:12:32,857 [INFO] ThirdParty:1030 - CMSIS Pack Vendor :STMicroelectronics X-CUBE-AZRTOS-G0 1.1.0
2024-10-06 17:12:32,857 [INFO] ThirdParty:1030 - CMSIS Pack Vendor :STMicroelectronics X-CUBE-SAFEA1 1.2.2
2024-10-06 17:12:32,857 [INFO] ThirdParty:1030 - CMSIS Pack Vendor :STMicroelectronics X-CUBE-NFC4 3.0.0
2024-10-06 17:12:32,857 [INFO] ThirdParty:1030 - CMSIS Pack Vendor :STMicroelectronics X-CUBE-DPower 1.2.0
2024-10-06 17:12:32,857 [INFO] ThirdParty:1030 - CMSIS Pack Vendor :STMicroelectronics X-CUBE-SUBG2 5.0.0
2024-10-06 17:12:32,857 [INFO] ThirdParty:1030 - CMSIS Pack Vendor :STMicroelectronics STM32_WPAN 1.0.0
2024-10-06 17:12:32,857 [INFO] ThirdParty:1030 - CMSIS Pack Vendor :EmbeddedOffice I-CUBE-FS-RTOS 1.0.1
2024-10-06 17:12:32,857 [INFO] ThirdParty:1030 - CMSIS Pack Vendor :STMicroelectronics lwIP 2.0.3
2024-10-06 17:12:32,857 [INFO] ThirdParty:1030 - CMSIS Pack Vendor :STMicroelectronics FP-SNS-FLIGHT1 5.0.2
2024-10-06 17:12:32,857 [INFO] ThirdParty:1030 - CMSIS Pack Vendor :Cesanta I-CUBE-Mongoose 7.13.0
2024-10-06 17:12:32,857 [INFO] ThirdParty:1030 - CMSIS Pack Vendor :STMicroelectronics USB_HOST 1.0.0
2024-10-06 17:12:32,858 [INFO] ThirdParty:1030 - CMSIS Pack Vendor :STMicroelectronics X-CUBE-AI 9.0.0
2024-10-06 17:12:32,858 [INFO] ThirdParty:1030 - CMSIS Pack Vendor :STMicroelectronics X-CUBE-AZRTOS-G4 2.0.0
2024-10-06 17:12:32,858 [INFO] ThirdParty:1030 - CMSIS Pack Vendor :STMicroelectronics PDM2PCM 3.1.0
2024-10-06 17:12:32,858 [INFO] ThirdParty:1030 - CMSIS Pack Vendor :STMicroelectronics PDM2PCM 3.3.0
2024-10-06 17:12:32,858 [INFO] ThirdParty:1030 - CMSIS Pack Vendor :STMicroelectronics X-CUBE-DISPLAY 3.0.0
2024-10-06 17:12:32,858 [INFO] ThirdParty:1030 - CMSIS Pack Vendor :RealThread X-CUBE-RT-Thread_Nano 4.1.1
2024-10-06 17:12:32,858 [INFO] ThirdParty:1030 - CMSIS Pack Vendor :STMicroelectronics X-CUBE-BLE1 7.0.0
2024-10-06 17:12:32,858 [INFO] ThirdParty:1030 - CMSIS Pack Vendor :STMicroelectronics FP-ATR-SIGFOX1 3.2.0
2024-10-06 17:12:32,858 [INFO] ThirdParty:1030 - CMSIS Pack Vendor :STMicroelectronics X-CUBE-NFC10 1.0.0
2024-10-06 17:12:32,858 [INFO] ThirdParty:1030 - CMSIS Pack Vendor :wolfSSL I-CUBE-wolfSSL 5.7.2
2024-10-06 17:12:32,858 [INFO] ThirdParty:1030 - CMSIS Pack Vendor :STMicroelectronics X-CUBE-EEPRMA1 5.1.0
2024-10-06 17:12:32,858 [INFO] ThirdParty:1030 - CMSIS Pack Vendor :STMicroelectronics HAL Drivers 0.0.0
2024-10-06 17:12:32,858 [INFO] ThirdParty:1030 - CMSIS Pack Vendor :STMicroelectronics MBEDTLS 2.16.2
2024-10-06 17:12:32,858 [INFO] ThirdParty:1030 - CMSIS Pack Vendor :STMicroelectronics X-CUBE-ALS 1.0.2
2024-10-06 17:12:32,858 [INFO] ThirdParty:1030 - CMSIS Pack Vendor :emotas I-CUBE-CANOPEN 1.3.0
2024-10-06 17:12:32,859 [INFO] ThirdParty:1030 - CMSIS Pack Vendor :STMicroelectronics X-CUBE-NFC7 1.0.1
2024-10-06 17:12:32,859 [INFO] ThirdParty:1030 - CMSIS Pack Vendor :STMicroelectronics MBEDTLS 2.14.1
2024-10-06 17:12:32,859 [INFO] ThirdParty:1030 - CMSIS Pack Vendor :ITTIA_DB I-CUBE-ITTIADB 8.9.0
2024-10-06 17:12:32,859 [INFO] ThirdParty:1030 - CMSIS Pack Vendor :STMicroelectronics X-CUBE-TOUCHGFX 4.24.1
2024-10-06 17:12:32,859 [INFO] ThirdParty:1030 - CMSIS Pack Vendor :wolfSSL I-CUBE-wolfTPM 3.4.0
2024-10-06 17:12:32,859 [INFO] ThirdParty:1030 - CMSIS Pack Vendor :portGmbH I-Cube-SoM-uGOAL 1.1.0
2024-10-06 17:12:32,859 [INFO] ThirdParty:1030 - CMSIS Pack Vendor :STMicroelectronics X-CUBE-BLEMGR 3.1.0
2024-10-06 17:12:32,859 [INFO] ThirdParty:1030 - CMSIS Pack Vendor :STMicroelectronics ThreadX 1.0.0
2024-10-06 17:12:32,859 [INFO] ThirdParty:1030 - CMSIS Pack Vendor :STMicroelectronics FP-SNS-SMARTAG2 1.2.0
2024-10-06 17:12:32,859 [INFO] ThirdParty:1030 - CMSIS Pack Vendor :STMicroelectronics X-CUBE-AZRTOS-WL 2.0.0
2024-10-06 17:12:32,859 [INFO] ThirdParty:1030 - CMSIS Pack Vendor :SEGGER I-CUBE-embOS 1.3.1
2024-10-06 17:12:32,859 [INFO] ThirdParty:1030 - CMSIS Pack Vendor :STMicroelectronics X-CUBE-ALGOBUILD 1.4.0
2024-10-06 17:12:32,859 [INFO] ThirdParty:1030 - CMSIS Pack Vendor :STMicroelectronics FP-SNS-MOTENV1 5.0.0
2024-10-06 17:12:32,859 [INFO] ThirdParty:1030 - CMSIS Pack Vendor :STMicroelectronics USB_DEVICE 1.0.0
2024-10-06 17:12:32,859 [INFO] ThirdParty:1030 - CMSIS Pack Vendor :STMicroelectronics X-CUBE-AZRTOS-H7RS 1.0.0
2024-10-06 17:12:32,860 [INFO] ThirdParty:1030 - CMSIS Pack Vendor :wolfSSL I-CUBE-wolfMQTT 1.19.0
2024-10-06 17:12:32,860 [INFO] ThirdParty:1030 - CMSIS Pack Vendor :STMicroelectronics X-CUBE-AZRTOS-L4 2.0.0
2024-10-06 17:12:32,860 [INFO] ThirdParty:1030 - CMSIS Pack Vendor :STMicroelectronics ThreadX 0.0.2
2024-10-06 17:12:32,860 [INFO] ThirdParty:1030 - CMSIS Pack Vendor :WES I-CUBE-Cesium 1.3.0
2024-10-06 17:12:32,860 [INFO] ThirdParty:1030 - CMSIS Pack Vendor :STMicroelectronics FP-ATR-ASTRA1 2.0.0
2024-10-06 17:12:32,860 [INFO] ThirdParty:1030 - CMSIS Pack Vendor :STMicroelectronics lwIP 2.1.2
2024-10-06 17:12:32,860 [INFO] ThirdParty:1030 - CMSIS Pack Vendor :STMicroelectronics X-CUBE-SFXS2LP1 4.0.0
2024-10-06 17:12:32,860 [INFO] ThirdParty:1030 - CMSIS Pack Vendor :STMicroelectronics X-CUBE-BLE2 3.3.0
2024-10-06 17:12:32,860 [INFO] ThirdParty:1030 - CMSIS Pack Vendor :STMicroelectronics X-CUBE-TOF1 3.4.2
2024-10-06 17:12:32,860 [INFO] ThirdParty:1030 - CMSIS Pack Vendor :STMicroelectronics X-CUBE-AI 9.1.0
2024-10-06 17:12:32,860 [INFO] ThirdParty:1030 - CMSIS Pack Vendor :Infineon AIROC-Wi-Fi-Bluetooth-STM32 1.6.1
2024-10-06 17:12:32,860 [INFO] ThirdParty:1030 - CMSIS Pack Vendor :STMicroelectronics PDM2PCM 3.2.0
2024-10-06 17:12:32,861 [INFO] ThirdParty:1030 - CMSIS Pack Vendor :wolfSSL I-CUBE-wolfSSH 1.4.17
2024-10-06 17:12:32,861 [INFO] ThirdParty:841 - exiting critical section [change project]
2024-10-06 17:12:33,218 [INFO] PinOutPanel:1561 - setPackage(No Configuration,No Configuration)
2024-10-06 17:12:33,218 [INFO] PinOutPanel:1561 - setPackage(STM32F405RGTx,LQFP64)
2024-10-06 17:12:33,330 [INFO] UtilMem:75 - Before build in PCC Used Memory: 381190312 Bytes (1042284544)
2024-10-06 17:12:33,412 [INFO] UtilMem:75 - After build in PCC Used Memory: 427853992 Bytes (1042284544)
2024-10-06 17:12:33,424 [INFO] IPUIPlugin:80 - create IPUIPlugin
2024-10-06 17:12:33,425 [INFO] IPUIPlugin:80 - create IPUIPlugin
2024-10-06 17:12:33,425 [INFO] IPUIPlugin:80 - create IPUIPlugin
2024-10-06 17:12:33,425 [INFO] IPUIPlugin:80 - create IPUIPlugin
2024-10-06 17:12:33,425 [INFO] IPUIPlugin:80 - create IPUIPlugin
2024-10-06 17:12:33,425 [INFO] IPUIPlugin:80 - create IPUIPlugin
2024-10-06 17:12:33,425 [INFO] IPUIPlugin:80 - create IPUIPlugin
2024-10-06 17:12:33,425 [INFO] IPUIPlugin:80 - create IPUIPlugin
2024-10-06 17:12:33,425 [INFO] IPUIPlugin:80 - create IPUIPlugin
2024-10-06 17:12:33,425 [INFO] IPUIPlugin:80 - create IPUIPlugin
2024-10-06 17:12:33,425 [INFO] IPUIPlugin:80 - create IPUIPlugin
2024-10-06 17:12:33,425 [INFO] IPUIPlugin:80 - create IPUIPlugin
2024-10-06 17:12:33,425 [INFO] IPUIPlugin:80 - create IPUIPlugin
2024-10-06 17:12:33,425 [INFO] IPUIPlugin:80 - create IPUIPlugin
2024-10-06 17:12:33,425 [INFO] IPUIPlugin:80 - create IPUIPlugin
2024-10-06 17:12:33,425 [INFO] IPUIPlugin:80 - create IPUIPlugin
2024-10-06 17:12:33,426 [INFO] IPUIPlugin:80 - create IPUIPlugin
2024-10-06 17:12:33,426 [INFO] IPUIPlugin:80 - create IPUIPlugin
2024-10-06 17:12:33,426 [INFO] IPUIPlugin:80 - create IPUIPlugin
2024-10-06 17:12:33,426 [INFO] IPUIPlugin:80 - create IPUIPlugin
2024-10-06 17:12:33,426 [INFO] IPUIPlugin:80 - create IPUIPlugin
2024-10-06 17:12:33,426 [INFO] IPUIPlugin:80 - create IPUIPlugin
2024-10-06 17:12:33,426 [INFO] IPUIPlugin:80 - create IPUIPlugin
2024-10-06 17:12:33,426 [INFO] IPUIPlugin:80 - create IPUIPlugin
2024-10-06 17:12:33,426 [INFO] IPUIPlugin:80 - create IPUIPlugin
2024-10-06 17:12:33,426 [INFO] IPUIPlugin:80 - create IPUIPlugin
2024-10-06 17:12:33,427 [INFO] IPUIPlugin:80 - create IPUIPlugin
2024-10-06 17:12:33,427 [INFO] IPUIPlugin:80 - create IPUIPlugin
2024-10-06 17:12:33,427 [INFO] IPUIPlugin:80 - create IPUIPlugin
2024-10-06 17:12:33,427 [INFO] IPUIPlugin:80 - create IPUIPlugin
2024-10-06 17:12:33,427 [INFO] IPUIPlugin:80 - create IPUIPlugin
2024-10-06 17:12:33,427 [INFO] IPUIPlugin:80 - create IPUIPlugin
2024-10-06 17:12:33,427 [INFO] IPUIPlugin:80 - create IPUIPlugin
2024-10-06 17:12:33,427 [INFO] IPUIPlugin:80 - create IPUIPlugin
2024-10-06 17:12:33,427 [INFO] IPUIPlugin:80 - create IPUIPlugin
2024-10-06 17:12:33,427 [INFO] IPUIPlugin:80 - create IPUIPlugin
2024-10-06 17:12:33,428 [INFO] IPUIPlugin:80 - create IPUIPlugin
2024-10-06 17:12:33,428 [INFO] IPUIPlugin:80 - create IPUIPlugin
2024-10-06 17:12:33,428 [INFO] IPUIPlugin:80 - create IPUIPlugin
2024-10-06 17:12:33,428 [INFO] IPUIPlugin:80 - create IPUIPlugin
2024-10-06 17:12:33,428 [INFO] IPUIPlugin:80 - create IPUIPlugin
2024-10-06 17:12:33,428 [INFO] IPUIPlugin:80 - create IPUIPlugin
2024-10-06 17:12:33,428 [INFO] IPUIPlugin:80 - create IPUIPlugin
2024-10-06 17:12:33,429 [INFO] IPUIPlugin:80 - create IPUIPlugin
2024-10-06 17:12:33,429 [INFO] IPUIPlugin:80 - create IPUIPlugin
2024-10-06 17:12:33,429 [INFO] IPUIPlugin:80 - create IPUIPlugin
2024-10-06 17:12:33,429 [INFO] IPUIPlugin:80 - create IPUIPlugin
2024-10-06 17:12:33,430 [INFO] IPUIPlugin:80 - create IPUIPlugin
2024-10-06 17:12:33,430 [INFO] IPUIPlugin:80 - create IPUIPlugin
2024-10-06 17:12:33,430 [INFO] IPUIPlugin:80 - create IPUIPlugin
2024-10-06 17:12:33,430 [INFO] IPUIPlugin:80 - create IPUIPlugin
2024-10-06 17:12:33,430 [INFO] IPUIPlugin:80 - create IPUIPlugin
2024-10-06 17:12:33,431 [INFO] IPUIPlugin:80 - create IPUIPlugin
2024-10-06 17:12:33,431 [INFO] IPUIPlugin:80 - create IPUIPlugin
2024-10-06 17:12:33,432 [INFO] ApiDbMcu:508 - Load IP Config File for PDM2PCM
2024-10-06 17:12:33,433 [WARN] IP:2191 - I2C_Coeff_DF not found: check if there is a RefParameter without a condition.
2024-10-06 17:12:33,433 [WARN] IP:2191 - Analog_Filter not found: check if there is a RefParameter without a condition.
2024-10-06 17:12:33,434 [INFO] I2sManager:658 - 9.6E7
2024-10-06 17:12:33,434 [INFO] I2sManager:195 - I2S Clock Value : 9.6E7
2024-10-06 17:12:33,434 [INFO] I2sManager:553 - AudioClock : 8000Divider : 187Odd : 1
2024-10-06 17:12:33,458 [INFO] CADModel:165 - CPN selected for project levelSTM32F405RGT7
2024-10-06 17:12:33,459 [INFO] CADModel:114 - Register for checkConnection events
2024-10-06 17:12:33,527 [INFO] OpenFileManager:363 - Restore cursor
2024-10-06 17:12:33,666 [WARN] IP:2191 - I2C_Coeff_DF not found: check if there is a RefParameter without a condition.
2024-10-06 17:12:33,666 [WARN] IP:2191 - Analog_Filter not found: check if there is a RefParameter without a condition.
2024-10-06 17:12:33,666 [WARN] IP:2191 - I2C_Coeff_DF not found: check if there is a RefParameter without a condition.
2024-10-06 17:12:33,666 [WARN] IP:2191 - Analog_Filter not found: check if there is a RefParameter without a condition.
2024-10-06 17:13:11,929 [INFO] I2sManager:658 - 9.6E7
2024-10-06 17:13:11,929 [INFO] I2sManager:195 - I2S Clock Value : 9.6E7
2024-10-06 17:13:11,953 [INFO] I2sManager:553 - AudioClock : 8000Divider : 187Odd : 1
2024-10-06 17:13:16,496 [INFO] I2sManager:658 - 9.6E7
2024-10-06 17:13:16,496 [INFO] I2sManager:195 - I2S Clock Value : 9.6E7
2024-10-06 17:13:16,496 [INFO] I2sManager:553 - AudioClock : 8000Divider : 187Odd : 1
2024-10-06 17:13:24,219 [ERROR] LogOutputStream:75 - [STDERR_REDIRECT] Exception in thread "AWT-EventQueue-0" java.lang.ClassCastException: class sun.awt.X11.XEmbeddedFrame cannot be cast to class javax.swing.JFrame (sun.awt.X11.XEmbeddedFrame and javax.swing.JFrame are in module java.desktop of loader 'bootstrap')
2024-10-06 17:13:24,220 [ERROR] LogOutputStream:75 - [STDERR_REDIRECT] 	at com.st.microxplorer.plugins.clock.ClockConfigurationView.activatePlugin(ClockConfigurationView.java:425)
2024-10-06 17:13:24,220 [ERROR] LogOutputStream:75 - [STDERR_REDIRECT] 	at com.st.microxplorer.maingui.MainPanel$1.stateChanged(MainPanel.java:374)
2024-10-06 17:13:24,220 [ERROR] LogOutputStream:75 - [STDERR_REDIRECT] 	at java.desktop/javax.swing.JTabbedPane.fireStateChanged(JTabbedPane.java:444)
2024-10-06 17:13:24,221 [ERROR] LogOutputStream:75 - [STDERR_REDIRECT] 	at java.desktop/javax.swing.JTabbedPane$ModelListener.stateChanged(JTabbedPane.java:295)
2024-10-06 17:13:24,221 [ERROR] LogOutputStream:75 - [STDERR_REDIRECT] 	at java.desktop/javax.swing.DefaultSingleSelectionModel.fireStateChanged(DefaultSingleSelectionModel.java:148)
2024-10-06 17:13:24,222 [ERROR] LogOutputStream:75 - [STDERR_REDIRECT] 	at java.desktop/javax.swing.DefaultSingleSelectionModel.setSelectedIndex(DefaultSingleSelectionModel.java:79)
2024-10-06 17:13:24,222 [ERROR] LogOutputStream:75 - [STDERR_REDIRECT] 	at java.desktop/javax.swing.JTabbedPane.setSelectedIndexImpl(JTabbedPane.java:648)
2024-10-06 17:13:24,222 [ERROR] LogOutputStream:75 - [STDERR_REDIRECT] 	at java.desktop/javax.swing.JTabbedPane.setSelectedIndex(JTabbedPane.java:623)
2024-10-06 17:13:24,223 [ERROR] LogOutputStream:75 - [STDERR_REDIRECT] 	at java.desktop/javax.swing.plaf.basic.BasicTabbedPaneUI$Handler.mousePressed(BasicTabbedPaneUI.java:4101)
2024-10-06 17:13:24,223 [ERROR] LogOutputStream:75 - [STDERR_REDIRECT] 	at java.desktop/java.awt.Component.processMouseEvent(Component.java:6623)
2024-10-06 17:13:24,223 [ERROR] LogOutputStream:75 - [STDERR_REDIRECT] 	at java.desktop/javax.swing.JComponent.processMouseEvent(JComponent.java:3389)
2024-10-06 17:13:24,224 [ERROR] LogOutputStream:75 - [STDERR_REDIRECT] 	at java.desktop/java.awt.Component.processEvent(Component.java:6391)
2024-10-06 17:13:24,224 [ERROR] LogOutputStream:75 - [STDERR_REDIRECT] 	at java.desktop/java.awt.Container.processEvent(Container.java:2266)
2024-10-06 17:13:24,224 [ERROR] LogOutputStream:75 - [STDERR_REDIRECT] 	at java.desktop/java.awt.Component.dispatchEventImpl(Component.java:5001)
2024-10-06 17:13:24,225 [ERROR] LogOutputStream:75 - [STDERR_REDIRECT] 	at java.desktop/java.awt.Container.dispatchEventImpl(Container.java:2324)
2024-10-06 17:13:24,225 [ERROR] LogOutputStream:75 - [STDERR_REDIRECT] 	at java.desktop/java.awt.Component.dispatchEvent(Component.java:4833)
2024-10-06 17:13:24,225 [ERROR] LogOutputStream:75 - [STDERR_REDIRECT] 	at java.desktop/java.awt.LightweightDispatcher.retargetMouseEvent(Container.java:4948)
2024-10-06 17:13:24,226 [ERROR] LogOutputStream:75 - [STDERR_REDIRECT] 	at java.desktop/java.awt.LightweightDispatcher.processMouseEvent(Container.java:4572)
2024-10-06 17:13:24,226 [ERROR] LogOutputStream:75 - [STDERR_REDIRECT] 	at java.desktop/java.awt.LightweightDispatcher.dispatchEvent(Container.java:4516)
2024-10-06 17:13:24,227 [ERROR] LogOutputStream:75 - [STDERR_REDIRECT] 	at java.desktop/java.awt.Container.dispatchEventImpl(Container.java:2310)
2024-10-06 17:13:24,227 [ERROR] LogOutputStream:75 - [STDERR_REDIRECT] 	at java.desktop/java.awt.Component.dispatchEvent(Component.java:4833)
2024-10-06 17:13:24,227 [ERROR] LogOutputStream:75 - [STDERR_REDIRECT] 	at java.desktop/java.awt.EventQueue.dispatchEventImpl(EventQueue.java:775)
2024-10-06 17:13:24,228 [ERROR] LogOutputStream:75 - [STDERR_REDIRECT] 	at java.desktop/java.awt.EventQueue$4.run(EventQueue.java:720)
2024-10-06 17:13:24,228 [ERROR] LogOutputStream:75 - [STDERR_REDIRECT] 	at java.desktop/java.awt.EventQueue$4.run(EventQueue.java:714)
2024-10-06 17:13:24,229 [ERROR] LogOutputStream:75 - [STDERR_REDIRECT] 	at java.base/java.security.AccessController.doPrivileged(AccessController.java:399)
2024-10-06 17:13:24,229 [ERROR] LogOutputStream:75 - [STDERR_REDIRECT] 	at java.base/java.security.ProtectionDomain$JavaSecurityAccessImpl.doIntersectionPrivilege(ProtectionDomain.java:86)
2024-10-06 17:13:24,229 [ERROR] LogOutputStream:75 - [STDERR_REDIRECT] 	at java.base/java.security.ProtectionDomain$JavaSecurityAccessImpl.doIntersectionPrivilege(ProtectionDomain.java:97)
2024-10-06 17:13:24,230 [ERROR] LogOutputStream:75 - [STDERR_REDIRECT] 	at java.desktop/java.awt.EventQueue$5.run(EventQueue.java:747)
2024-10-06 17:13:24,230 [ERROR] LogOutputStream:75 - [STDERR_REDIRECT] 	at java.desktop/java.awt.EventQueue$5.run(EventQueue.java:745)
2024-10-06 17:13:24,230 [ERROR] LogOutputStream:75 - [STDERR_REDIRECT] 	at java.base/java.security.AccessController.doPrivileged(AccessController.java:399)
2024-10-06 17:13:24,231 [ERROR] LogOutputStream:75 - [STDERR_REDIRECT] 	at java.base/java.security.ProtectionDomain$JavaSecurityAccessImpl.doIntersectionPrivilege(ProtectionDomain.java:86)
2024-10-06 17:13:24,231 [ERROR] LogOutputStream:75 - [STDERR_REDIRECT] 	at java.desktop/java.awt.EventQueue.dispatchEvent(EventQueue.java:744)
2024-10-06 17:13:24,231 [ERROR] LogOutputStream:75 - [STDERR_REDIRECT] 	at java.desktop/java.awt.EventDispatchThread.pumpOneEventForFilters(EventDispatchThread.java:203)
2024-10-06 17:13:24,232 [ERROR] LogOutputStream:75 - [STDERR_REDIRECT] 	at java.desktop/java.awt.EventDispatchThread.pumpEventsForFilter(EventDispatchThread.java:124)
2024-10-06 17:13:24,232 [ERROR] LogOutputStream:75 - [STDERR_REDIRECT] 	at java.desktop/java.awt.EventDispatchThread.pumpEventsForHierarchy(EventDispatchThread.java:113)
2024-10-06 17:13:24,233 [ERROR] LogOutputStream:75 - [STDERR_REDIRECT] 	at java.desktop/java.awt.EventDispatchThread.pumpEvents(EventDispatchThread.java:109)
2024-10-06 17:13:24,233 [ERROR] LogOutputStream:75 - [STDERR_REDIRECT] 	at java.desktop/java.awt.EventDispatchThread.pumpEvents(EventDispatchThread.java:101)
2024-10-06 17:13:24,233 [ERROR] LogOutputStream:75 - [STDERR_REDIRECT] 	at java.desktop/java.awt.EventDispatchThread.run(EventDispatchThread.java:90)
2024-10-06 17:13:30,074 [WARN] IP:2191 - I2C_Coeff_DF not found: check if there is a RefParameter without a condition.
2024-10-06 17:13:30,074 [WARN] IP:2191 - Analog_Filter not found: check if there is a RefParameter without a condition.
2024-10-06 17:15:51,525 [INFO] I2sManager:658 - 9.6E7
2024-10-06 17:15:51,525 [INFO] I2sManager:195 - I2S Clock Value : 9.6E7
2024-10-06 17:15:51,525 [INFO] I2sManager:553 - AudioClock : 8000Divider : 187Odd : 1
2024-10-06 17:15:51,581 [INFO] I2sManager:658 - 9.6E7
2024-10-06 17:15:51,581 [INFO] I2sManager:195 - I2S Clock Value : 9.6E7
2024-10-06 17:15:51,581 [INFO] I2sManager:553 - AudioClock : 8000Divider : 187Odd : 1
2024-10-06 17:15:54,493 [INFO] I2sManager:658 - 9.6E7
2024-10-06 17:15:54,493 [INFO] I2sManager:195 - I2S Clock Value : 9.6E7
2024-10-06 17:15:54,494 [INFO] I2sManager:553 - AudioClock : 7978Divider : 23Odd : 1
2024-10-06 17:15:54,702 [INFO] I2sManager:658 - 9.6E7
2024-10-06 17:15:54,702 [INFO] I2sManager:195 - I2S Clock Value : 9.6E7
2024-10-06 17:15:54,703 [INFO] I2sManager:553 - AudioClock : 7978Divider : 23Odd : 1
2024-10-06 17:15:54,760 [INFO] I2sManager:658 - 9.6E7
2024-10-06 17:15:54,760 [INFO] I2sManager:195 - I2S Clock Value : 9.6E7
2024-10-06 17:15:54,761 [INFO] I2sManager:553 - AudioClock : 7978Divider : 23Odd : 1
2024-10-06 17:17:52,826 [INFO] MainUpdater:2873 - connection check result : 10
2024-10-06 17:17:52,826 [INFO] MainUpdater:2873 - connection check result : 10
2024-10-06 17:17:52,831 [ERROR] IocParser:57 - IOException caught: /home/cdelong/Desktop/audio_dsp_board/temp/test.ioc (No such file or directory)
2024-10-06 17:17:52,832 [ERROR] PeripheralListParser:95 - Something went wrong with ioc file reading: /home/cdelong/Desktop/audio_dsp_board/temp/test.ioc (No such file or directory)
2024-10-06 17:17:52,832 [ERROR] RegexParser:59 - Issue caught when parsing regex: /home/cdelong/Desktop/audio_dsp_board/temp/test.ioc (No such file or directory)
2024-10-06 17:17:53,481 [INFO] I2sManager:658 - 9.6E7
2024-10-06 17:17:53,482 [INFO] I2sManager:195 - I2S Clock Value : 9.6E7
2024-10-06 17:17:53,482 [INFO] I2sManager:553 - AudioClock : 7978Divider : 23Odd : 1
2024-10-06 17:17:53,485 [INFO] MicroXplorer:468 - Change Database Path : 
2024-10-06 17:17:53,485 [INFO] MicroXplorer:498 - Change Database Version : DB.6.0.121
2024-10-06 17:17:53,498 [ERROR] ProjectManagerView:394 - 
java.lang.NullPointerException: Cannot invoke "javax.swing.JTextField.getText()" because the return value of "java.util.List.get(int)" is null
	at com.st.microxplorer.plugins.projectmanager.gui.ProjectChoiceTab$10.caretUpdate(ProjectChoiceTab.java:2622) ~[filemanager.jar:?]
	at javax.swing.text.JTextComponent.fireCaretUpdate(JTextComponent.java:412) ~[?:?]
	at javax.swing.text.JTextComponent$MutableCaretEvent.fire(JTextComponent.java:4491) ~[?:?]
	at javax.swing.text.JTextComponent$MutableCaretEvent.stateChanged(JTextComponent.java:4513) ~[?:?]
	at javax.swing.text.DefaultCaret.fireStateChanged(DefaultCaret.java:842) ~[?:?]
	at javax.swing.text.DefaultCaret.changeCaretPosition(DefaultCaret.java:1313) ~[?:?]
	at javax.swing.text.DefaultCaret.handleSetDot(DefaultCaret.java:1212) ~[?:?]
	at javax.swing.text.DefaultCaret.setDot(DefaultCaret.java:1193) ~[?:?]
	at javax.swing.text.DefaultCaret$Handler.insertUpdate(DefaultCaret.java:1789) ~[?:?]
	at javax.swing.text.AbstractDocument.fireInsertUpdate(AbstractDocument.java:226) ~[?:?]
	at javax.swing.text.AbstractDocument.handleInsertString(AbstractDocument.java:780) ~[?:?]
	at javax.swing.text.AbstractDocument.insertString(AbstractDocument.java:739) ~[?:?]
	at javax.swing.text.PlainDocument.insertString(PlainDocument.java:131) ~[?:?]
	at javax.swing.text.AbstractDocument.replace(AbstractDocument.java:698) ~[?:?]
	at javax.swing.text.JTextComponent.setText(JTextComponent.java:1729) ~[?:?]
	at com.st.microxplorer.plugins.projectmanager.gui.ProjectChoiceTab.createHeapStackFields(ProjectChoiceTab.java:972) ~[filemanager.jar:?]
	at com.st.microxplorer.plugins.projectmanager.gui.ProjectChoiceTab.buildLinkSettingsPanel(ProjectChoiceTab.java:3597) ~[filemanager.jar:?]
	at com.st.microxplorer.plugins.projectmanager.gui.ProjectChoiceTab.defineWindowsFields(ProjectChoiceTab.java:1940) ~[filemanager.jar:?]
	at com.st.microxplorer.plugins.projectmanager.gui.ProjectChoiceTab.updateSettings(ProjectChoiceTab.java:550) ~[filemanager.jar:?]
	at com.st.microxplorer.plugins.projectmanager.gui.ProjectSettingsPanel.UpdateDialog(ProjectSettingsPanel.java:245) ~[filemanager.jar:?]
	at com.st.microxplorer.plugins.projectmanager.ProjectManagerView.propertyChange(ProjectManagerView.java:391) ~[filemanager.jar:?]
	at java.beans.PropertyChangeSupport.fire(PropertyChangeSupport.java:343) ~[?:?]
	at java.beans.PropertyChangeSupport.firePropertyChange(PropertyChangeSupport.java:335) ~[?:?]
	at java.beans.PropertyChangeSupport.firePropertyChange(PropertyChangeSupport.java:268) ~[?:?]
	at com.st.microxplorer.util.MXPropertyChangeSupport.firePropertyChange(MXPropertyChangeSupport.java:54) ~[STM32CubeMX.jar:?]
	at com.st.microxplorer.mxsystem.MxSystem.closeConfig(MxSystem.java:900) ~[STM32CubeMX.jar:?]
	at com.st.microxplorer.maingui.MainPanel.closeConfig(MainPanel.java:781) ~[STM32CubeMX.jar:?]
	at com.st.microxplorer.plugins.filemanager.engine.OpenFileManager.loadConfigurationFile(OpenFileManager.java:265) ~[filemanager.jar:?]
	at com.st.microxplorer.plugins.filemanager.engine.MainFileManager.userLoadConfig(MainFileManager.java:352) ~[filemanager.jar:?]
	at com.st.microxplorer.plugins.filemanager.engine.MainFileManager.userLoadConfig(MainFileManager.java:330) ~[filemanager.jar:?]
	at com.st.microxplorer.plugins.filemanager.FileManagerView.getSpecificTask(FileManagerView.java:246) ~[filemanager.jar:?]
	at com.st.stm32cube.common.mx.editor.CubeMxEditor.getMxTabbedPaneInstance(CubeMxEditor.java:1198) ~[com.st.stm32cube.common.mx_6.12.1.202409122256/:?]
	at com.st.stm32cube.common.mx.editor.CubeMxEditor$12$1.createSwingComponent(CubeMxEditor.java:1068) ~[com.st.stm32cube.common.mx_6.12.1.202409122256/:?]
	at com.st.stm32cube.common.mx.oss.core.awtswtbridge.EmbeddedSwingComposite.doComponentCreation(EmbeddedSwingComposite.java:492) ~[com.st.stm32cube.common.mx.oss_6.12.1.202409122256/:?]
	at com.st.stm32cube.common.mx.oss.core.awtswtbridge.EmbeddedSwingComposite$4.run(EmbeddedSwingComposite.java:291) ~[com.st.stm32cube.common.mx.oss_6.12.1.202409122256/:?]
	at com.st.stm32cube.common.mx.oss.core.awtswtbridge.AwtEnvironment$2.run(AwtEnvironment.java:166) ~[com.st.stm32cube.common.mx.oss_6.12.1.202409122256/:?]
	at java.awt.event.InvocationEvent.dispatch(InvocationEvent.java:318) ~[?:?]
	at java.awt.EventQueue.dispatchEventImpl(EventQueue.java:773) ~[?:?]
	at java.awt.EventQueue$4.run(EventQueue.java:720) ~[?:?]
	at java.awt.EventQueue$4.run(EventQueue.java:714) ~[?:?]
	at java.security.AccessController.doPrivileged(AccessController.java:399) ~[?:?]
	at java.security.ProtectionDomain$JavaSecurityAccessImpl.doIntersectionPrivilege(ProtectionDomain.java:86) ~[?:?]
	at java.awt.EventQueue.dispatchEvent(EventQueue.java:742) ~[?:?]
	at java.awt.EventDispatchThread.pumpOneEventForFilters(EventDispatchThread.java:203) ~[?:?]
	at java.awt.EventDispatchThread.pumpEventsForFilter(EventDispatchThread.java:124) ~[?:?]
	at java.awt.EventDispatchThread.pumpEventsForHierarchy(EventDispatchThread.java:113) ~[?:?]
	at java.awt.EventDispatchThread.pumpEvents(EventDispatchThread.java:109) ~[?:?]
	at java.awt.EventDispatchThread.pumpEvents(EventDispatchThread.java:101) ~[?:?]
	at java.awt.EventDispatchThread.run(EventDispatchThread.java:90) ~[?:?]
2024-10-06 17:17:53,500 [WARN] ThirdParty:871 - waiting for thirdparty lock release [close project]
2024-10-06 17:17:53,500 [INFO] ThirdParty:873 - entering critical section [close project]
2024-10-06 17:17:53,500 [INFO] ThirdParty:883 - exiting critical section [close project]
2024-10-06 17:17:53,503 [INFO] PinOutPanel:1561 - setPackage(No Configuration,No Configuration)
2024-10-06 17:17:53,512 [WARN] IpParametersView:151 - Warning: This peripheral hasn't parameters
2024-10-06 17:17:53,519 [WARN] MainPanel:284 - <html><b><center>Warning: This peripheral has no parameters to be configured<br></b></html>
2024-10-06 17:17:53,523 [INFO] UtilMem:75 - Begin LoadConfig() Used Memory: 405988944 Bytes (1042284544)
2024-10-06 17:17:53,524 [INFO] MicroXplorer:468 - Change Database Path : 
2024-10-06 17:17:53,525 [INFO] MicroXplorer:498 - Change Database Version : DB.6.0.121
2024-10-06 17:17:53,525 [INFO] OpenFileManager:332 - Change cursor
2024-10-06 17:17:53,535 [INFO] Mcu:2032 - Initializing MCU STM32F405RGTx STM32F405RGTx STM32F405RGT6
2024-10-06 17:17:55,183 [INFO] Context:742 - Trying to add GPIOservice into a context  which must be forbidden
2024-10-06 17:17:55,383 [INFO] RtosManager:555 - Registered RTOS mode: class=CMSIS, group=RTOS, mode=CMSIS_V1, owner=FREERTOS
2024-10-06 17:17:55,383 [INFO] RtosManager:555 - Registered RTOS mode: class=CMSIS, group=RTOS2, mode=CMSIS_V2, owner=FREERTOS
2024-10-06 17:17:55,383 [INFO] RtosManager:555 - Registered RTOS mode: class=RTOS, group=Core, mode=CMSIS_V1, owner=FREERTOS
2024-10-06 17:17:55,383 [INFO] RtosManager:555 - Registered RTOS mode: class=RTOS, group=Core, mode=CMSIS_V2, owner=FREERTOS
2024-10-06 17:17:55,383 [WARN] ModelIntegratedComponent:184 - Missing modes for component STMicroelectronics:FreeRTOS:0.0.1:STMicroelectronics:RTOS:FreeRTOS:Core:::10.2.0:
2024-10-06 17:17:55,386 [WARN] ModelIntegratedComponent:63 - No mode defined for component null
2024-10-06 17:17:55,386 [WARN] ModelIntegratedComponent:63 - No mode defined for component null
2024-10-06 17:17:55,386 [WARN] ModelIntegratedComponent:63 - No mode defined for component null
2024-10-06 17:17:55,386 [WARN] ModelIntegratedComponent:63 - No mode defined for component null
2024-10-06 17:17:55,386 [WARN] ModelIntegratedComponent:63 - No mode defined for component null
2024-10-06 17:17:55,386 [WARN] ModelIntegratedComponent:63 - No mode defined for component null
2024-10-06 17:17:55,386 [WARN] ModelIntegratedComponent:63 - No mode defined for component null
2024-10-06 17:17:55,386 [WARN] ModelIntegratedComponent:63 - No mode defined for component null
2024-10-06 17:17:55,386 [WARN] ModelIntegratedComponent:63 - No mode defined for component null
2024-10-06 17:17:55,386 [WARN] ModelIntegratedComponent:63 - No mode defined for component null
2024-10-06 17:17:55,386 [WARN] ModelIntegratedComponent:63 - No mode defined for component null
2024-10-06 17:17:55,386 [WARN] ModelIntegratedComponent:63 - No mode defined for component null
2024-10-06 17:17:55,386 [WARN] ModelIntegratedComponent:63 - No mode defined for component null
2024-10-06 17:17:55,386 [WARN] ModelIntegratedComponent:63 - No mode defined for component null
2024-10-06 17:17:55,386 [WARN] ModelIntegratedComponent:63 - No mode defined for component null
2024-10-06 17:17:55,386 [WARN] ModelIntegratedComponent:63 - No mode defined for component null
2024-10-06 17:17:55,386 [WARN] ModelIntegratedComponent:63 - No mode defined for component null
2024-10-06 17:17:55,386 [WARN] ModelIntegratedComponent:63 - No mode defined for component null
2024-10-06 17:17:55,386 [WARN] ModelIntegratedComponent:63 - No mode defined for component null
2024-10-06 17:17:55,386 [WARN] ModelIntegratedComponent:63 - No mode defined for component null
2024-10-06 17:17:55,386 [WARN] ModelIntegratedComponent:63 - No mode defined for component null
2024-10-06 17:17:55,386 [WARN] ModelIntegratedComponent:63 - No mode defined for component null
2024-10-06 17:17:55,386 [WARN] ModelIntegratedComponent:63 - No mode defined for component null
2024-10-06 17:17:55,386 [WARN] ModelIntegratedComponent:63 - No mode defined for component null
2024-10-06 17:17:55,386 [WARN] ModelIntegratedComponent:63 - No mode defined for component null
2024-10-06 17:17:55,386 [WARN] ModelIntegratedComponent:63 - No mode defined for component null
2024-10-06 17:17:55,386 [WARN] ModelIntegratedComponent:63 - No mode defined for component null
2024-10-06 17:17:55,386 [WARN] ModelIntegratedComponent:63 - No mode defined for component null
2024-10-06 17:17:55,386 [WARN] ModelIntegratedComponent:63 - No mode defined for component null
2024-10-06 17:17:55,386 [WARN] ModelIntegratedComponent:63 - No mode defined for component null
2024-10-06 17:17:55,386 [WARN] ModelIntegratedComponent:63 - No mode defined for component null
2024-10-06 17:17:55,386 [WARN] ModelIntegratedComponent:63 - No mode defined for component null
2024-10-06 17:17:55,386 [WARN] ModelIntegratedComponent:63 - No mode defined for component null
2024-10-06 17:17:55,386 [WARN] ModelIntegratedComponent:63 - No mode defined for component null
2024-10-06 17:17:55,386 [WARN] ModelIntegratedComponent:63 - No mode defined for component null
2024-10-06 17:17:55,386 [WARN] ModelPack:524 - Component already loaded: STMicroelectronics:HAL Drivers:0.0.0:STMicroelectronics:Device:STMicro_Driver:XSPI:HAL::0.0.1:HAL_XSPI
2024-10-06 17:17:55,394 [INFO] ThirdPartyModel:298 - Start build external matchings
2024-10-06 17:17:55,703 [INFO] ThirdPartyModel:316 - End build external matchings
2024-10-06 17:17:55,707 [INFO] RtosManager:919 - Current active RTOS is FREERTOS [Cortex-M4NS]
2024-10-06 17:17:55,709 [WARN] IP:2191 - I2C_Coeff_DF not found: check if there is a RefParameter without a condition.
2024-10-06 17:17:55,709 [WARN] IP:2191 - Analog_Filter not found: check if there is a RefParameter without a condition.
2024-10-06 17:17:55,836 [INFO] UtilMem:75 - End LoadConfig() Used Memory: 734437728 Bytes (1042284544)
2024-10-06 17:17:55,855 [WARN] ThirdParty:833 - waiting for thirdparty lock release [change project]
2024-10-06 17:17:55,855 [INFO] ThirdParty:835 - entering critical section [change project]
2024-10-06 17:17:55,855 [INFO] ThirdParty:1030 - CMSIS Pack Vendor :STMicroelectronics USBPD 4.1
2024-10-06 17:17:55,855 [INFO] ThirdParty:1030 - CMSIS Pack Vendor :STMicroelectronics X-CUBE-AZRTOS-H7 3.3.0
2024-10-06 17:17:55,856 [INFO] ThirdParty:1030 - CMSIS Pack Vendor :STMicroelectronics X-CUBE-NFC9 1.0.0
2024-10-06 17:17:55,856 [INFO] ThirdParty:1030 - CMSIS Pack Vendor :STMicroelectronics USB_HOST 2.0.0
2024-10-06 17:17:55,856 [INFO] ThirdParty:1030 - CMSIS Pack Vendor :STMicroelectronics FP-SNS-MOTENVWB1 1.4.0
2024-10-06 17:17:55,856 [INFO] ThirdParty:1030 - CMSIS Pack Vendor :STMicroelectronics X-CUBE-AZRTOS-F4 1.1.0
2024-10-06 17:17:55,856 [INFO] ThirdParty:1030 - CMSIS Pack Vendor :STMicroelectronics LIBJPEG 8.0.0
2024-10-06 17:17:55,856 [INFO] ThirdParty:1030 - CMSIS Pack Vendor :STMicroelectronics X-CUBE-SMBUS 2.1.0
2024-10-06 17:17:55,856 [INFO] ThirdParty:1030 - CMSIS Pack Vendor :STMicroelectronics X-CUBE-WB05N 1.1.0
2024-10-06 17:17:55,856 [INFO] ThirdParty:1030 - CMSIS Pack Vendor :STMicroelectronics USB_DEVICE 3.0.0
2024-10-06 17:17:55,856 [INFO] ThirdParty:1030 - CMSIS Pack Vendor :STMicroelectronics X-CUBE-TCPP 4.1.0
2024-10-06 17:17:55,856 [INFO] ThirdParty:1030 - CMSIS Pack Vendor :STMicroelectronics X-CUBE-ISPU 2.1.0
2024-10-06 17:17:55,856 [INFO] ThirdParty:1030 - CMSIS Pack Vendor :STMicroelectronics X-CUBE-FREERTOS 1.2.0
2024-10-06 17:17:55,856 [INFO] ThirdParty:1030 - CMSIS Pack Vendor :STMicroelectronics X-CUBE-IPS 3.0.0
2024-10-06 17:17:55,856 [INFO] ThirdParty:1030 - CMSIS Pack Vendor :STMicroelectronics X-CUBE-AZRTOS-WB 2.0.0
2024-10-06 17:17:55,856 [INFO] ThirdParty:1030 - CMSIS Pack Vendor :STMicroelectronics X-CUBE-GNSS1 7.0.0
2024-10-06 17:17:55,856 [INFO] ThirdParty:1030 - CMSIS Pack Vendor :STMicroelectronics X-CUBE-AZRTOS-F7 1.1.0
2024-10-06 17:17:55,856 [INFO] ThirdParty:1030 - CMSIS Pack Vendor :STMicroelectronics X-CUBE-AZRTOS-L5 2.0.0
2024-10-06 17:17:55,856 [INFO] ThirdParty:1030 - CMSIS Pack Vendor :STMicroelectronics USB_DEVICE 2.0.0
2024-10-06 17:17:55,856 [INFO] ThirdParty:1030 - CMSIS Pack Vendor :STMicroelectronics X-CUBE-NFC6 3.1.0
2024-10-06 17:17:55,856 [INFO] ThirdParty:1030 - CMSIS Pack Vendor :STMicroelectronics FP-SNS-STBOX1 2.0.0
2024-10-06 17:17:55,856 [INFO] ThirdParty:1030 - CMSIS Pack Vendor :STMicroelectronics X-CUBE-MEMS1 11.0.0
2024-10-06 17:17:55,856 [INFO] ThirdParty:1030 - CMSIS Pack Vendor :STMicroelectronics FreeRTOS 0.0.1
2024-10-06 17:17:55,856 [INFO] ThirdParty:1030 - CMSIS Pack Vendor :STMicroelectronics X-CUBE-AZRTOS-G0 1.1.0
2024-10-06 17:17:55,856 [INFO] ThirdParty:1030 - CMSIS Pack Vendor :STMicroelectronics X-CUBE-SAFEA1 1.2.2
2024-10-06 17:17:55,856 [INFO] ThirdParty:1030 - CMSIS Pack Vendor :STMicroelectronics X-CUBE-NFC4 3.0.0
2024-10-06 17:17:55,856 [INFO] ThirdParty:1030 - CMSIS Pack Vendor :STMicroelectronics X-CUBE-DPower 1.2.0
2024-10-06 17:17:55,856 [INFO] ThirdParty:1030 - CMSIS Pack Vendor :STMicroelectronics X-CUBE-SUBG2 5.0.0
2024-10-06 17:17:55,856 [INFO] ThirdParty:1030 - CMSIS Pack Vendor :STMicroelectronics STM32_WPAN 1.0.0
2024-10-06 17:17:55,856 [INFO] ThirdParty:1030 - CMSIS Pack Vendor :EmbeddedOffice I-CUBE-FS-RTOS 1.0.1
2024-10-06 17:17:55,856 [INFO] ThirdParty:1030 - CMSIS Pack Vendor :STMicroelectronics lwIP 2.0.3
2024-10-06 17:17:55,856 [INFO] ThirdParty:1030 - CMSIS Pack Vendor :STMicroelectronics FP-SNS-FLIGHT1 5.0.2
2024-10-06 17:17:55,856 [INFO] ThirdParty:1030 - CMSIS Pack Vendor :Cesanta I-CUBE-Mongoose 7.13.0
2024-10-06 17:17:55,856 [INFO] ThirdParty:1030 - CMSIS Pack Vendor :STMicroelectronics USB_HOST 1.0.0
2024-10-06 17:17:55,856 [INFO] ThirdParty:1030 - CMSIS Pack Vendor :STMicroelectronics X-CUBE-AI 9.0.0
2024-10-06 17:17:55,856 [INFO] ThirdParty:1030 - CMSIS Pack Vendor :STMicroelectronics X-CUBE-AZRTOS-G4 2.0.0
2024-10-06 17:17:55,856 [INFO] ThirdParty:1030 - CMSIS Pack Vendor :STMicroelectronics PDM2PCM 3.1.0
2024-10-06 17:17:55,856 [INFO] ThirdParty:1030 - CMSIS Pack Vendor :STMicroelectronics PDM2PCM 3.3.0
2024-10-06 17:17:55,856 [INFO] ThirdParty:1030 - CMSIS Pack Vendor :STMicroelectronics X-CUBE-DISPLAY 3.0.0
2024-10-06 17:17:55,856 [INFO] ThirdParty:1030 - CMSIS Pack Vendor :RealThread X-CUBE-RT-Thread_Nano 4.1.1
2024-10-06 17:17:55,856 [INFO] ThirdParty:1030 - CMSIS Pack Vendor :STMicroelectronics X-CUBE-BLE1 7.0.0
2024-10-06 17:17:55,856 [INFO] ThirdParty:1030 - CMSIS Pack Vendor :STMicroelectronics FP-ATR-SIGFOX1 3.2.0
2024-10-06 17:17:55,856 [INFO] ThirdParty:1030 - CMSIS Pack Vendor :STMicroelectronics X-CUBE-NFC10 1.0.0
2024-10-06 17:17:55,856 [INFO] ThirdParty:1030 - CMSIS Pack Vendor :wolfSSL I-CUBE-wolfSSL 5.7.2
2024-10-06 17:17:55,856 [INFO] ThirdParty:1030 - CMSIS Pack Vendor :STMicroelectronics X-CUBE-EEPRMA1 5.1.0
2024-10-06 17:17:55,856 [INFO] ThirdParty:1030 - CMSIS Pack Vendor :STMicroelectronics HAL Drivers 0.0.0
2024-10-06 17:17:55,856 [INFO] ThirdParty:1030 - CMSIS Pack Vendor :STMicroelectronics MBEDTLS 2.16.2
2024-10-06 17:17:55,856 [INFO] ThirdParty:1030 - CMSIS Pack Vendor :STMicroelectronics X-CUBE-ALS 1.0.2
2024-10-06 17:17:55,856 [INFO] ThirdParty:1030 - CMSIS Pack Vendor :emotas I-CUBE-CANOPEN 1.3.0
2024-10-06 17:17:55,856 [INFO] ThirdParty:1030 - CMSIS Pack Vendor :STMicroelectronics X-CUBE-NFC7 1.0.1
2024-10-06 17:17:55,856 [INFO] ThirdParty:1030 - CMSIS Pack Vendor :STMicroelectronics MBEDTLS 2.14.1
2024-10-06 17:17:55,856 [INFO] ThirdParty:1030 - CMSIS Pack Vendor :ITTIA_DB I-CUBE-ITTIADB 8.9.0
2024-10-06 17:17:55,856 [INFO] ThirdParty:1030 - CMSIS Pack Vendor :STMicroelectronics X-CUBE-TOUCHGFX 4.24.1
2024-10-06 17:17:55,856 [INFO] ThirdParty:1030 - CMSIS Pack Vendor :wolfSSL I-CUBE-wolfTPM 3.4.0
2024-10-06 17:17:55,857 [INFO] ThirdParty:1030 - CMSIS Pack Vendor :portGmbH I-Cube-SoM-uGOAL 1.1.0
2024-10-06 17:17:55,857 [INFO] ThirdParty:1030 - CMSIS Pack Vendor :STMicroelectronics X-CUBE-BLEMGR 3.1.0
2024-10-06 17:17:55,857 [INFO] ThirdParty:1030 - CMSIS Pack Vendor :STMicroelectronics ThreadX 1.0.0
2024-10-06 17:17:55,857 [INFO] ThirdParty:1030 - CMSIS Pack Vendor :STMicroelectronics FP-SNS-SMARTAG2 1.2.0
2024-10-06 17:17:55,857 [INFO] ThirdParty:1030 - CMSIS Pack Vendor :STMicroelectronics X-CUBE-AZRTOS-WL 2.0.0
2024-10-06 17:17:55,857 [INFO] ThirdParty:1030 - CMSIS Pack Vendor :SEGGER I-CUBE-embOS 1.3.1
2024-10-06 17:17:55,857 [INFO] ThirdParty:1030 - CMSIS Pack Vendor :STMicroelectronics X-CUBE-ALGOBUILD 1.4.0
2024-10-06 17:17:55,857 [INFO] ThirdParty:1030 - CMSIS Pack Vendor :STMicroelectronics FP-SNS-MOTENV1 5.0.0
2024-10-06 17:17:55,857 [INFO] ThirdParty:1030 - CMSIS Pack Vendor :STMicroelectronics USB_DEVICE 1.0.0
2024-10-06 17:17:55,857 [INFO] ThirdParty:1030 - CMSIS Pack Vendor :STMicroelectronics X-CUBE-AZRTOS-H7RS 1.0.0
2024-10-06 17:17:55,857 [INFO] ThirdParty:1030 - CMSIS Pack Vendor :wolfSSL I-CUBE-wolfMQTT 1.19.0
2024-10-06 17:17:55,857 [INFO] ThirdParty:1030 - CMSIS Pack Vendor :STMicroelectronics X-CUBE-AZRTOS-L4 2.0.0
2024-10-06 17:17:55,857 [INFO] ThirdParty:1030 - CMSIS Pack Vendor :STMicroelectronics ThreadX 0.0.2
2024-10-06 17:17:55,857 [INFO] ThirdParty:1030 - CMSIS Pack Vendor :WES I-CUBE-Cesium 1.3.0
2024-10-06 17:17:55,857 [INFO] ThirdParty:1030 - CMSIS Pack Vendor :STMicroelectronics FP-ATR-ASTRA1 2.0.0
2024-10-06 17:17:55,857 [INFO] ThirdParty:1030 - CMSIS Pack Vendor :STMicroelectronics lwIP 2.1.2
2024-10-06 17:17:55,857 [INFO] ThirdParty:1030 - CMSIS Pack Vendor :STMicroelectronics X-CUBE-SFXS2LP1 4.0.0
2024-10-06 17:17:55,857 [INFO] ThirdParty:1030 - CMSIS Pack Vendor :STMicroelectronics X-CUBE-BLE2 3.3.0
2024-10-06 17:17:55,857 [INFO] ThirdParty:1030 - CMSIS Pack Vendor :STMicroelectronics X-CUBE-TOF1 3.4.2
2024-10-06 17:17:55,857 [INFO] ThirdParty:1030 - CMSIS Pack Vendor :STMicroelectronics X-CUBE-AI 9.1.0
2024-10-06 17:17:55,857 [INFO] ThirdParty:1030 - CMSIS Pack Vendor :Infineon AIROC-Wi-Fi-Bluetooth-STM32 1.6.1
2024-10-06 17:17:55,857 [INFO] ThirdParty:1030 - CMSIS Pack Vendor :STMicroelectronics PDM2PCM 3.2.0
2024-10-06 17:17:55,857 [INFO] ThirdParty:1030 - CMSIS Pack Vendor :wolfSSL I-CUBE-wolfSSH 1.4.17
2024-10-06 17:17:55,857 [INFO] ThirdParty:841 - exiting critical section [change project]
2024-10-06 17:17:56,016 [INFO] PinOutPanel:1561 - setPackage(No Configuration,No Configuration)
2024-10-06 17:17:56,016 [INFO] PinOutPanel:1561 - setPackage(STM32F405RGTx,LQFP64)
2024-10-06 17:17:56,181 [INFO] UtilMem:75 - Before build in PCC Used Memory: 418804760 Bytes (1042284544)
2024-10-06 17:17:56,280 [INFO] UtilMem:75 - After build in PCC Used Memory: 457570840 Bytes (1042284544)
2024-10-06 17:17:56,301 [INFO] ApiDbMcu:508 - Load IP Config File for FREERTOS
2024-10-06 17:17:56,314 [INFO] IPUIPlugin:80 - create IPUIPlugin
2024-10-06 17:17:56,315 [INFO] IPUIPlugin:80 - create IPUIPlugin
2024-10-06 17:17:56,315 [INFO] IPUIPlugin:80 - create IPUIPlugin
2024-10-06 17:17:56,315 [INFO] IPUIPlugin:80 - create IPUIPlugin
2024-10-06 17:17:56,315 [INFO] IPUIPlugin:80 - create IPUIPlugin
2024-10-06 17:17:56,315 [INFO] IPUIPlugin:80 - create IPUIPlugin
2024-10-06 17:17:56,315 [INFO] IPUIPlugin:80 - create IPUIPlugin
2024-10-06 17:17:56,315 [INFO] IPUIPlugin:80 - create IPUIPlugin
2024-10-06 17:17:56,315 [INFO] IPUIPlugin:80 - create IPUIPlugin
2024-10-06 17:17:56,315 [INFO] IPUIPlugin:80 - create IPUIPlugin
2024-10-06 17:17:56,315 [INFO] IPUIPlugin:80 - create IPUIPlugin
2024-10-06 17:17:56,315 [INFO] IPUIPlugin:80 - create IPUIPlugin
2024-10-06 17:17:56,315 [INFO] IPUIPlugin:80 - create IPUIPlugin
2024-10-06 17:17:56,315 [INFO] IPUIPlugin:80 - create IPUIPlugin
2024-10-06 17:17:56,315 [INFO] IPUIPlugin:80 - create IPUIPlugin
2024-10-06 17:17:56,316 [INFO] IPUIPlugin:80 - create IPUIPlugin
2024-10-06 17:17:56,316 [INFO] IPUIPlugin:80 - create IPUIPlugin
2024-10-06 17:17:56,316 [INFO] IPUIPlugin:80 - create IPUIPlugin
2024-10-06 17:17:56,316 [INFO] IPUIPlugin:80 - create IPUIPlugin
2024-10-06 17:17:56,316 [INFO] IPUIPlugin:80 - create IPUIPlugin
2024-10-06 17:17:56,316 [INFO] IPUIPlugin:80 - create IPUIPlugin
2024-10-06 17:17:56,316 [INFO] IPUIPlugin:80 - create IPUIPlugin
2024-10-06 17:17:56,316 [INFO] IPUIPlugin:80 - create IPUIPlugin
2024-10-06 17:17:56,316 [INFO] IPUIPlugin:80 - create IPUIPlugin
2024-10-06 17:17:56,316 [INFO] IPUIPlugin:80 - create IPUIPlugin
2024-10-06 17:17:56,317 [INFO] IPUIPlugin:80 - create IPUIPlugin
2024-10-06 17:17:56,317 [INFO] IPUIPlugin:80 - create IPUIPlugin
2024-10-06 17:17:56,317 [INFO] IPUIPlugin:80 - create IPUIPlugin
2024-10-06 17:17:56,317 [INFO] IPUIPlugin:80 - create IPUIPlugin
2024-10-06 17:17:56,317 [INFO] IPUIPlugin:80 - create IPUIPlugin
2024-10-06 17:17:56,317 [INFO] IPUIPlugin:80 - create IPUIPlugin
2024-10-06 17:17:56,317 [INFO] IPUIPlugin:80 - create IPUIPlugin
2024-10-06 17:17:56,317 [INFO] IPUIPlugin:80 - create IPUIPlugin
2024-10-06 17:17:56,317 [INFO] IPUIPlugin:80 - create IPUIPlugin
2024-10-06 17:17:56,317 [INFO] IPUIPlugin:80 - create IPUIPlugin
2024-10-06 17:17:56,318 [INFO] IPUIPlugin:80 - create IPUIPlugin
2024-10-06 17:17:56,318 [INFO] IPUIPlugin:80 - create IPUIPlugin
2024-10-06 17:17:56,318 [INFO] IPUIPlugin:80 - create IPUIPlugin
2024-10-06 17:17:56,318 [INFO] IPUIPlugin:80 - create IPUIPlugin
2024-10-06 17:17:56,318 [INFO] IPUIPlugin:80 - create IPUIPlugin
2024-10-06 17:17:56,318 [INFO] IPUIPlugin:80 - create IPUIPlugin
2024-10-06 17:17:56,318 [INFO] IPUIPlugin:80 - create IPUIPlugin
2024-10-06 17:17:56,318 [INFO] IPUIPlugin:80 - create IPUIPlugin
2024-10-06 17:17:56,319 [INFO] IPUIPlugin:80 - create IPUIPlugin
2024-10-06 17:17:56,319 [INFO] IPUIPlugin:80 - create IPUIPlugin
2024-10-06 17:17:56,319 [INFO] IPUIPlugin:80 - create IPUIPlugin
2024-10-06 17:17:56,319 [INFO] IPUIPlugin:80 - create IPUIPlugin
2024-10-06 17:17:56,319 [INFO] IPUIPlugin:80 - create IPUIPlugin
2024-10-06 17:17:56,319 [INFO] IPUIPlugin:80 - create IPUIPlugin
2024-10-06 17:17:56,320 [INFO] IPUIPlugin:80 - create IPUIPlugin
2024-10-06 17:17:56,320 [INFO] IPUIPlugin:80 - create IPUIPlugin
2024-10-06 17:17:56,320 [INFO] IPUIPlugin:80 - create IPUIPlugin
2024-10-06 17:17:56,320 [INFO] IPUIPlugin:80 - create IPUIPlugin
2024-10-06 17:17:56,321 [INFO] IPUIPlugin:80 - create IPUIPlugin
2024-10-06 17:17:56,322 [INFO] ApiDbMcu:508 - Load IP Config File for PDM2PCM
2024-10-06 17:17:56,322 [WARN] IP:2191 - I2C_Coeff_DF not found: check if there is a RefParameter without a condition.
2024-10-06 17:17:56,322 [WARN] IP:2191 - Analog_Filter not found: check if there is a RefParameter without a condition.
2024-10-06 17:17:56,326 [WARN] FreeRTOS:1023 - Null or empty value: should not occur! (nothing added to the table)
2024-10-06 17:17:56,353 [INFO] CADModel:165 - CPN selected for project levelSTM32F405RGT6
2024-10-06 17:17:56,353 [INFO] CADModel:114 - Register for checkConnection events
2024-10-06 17:17:56,354 [INFO] RtosManager:697 - Active RTOS found at IOC load: FREERTOS [Cortex-M4NS]
2024-10-06 17:17:56,417 [INFO] OpenFileManager:363 - Restore cursor
2024-10-06 17:17:56,442 [WARN] IP:2191 - I2C_Coeff_DF not found: check if there is a RefParameter without a condition.
2024-10-06 17:17:56,442 [WARN] IP:2191 - Analog_Filter not found: check if there is a RefParameter without a condition.
2024-10-06 17:17:56,442 [WARN] IP:2191 - I2C_Coeff_DF not found: check if there is a RefParameter without a condition.
2024-10-06 17:17:56,442 [WARN] IP:2191 - Analog_Filter not found: check if there is a RefParameter without a condition.
2024-10-06 17:20:15,469 [INFO] I2sManager:658 - 9.6E7
2024-10-06 17:20:15,470 [INFO] I2sManager:195 - I2S Clock Value : 9.6E7
2024-10-06 17:20:15,470 [INFO] I2sManager:553 - AudioClock : 8000Divider : 187Odd : 1
2024-10-06 17:20:15,711 [INFO] I2sManager:658 - 9.6E7
2024-10-06 17:20:15,711 [INFO] I2sManager:195 - I2S Clock Value : 9.6E7
2024-10-06 17:20:15,712 [INFO] I2sManager:553 - AudioClock : 8000Divider : 187Odd : 1
